date,actual,split,pred_pure_sarima,pred_weather_only,pred_fourier_only,pred_full_model
2023-01-01,1975.0,val,1438.89015614441,2401.940537033477,1793.5164693474935,2712.605872055162
2023-01-02,2768.0,val,2010.3783139174693,2345.0450890317925,2531.55746903341,2826.4240578477147
2023-01-03,2179.0,val,2349.4775316168916,1635.792999827399,2967.4886283732903,2255.825189183777
2023-01-04,2730.0,val,2409.292014080791,2422.838086691121,3079.415157072921,3149.389029163736
2023-01-05,1982.0,val,2367.938099596167,1547.1741454363046,3063.636761579329,2338.0413169398153
2023-01-06,2488.0,val,1916.7490417463182,2350.884124435005,2636.5817180073,3191.8589323138776
2023-01-07,2774.0,val,1067.1758742355628,1801.620359715575,1814.0415877782925,2688.07597036734
2023-01-08,2033.0,val,1020.320389562258,522.7394201654567,1797.347805727556,1470.300053165681
2023-01-09,3471.0,val,1859.313099206408,1041.926284972853,2647.944332459292,2037.30236030856
2023-01-10,3682.0,val,2265.4889567612263,1413.0854468049627,3071.686007340307,2460.1894205533067
2023-01-11,3343.0,val,2368.2486365144246,1842.1140401221855,3187.8632862293794,2920.961762261658
2023-01-12,3987.0,val,2331.4426948807168,1796.2473125119413,3158.9152967619475,2886.4577685883546
2023-01-13,3138.0,val,1863.5570222170293,1596.4342170269729,2702.58775039215,2694.7436866893786
2023-01-14,2733.0,val,983.1469960134688,998.3145501157602,1841.9500756879415,2115.342895556763
2023-01-15,1466.0,val,963.5035307009621,692.0764383055811,1835.456565754066,1802.6739559966145
2023-01-16,3918.0,val,1817.1393526346942,1769.8198773480788,2694.1229619436644,2893.4541358031934
2023-01-17,4317.0,val,2230.2474955680195,1896.8397852052124,3124.0935654780933,3046.282742982703
2023-01-18,3955.0,val,2336.6342032456896,1272.660040933885,3245.484440559907,2434.5676701935363
2023-01-19,3077.0,val,2301.479404874441,1136.1241030015017,3221.0274336170883,2295.5968637731003
2023-01-20,2239.0,val,1834.2865926806599,0.0,2768.615678749153,948.9308072758074
2023-01-21,683.0,val,953.9045654027506,0.0,1911.4011279486467,0.0
2023-01-22,509.0,val,934.4659117052028,0.0,1908.4171489391715,304.0829802045331
2023-01-23,1900.0,val,1788.550878182038,232.42174660474572,2770.715210673041,1398.30225017201
2023-01-24,2642.0,val,2201.8762262949144,866.3242104694725,3203.980904288922,2054.924327146188
2023-01-25,2949.0,val,2308.317615595236,823.5765454227533,3328.3975504488417,2022.4541440021114
2023-01-26,3058.0,val,2273.146766947067,487.8404464730879,3306.785268400259,1682.2224170482768
2023-01-27,1914.0,val,1805.7463136049869,49.784262248395066,2856.946557528051,1240.477224716184
2023-01-28,1252.0,val,924.9789876442655,0.0,2002.0625933419165,564.1659125304498
2023-01-29,1138.0,val,905.5177776998019,0.0,2001.6711518032535,515.1867275084487
2023-01-30,2735.0,val,1759.949904670002,961.7567252957576,2866.846328972821,2156.1770898705013
2023-01-31,3293.0,val,2173.434990164342,1553.2650352002547,3302.7906885291177,2769.0291476282378
2023-02-01,3065.0,val,2279.905902661047,1310.580670605088,3429.7511632466094,2534.86355713226
2023-02-02,2405.0,val,2244.704391744485,773.1012579163461,3410.6271891803926,1991.2975772262016
2023-02-03,2383.0,val,1777.090027302817,590.7428396764574,2963.128107464525,1803.5689008871689
2023-02-04,1740.0,val,895.9335214114384,17.38122652913819,2110.4591822726666,1238.534388022666
2023-02-05,1695.0,val,876.4482356937636,159.52177073167547,2112.6594117033305,1366.409318579999
2023-02-06,3048.0,val,1731.2267201934726,786.1792239225458,2980.820662224345,1998.8705046611044
2023-02-07,3357.0,val,2144.8712443969434,2368.7995784110008,3419.657595486773,3601.4678027494956
2023-02-08,3066.0,val,2251.371448669715,2193.376250197493,3549.4751315261938,3433.468928244294
2023-02-09,3169.0,val,2216.139174360278,2632.9079815004834,3533.246082607605,3865.1523145027413
2023-02-10,2869.0,val,1748.3107451702363,2212.8407198394234,3088.579921679674,3438.527072806142
2023-02-11,1982.0,val,866.7648734257541,427.9006458914257,2238.6988992647066,1660.0852558828756
2023-02-12,2307.0,val,847.2554853688781,1018.1554905936212,2244.135774310944,2234.794049188313
2023-02-13,3191.0,val,1702.3804693204556,474.68874482860986,3115.992121893466,1696.1842473843371
2023-02-14,3821.0,val,2116.1844955374886,2341.6751107855457,3558.4860266287724,3582.3695480801043
2023-02-15,3799.0,val,2222.7140028837857,2800.0763457493304,3691.9715963749763,4047.243592204394
2023-02-16,4195.0,val,2187.4509510107255,3509.381540533931,3679.485925170795,4748.251710339322
2023-02-17,3151.0,val,1719.4083660829551,1845.5586163904482,3238.529221986651,3077.2176118368634
2023-02-18,2470.0,val,837.4729631315168,1394.4558741416354,2392.331188320394,2633.046749742304
2023-02-19,1735.0,val,817.9394624669204,766.0727128703023,2401.908869747562,1989.2387772937084
2023-02-20,3803.0,val,1673.411092670987,3202.692138279269,3278.3638211042535,4430.903204546392
2023-02-21,4854.0,val,2087.3746885050496,4073.3352792348423,3725.4076177852626,5321.113589571544
2023-02-22,4384.0,val,2193.9335113244388,3775.098572637061,3863.4338839971115,5030.101330722236
2023-02-23,3738.0,val,2158.6396688396726,1871.8813222009055,3855.5344381965824,3119.7815831512075
2023-02-24,2614.0,val,1690.3828373871547,689.708414343153,3419.0907661974043,1932.0309048205438
2023-02-25,1588.0,val,808.057738105833,0.0,2577.3308281850755,999.9443792040204
2023-02-26,994.0,val,788.500114610453,0.0,2591.7472250878,750.395783138254
2023-02-27,2541.0,val,1644.3185380109755,274.43721160912463,3473.432903305299,1518.5022849824604
2023-02-28,3168.0,val,2058.4417711033975,1637.8775880701141,3925.584526910703,2903.5634694629102
2023-03-01,3705.0,val,2165.029921822804,2296.242315273954,4068.6274768090816,3571.448933584744
2023-03-02,7955.0,val,2129.7052756740077,3480.8655044630186,4065.7010206238183,4751.323744211337
2023-03-03,7255.0,val,1661.2341068773312,1395.2904511734807,3634.0611017489177,2662.6431518231243
2023-03-04,3493.0,val,778.5191460732103,1546.601311490625,2796.9277296601635,2825.3557454492675
2023-03-05,1781.0,val,758.9373895213499,0.0,2816.263638913475,878.7972522417085
2023-03-06,3744.0,val,1615.102753124489,586.7072213028639,3703.148197039978,1864.4772914052849
2023-03-07,4768.0,val,2029.3856911457542,3029.8075145583316,4160.258660849417,4332.812549089913
2023-03-08,3858.0,val,2136.0031821973175,1819.1028548869301,4308.048581576686,3134.7113656478095
2023-03-09,3971.0,val,2100.647719326771,2992.355540461267,4309.701818274373,4307.078312698901
2023-03-10,3257.0,val,1631.9621223280035,1838.8898017183433,3882.346590226187,3154.3196090219535
2023-03-11,2768.0,val,748.8571347381818,1103.1798046482431,3049.193579158322,2434.3136911460924
2023-03-12,1443.0,val,729.2512348998008,81.55397534542021,3072.6752323426344,1405.2835258168757
2023-03-13,5039.0,val,1585.7636857740445,3037.284919406511,3963.8575098355727,4374.89237885034
2023-03-14,3976.0,val,2000.2063964233191,1556.052161611464,4424.899019992397,2923.106003575912
2023-03-15,3764.0,val,2106.853240244451,2267.230486305016,4576.283237119311,3652.2353573537275
2023-03-16,4648.0,val,2071.4669475888986,3206.5165762103197,4581.241148136024,4594.814210705161
2023-03-17,5056.0,val,1602.566831491594,3467.4432522655325,4156.776486179804,4860.363622356759
2023-03-18,5881.0,val,719.0716517831145,2508.263976017822,3326.0946436147938,3920.1480909849474
2023-03-19,3078.0,val,699.4415984238365,544.0950736051691,3352.1027409827348,1953.411938204068
2023-03-20,4624.0,val,1556.3012837000153,1989.18720366019,4245.85881994386,3416.9674205904485
2023-03-21,5802.0,val,1970.9038347051633,3002.14601315334,4709.008823697654,4463.258661952246
2023-03-22,6921.0,val,2077.580043738548,4620.102387091128,4862.0730048225205,6102.76093624517
2023-03-23,5745.0,val,2042.1629082291959,2612.1992913840663,4868.336966463972,4101.6851977830975
2023-03-24,3012.0,val,1573.0481820983766,1504.449809659256,4444.687967215315,3002.9774961923167
2023-03-25,2908.0,val,689.162644868197,1383.8209964474117,3614.3347170050192,2905.65888619592
2023-03-26,1545.0,val,669.5084277493071,0.0,3640.668307824527,1308.8371371447959
2023-03-27,5369.0,val,1526.7154946206206,714.5599571269646,4534.748433847582,2259.535881066545
2023-03-28,4517.0,val,1941.4779537382155,2545.0280322451163,4997.718158968237,4126.808813077351
2023-03-29,4322.0,val,2048.183540431812,1803.2677595305327,5150.144870565783,3408.8290104717917
2023-03-30,3370.0,val,2012.7355489943272,2110.3929320465422,5155.379455789615,3725.9867687575706
2023-03-31,2894.0,val,1543.4061218564686,1712.7485062812461,4730.203548772336,3340.036906003759
2023-04-01,2077.0,val,659.1300616314322,659.1752688037053,3897.8402642232863,2311.9507122748364
2023-04-02,1763.0,val,639.4516705098754,150.39308493827423,3922.176070418419,1806.370915264617
2023-04-03,3393.0,val,1497.0062662319187,1107.4688169074536,4814.283604214288,2787.711413531516
2023-04-04,4082.0,val,1911.9287012472569,2635.0631340553045,5274.814156251121,4354.184286389855
2023-04-05,4064.0,val,2018.6636780543008,3386.433510162683,5424.393516898423,5131.638685999054
2023-04-06,3809.0,val,1983.1848176088074,3389.8785474627525,5426.449020565506,5146.183705123054
2023-04-07,2014.0,val,1513.6405984518208,1695.4873720434844,4997.667600832547,3463.965458802888
2023-04-08,1244.0,val,628.9738496886265,0.0,4161.297513334396,1598.8185924522459
2023-04-09,1928.0,val,609.2712743170057,1579.1792133013055,4181.731230444669,3377.938589030864
2023-04-10,3968.0,val,1467.1735462077959,3613.86630566594,5070.064419839627,5436.738092926582
2023-04-11,2837.0,val,1882.2560249349076,2039.3495359239616,5526.466081188706,3900.648143362522
2023-04-12,2841.0,val,1989.0204043139133,1630.5688962022523,5671.629636156759,3517.6843496702704
2023-04-13,3359.0,val,1953.5106617749914,1303.5848662377025,5669.067581217671,3202.0700047241826
2023-04-14,1990.0,val,1483.7515595482078,657.9430158432947,5235.380226023273,2568.3490493879135
2023-04-15,2035.0,val,598.6939566333804,0.0,4393.84846906223,1909.592085027702
2023-04-16,2214.0,val,578.9671867599545,66.16045638299352,4409.377807421945,2004.5721871679896
2023-04-17,4267.0,val,1437.2172821999566,1694.3781595296593,5293.09306329319,3655.6357927682966
2023-04-18,5062.0,val,1852.4598724816183,1755.7267943589384,5744.686123754011,3754.2410239468672
2023-04-19,3599.0,val,1959.2536668963814,1070.8318256027733,5884.922646475855,3093.7634080851094
2023-04-20,3841.0,val,1923.7130291730637,1301.8424404310226,5877.40408278828,3334.1644358898957
2023-04-21,6479.0,val,1453.7389527872176,3884.19643418817,5438.646997564778,5926.211956498606
2023-04-22,8216.0,val,568.2903300370783,3563.6988436816264,4591.966985699313,5628.80779586077
2023-04-23,3751.0,val,548.5393554057607,861.8509829891827,4602.7839163131075,2927.415210997931
2023-04-24,4649.0,val,1407.1374218379146,1860.414411646542,5482.25201866425,3947.068918224736
2023-04-25,3828.0,val,1822.540191545662,1708.7259573892475,5929.585205006059,3830.198586115719
2023-04-26,5097.0,val,1929.363413465262,2491.0550343108516,6065.619793205257,4634.429921348383
2023-04-27,6014.0,val,1893.791867461032,2871.720849931173,6054.04369201087,5021.578120311304
2023-04-28,2561.0,val,1423.6027257882456,691.9139261334788,5611.286231729957,2849.056327047095
2023-04-29,5561.0,val,537.7629174488819,2571.681421002513,4760.6933412171675,4749.444442448724
2023-04-30,6061.0,val,517.9877277992384,1839.4817680869555,4768.194177987379,4015.063700535088
2023-05-01,2261.0,val,1376.9339127289857,1046.1209439431016,5644.966217170411,3239.9013685841214
2023-05-02,4562.0,val,1792.4969297631249,1847.6533870833755,6089.738169857234,4073.555175532448
2023-05-03,6475.0,val,1899.349591661926,3611.596836217838,6223.409156392238,5856.770778788878
2023-05-04,8864.0,val,1863.7471242747158,4846.986614867824,6209.744877916386,7096.376085791966
2023-05-05,6576.0,val,1393.3428261484812,3232.9956217364206,5765.077918913444,5486.880216584759
2023-05-06,6360.0,val,507.1116663957173,2253.346589507699,4912.774335771129,4525.368790846047
2023-05-07,7760.0,val,487.31225146296407,3191.556708370468,4919.261854961503,5459.160963076808
2023-05-08,5200.0,val,1346.6067024582737,2557.1879896547443,5795.729638355486,4840.838847569003
2023-05-09,8178.0,val,1762.330034747894,4018.839007258237,6240.408838311573,6332.6881875516965
2023-05-10,3023.0,val,1869.2121491055493,1638.9039374621266,6374.248683283328,3969.9518625534292
2023-05-11,2137.0,val,1833.5787472277366,735.4060329577446,6361.07948608699,3069.074428184099
2023-05-12,4238.0,val,1362.9592014429008,1443.2386835115035,5917.123404433074,3779.8259862825935
2023-05-13,3643.0,val,476.33652438226784,772.6378765625425,5065.752615696578,3125.8072802361557
2023-05-14,3511.0,val,456.51287389727,1466.9608573710007,5073.879287269274,3814.205550672094
2023-05-15,4410.0,val,1316.1557385886654,2179.463987803696,5952.689711529969,4541.4665056713775
2023-05-16,3423.0,val,1732.0394540916514,1233.7573285403598,6399.902557184215,3625.106325583846
2023-05-17,5243.0,val,1838.9510333931037,3029.4861536663675,6536.502345276656,5437.468169811582
2023-05-18,4679.0,val,1803.2866839115104,2919.7781798277924,6526.369158789647,5329.399578875867
2023-05-19,8378.0,val,1332.4517992242581,2149.0276078096913,6085.599859348835,4561.197354917703
2023-05-20,6520.0,val,445.43743889096424,2581.763928741031,5237.558032783212,5009.872824013272
2023-05-21,7883.0,val,425.58954258023374,3756.862345605671,5249.625943445355,6179.021040706571
2023-05-22,8148.0,val,1285.5809686608193,5140.9225085808175,6132.972737318018,7578.252720823491
2023-05-23,6256.0,val,1701.625135363863,3609.093415068242,6584.790452091722,6075.772041734255
2023-05-24,6083.0,val,1808.5661920993475,2564.9133218118814,6726.0853624393685,5048.831732523134
2023-05-25,7464.0,val,1772.8708818952364,3484.2668833529506,6720.774253694353,5970.246961350556
2023-05-26,7495.0,val,1301.8205670230743,4455.172083715092,6284.8160887217755,6944.824190121728
2023-05-27,6875.0,val,414.4143573819748,3902.5224153000245,5441.553902340747,6409.617925500516
2023-05-28,7384.0,val,394.5422049676686,3943.999369289175,5458.828942547358,6446.243972203241
2023-05-29,7628.0,val,1254.8823401931559,5017.222804966238,6347.782628845939,7535.546464123012
2023-05-30,7291.0,val,1671.0870261117689,5086.132681291826,6805.070370009051,7635.2422340049625
2023-05-31,8366.0,val,1778.0575727768153,5530.860455959129,6951.711241852571,8098.462231955949
2023-06-01,8720.0,val,1742.3312887258883,5262.449583984222,6951.65066971138,7833.630707239072
2023-06-02,8022.0,val,1271.0654523476283,5192.261439366137,6520.702519388832,7768.584061905478
2023-06-03,7615.0,val,383.267227293196,3858.1401213604668,5682.183096491839,6453.413055347135
2023-06-04,7643.0,val,363.3708084931144,3749.6502344574465,5704.387653559118,6341.661255160505
2023-06-05,6342.0,val,1224.0598006818486,3665.4906647863827,6598.425764758513,6275.179086962595
2023-06-06,7382.0,val,1640.4250738603746,4215.818688929726,7060.41297276419,6858.076120701999
2023-06-07,8058.0,val,1747.4251229558097,5617.148171609454,7211.379233340193,8279.574484068014
2023-06-08,6341.0,val,1711.6678519282052,4487.332439501809,7215.297820710606,7155.017259096854
2023-06-09,6747.0,val,1240.1864026839476,4958.424613402592,6787.837784613974,7632.782462603081
2023-06-10,6748.0,val,351.9959960402431,3700.873684791374,5952.290177614864,6395.511933523108
2023-06-11,7143.0,val,332.0753005678276,4200.607232984718,5977.4070731404645,6893.499591757082
2023-06-12,9205.0,val,1193.1132976008146,5219.2566176627615,6874.269982618512,7931.375146108399
2023-06-13,10631.0,val,1609.639226112441,5538.566282501235,7338.459317271593,8284.429030389127
2023-06-14,10767.0,val,1716.6687901443909,5392.213459445476,7491.0219977976885,8158.9509612466945
2023-06-15,9917.0,val,1680.880519004682,4295.571231455183,7495.966360095439,7068.2321543611415
2023-06-16,8713.0,val,1209.1833654957995,4331.9118637268175,7068.824883654333,7111.7476118949235
2023-06-17,9014.0,val,320.6006110164409,4184.664571962057,6232.872733143212,6985.197553583943
2023-06-18,8607.0,val,300.6556285807726,4521.493755528242,6257.329395735591,7320.07343504822
2023-06-19,9538.0,val,1162.0427784017052,4588.306029035522,7153.259730244898,7405.698083794311
2023-06-20,10536.0,val,1578.7294303484762,5276.3093527334895,7615.721193731752,8126.928572245102
2023-06-21,10105.0,val,1685.7885218283677,5592.5439809935115,7765.790979468598,8463.741474378856
2023-06-22,9004.0,val,1649.9692374355584,5294.823460031559,7767.526665949748,8170.854297378025
2023-06-23,5834.0,val,1178.05628822468,3040.8557431225768,7336.339088340026,5922.9335148086275
2023-06-24,8763.0,val,289.0810195928134,3170.6846194292607,6495.503248333724,6071.894745073884
2023-06-25,8953.0,val,269.111739898611,4609.803570580903,6514.722648139633,7507.479303880382
2023-06-26,9534.0,val,1130.8481905138958,5248.1051181689145,7405.062531394227,8162.0808050916385
2023-06-27,9610.0,val,1547.6956340267238,3514.6549030224373,7861.074796420477,6459.677132269798
2023-06-28,9458.0,val,1654.7842654712879,4275.340075774139,8003.884999481006,7237.664074246604
2023-06-29,11105.0,val,1618.9339546788126,5506.336085539973,7997.618465422401,8470.397465248358
2023-06-30,4268.0,val,1146.8051182898068,1720.3066427158942,7557.58315133862,4686.368756391351
2023-07-01,6095.0,val,257.43716911807655,1970.2436110248193,6707.0729582731765,4951.23992688351
2023-07-02,5012.0,val,237.44358186569465,2185.9197182866837,6716.294820999316,5158.873636068078
2023-07-03,8749.0,val,1099.529481344478,3387.511781977232,7596.333684327228,6372.3787719510065
2023-07-04,9751.0,val,1516.5377845831565,4524.762742915858,8041.255011179976,7535.222558089753
2023-07-05,8095.0,val,1623.6559685144298,3715.789785508633,8172.25197705123,6738.180993048136
2023-07-06,10482.0,val,1587.7746181701496,4956.516551660945,8153.5367517911745,7974.999333193941
2023-07-07,10111.0,val,1115.4298030881077,5527.400016147336,7700.333198382981,8541.753726620107
2023-07-08,8862.0,val,225.669006918626,4045.111215602982,6835.9726164471995,7067.658470713663
2023-07-09,8867.0,val,205.6511018040531,4955.833811844685,6831.183645946943,7963.468575615619
2023-07-10,8869.0,val,1068.0865982782486,4733.051930887063,7697.088523913664,7745.5868748297235
2023-07-11,11136.0,val,1485.255829431464,5964.881273623991,8127.283099670223,8995.719457403218
2023-07-12,6995.0,val,1592.4035783767913,3538.185162574199,8243.044553341166,6573.382947469159
2023-07-13,8148.0,val,1556.4911753229924,3848.878306566471,8208.68756756512,6872.61581358158
2023-07-14,10072.0,val,1083.9302899942131,5074.87346101095,7739.3667161626,8086.683068236619
2023-07-15,8644.0,val,193.7764802985305,4961.030441708045,6858.464683858927,7972.728781677468
2023-07-16,7812.0,val,173.7342470133873,2057.629434621889,6837.245058961037,5046.37308985882
2023-07-17,8413.0,val,1036.5194886777015,4354.76422750555,7686.879434624492,7340.099348296304
2023-07-18,10129.0,val,1453.8497159630451,4903.436906791477,8100.504865094896,7898.556391632611
2023-07-19,11227.0,val,1561.0270424550818,5617.098417151313,8199.492465032425,8608.020989504232
2023-07-20,10550.0,val,1525.0835735284725,4391.67438829158,8148.268215722374,7362.24126943229
2023-07-21,6557.0,val,1052.306526360444,2348.852649516545,7661.924926251573,5298.60018692996
2023-07-22,8480.0,val,161.75953653951933,3623.163290174858,6763.903003658248,6564.839814648112
2023-07-23,8392.0,val,141.6929647710567,3589.2465632923527,6726.006241182629,6498.825950185536
2023-07-24,6286.0,val,1004.8280998830161,3062.6236199472924,7559.459361170144,5960.211155718351
2023-07-25,5292.0,val,1422.3193915469976,2256.1697333674947,7956.942880787416,5155.400703001207
2023-07-26,4935.0,val,1529.526308123711,2309.448574658061,8039.922984989698,5196.369078918655
2023-07-27,7742.0,val,1493.55176015542,3295.4194672028975,7972.936748791542,6153.484215548278
2023-07-28,6823.0,val,1020.5584595168048,2829.7565996354006,7471.013591609712,5659.02279187922
2023-07-29,3455.0,val,129.61812290097532,1666.0165778232063,6557.648710991133,4479.202206926753
2023-07-30,5617.0,val,109.52720233207253,2724.008185994603,6505.182012650349,5498.248977661886
2023-07-31,8058.0,val,973.0123792120502,3310.849735766974,7324.885731997669,6065.931314731239
2023-08-01,4131.0,val,1390.6648035301084,2730.09513452377,7708.976718124506,5479.85100851897
2023-08-02,6192.0,val,1497.9013227347814,3720.72920684099,7779.008013866263,6451.267247949132
2023-08-03,7562.0,val,1461.8956825503546,4261.120702904455,7699.618316022534,6957.29624448833
2023-08-04,4773.0,val,988.6860367709721,2297.238079426898,7185.762883664727,4958.950169901658
2023-08-05,2077.0,val,97.35218661992371,342.0984815625186,6260.979788386771,2982.6572974313835
2023-08-06,2015.0,val,77.23690692908662,267.8089790200231,6198.132171548397,2864.5693709482593
2023-08-07,3889.0,val,941.0722739603293,2224.5952241016885,7008.525619650136,4797.93368270114
2023-08-08,6904.0,val,1358.8858992368453,4178.453214996175,7383.897912809655,6742.784861596854
2023-08-09,3559.0,val,1466.1520336180777,2278.9794243708798,7445.872781845002,4820.80832054108
2023-08-10,7667.0,val,1430.1152880374768,4960.498856643426,7359.173463287796,7465.328025531993
2023-08-11,7553.0,val,956.6892054082875,5167.32218900195,6838.663056018626,7635.374943702239
2023-08-12,5883.0,val,64.96167491102437,3825.377950324814,5907.903773031391,6270.271263452169
2023-08-13,5818.0,val,44.82202577238355,3423.9126220138523,5840.262741620372,5823.944103385296
2023-08-14,6211.0,val,909.0077314010372,5152.495948074966,6647.058836068109,7528.88237129122
2023-08-15,4800.0,val,1326.9826259693464,4735.700270308446,7019.529963216373,7103.1295747569875
2023-08-16,7615.0,val,1434.278388081057,5783.552624976986,7079.349490912418,8129.945830607408
2023-08-17,6538.0,val,1398.2105239186565,4803.02357973976,6991.303776600834,7113.415341797063
2023-08-18,6881.0,val,924.5679126917453,5141.353027003285,6470.141986307415,7417.540045192247
2023-08-19,6704.0,val,32.44653496656019,4675.59513339122,5539.428550207494,6931.528503091712
2023-08-20,6882.0,val,12.282506049869077,4618.114473284248,5473.012736297201,6832.394254806733
2023-08-21,7247.0,val,876.8186987850066,5650.530051782815,6282.204655886422,7845.256004622119
2023-08-22,8274.0,val,1294.954931007411,6049.411068197382,6657.720168400982,8239.862580413128
2023-08-23,7842.0,val,1402.2803334088408,5466.587224335931,6721.260482550942,7640.953150220914
2023-08-24,7764.0,val,1366.1813374734256,5447.9862387728535,6637.653541351214,7592.150095663681
2023-08-25,4464.0,val,892.3221058619853,3032.773594764463,6121.513318856413,5149.033939863594
2023-08-26,3118.0,val,0.0,1476.8343877035566,5196.385680535515,3580.022152010113
2023-08-27,827.0,val,0.0,0.0,5136.581956951806,1887.8407673774777
2023-08-28,1404.0,val,844.50512334071,502.20877128944335,5953.3838306145635,2560.1762675946743
2023-08-29,1711.0,val,1262.8027616084905,799.703032132795,6336.965932657051,2862.0351009841056
2023-08-30,4213.0,val,1370.157816864204,2825.781400585873,6409.039106102392,4880.696870551083
2023-08-31,4852.0,val,1334.0276759589678,2216.164193266265,6334.455515338353,4250.308423339931
2023-09-01,3819.0,val,859.9517321372826,3648.8184101500538,5827.677418694777,5664.543652379843
2023-09-02,4307.0,val,0.0,3884.6272285035066,4912.216614926793,5897.418291867838
2023-09-03,3626.0,val,0.0,2753.430410587744,4862.832221361062,4742.458739941959
2023-09-04,6607.0,val,812.0669522742508,4609.314747396469,5690.764126116443,6597.786330989486
2023-09-05,7795.0,val,1230.5260650076793,5018.717211534421,6085.63332273016,7022.565013335712
2023-09-06,8042.0,val,1337.9107856875673,5246.847939172978,6169.149296432279,7254.740085109197
2023-09-07,8236.0,val,1301.749486610109,5090.17961730093,6106.178695471238,7088.891975538885
2023-09-08,7746.0,val,827.456738713538,4806.305839668786,5611.023545256263,6798.35151454153
2023-09-09,6958.0,val,0.0,4092.1184474775673,4707.1544283065205,6092.803835760696
2023-09-10,7145.0,val,0.0,4006.000003938778,4669.772635890344,5994.93680130073
2023-09-11,7880.0,val,779.5041327693511,5047.084593437804,5510.071832654423,7047.167099089538
2023-09-12,8566.0,val,1198.1247884177035,5273.637280697258,5917.116137265845,7301.054615262792
2023-09-13,3638.0,val,1305.5391870969852,2098.985005476481,6012.61205375641,4142.577527660209
2023-09-14,6405.0,val,1269.3467166393073,3386.7125794315157,5961.440502172111,5433.148048285593
2023-09-15,7300.0,val,794.8370727642682,3626.6080297528006,5477.744399474487,5678.307915450047
2023-09-16,6263.0,val,0.0,3677.2199038937733,4584.955679378808,5749.237276390052
2023-09-17,6451.0,val,0.0,3492.4638457342553,4558.721945294402,5563.8720409249345
2023-09-18,5075.0,val,746.816611987346,2533.946418532325,5410.195952870975,4627.846077919371
2023-09-19,6504.0,val,1165.5988790289134,4028.958555121596,5827.891403405987,6161.348540145486
2023-09-20,7530.0,val,1273.0429682881386,4938.221024362109,5933.519801418415,7097.313974474428
2023-09-21,7737.0,val,1236.819313236645,4622.700519863634,5891.98560139055,6794.38798901357
2023-09-22,2303.0,val,762.0926814405974,971.6171369619199,5417.28304058445,3158.5580564344536
2023-09-23,3171.0,val,0.0,663.8571599954391,4532.817066019603,2880.712994162112
2023-09-24,4740.0,val,0.0,2309.5335701161393,4514.694578325455,4535.150008998258
2023-09-25,6120.0,val,714.0043370671713,3785.717773011929,5374.0413004510765,6042.233797759153
2023-09-26,6847.0,val,1132.948284009273,4422.8241358108535,5798.835214764223,6725.433891795432
2023-09-27,6861.0,val,1240.4220764343245,4631.065824341015,5910.808693807959,6967.645409058152
2023-09-28,6886.0,val,1204.1672235698177,4752.505886493874,5874.906487062752,7108.66612427338
2023-09-29,6363.0,val,729.2235118712464,4372.186099662913,5404.991659794295,6749.5031234239505
2023-09-30,4738.0,val,0.0,1652.1301147484712,4524.4604653368015,4064.896760102628
2023-10-01,5234.0,val,0.0,3096.433362897187,4509.898242405128,5522.859064082818
2023-10-02,5816.0,val,681.0672551253549,4381.7844365923265,5372.423213077876,6843.346775501302
2023-10-03,5858.0,val,1100.1729505043506,4771.812655887373,5799.497471754765,7283.171957524502
2023-10-04,6396.0,val,1207.676458686446,3685.738486756807,5912.894715784528,6234.710659625868
2023-10-05,6002.0,val,1171.390394784125,3070.4190428141515,5877.620778089224,5641.310571712542
2023-10-06,5775.0,val,696.229511162524,3567.9046243326843,5407.42851061956,6161.645693230788
2023-10-07,4744.0,val,0.0,1995.0981686719651,4525.726627200479,4624.7987108224515
2023-10-08,4545.0,val,0.0,1140.6667333137473,4509.6003065619125,3783.9451499602237
2023-10-09,5636.0,val,648.0053132560078,2416.7189756276666,5370.181454869071,5094.686549764094
2023-10-10,6892.0,val,1067.2728256373098,4382.084981109316,5794.4371496897775,7109.059153565146
2023-10-11,7229.0,val,1174.8060621730046,4713.201574430162,5904.203295026023,7475.308843858629
2023-10-12,6857.0,val,1138.4887740024622,3707.9886731741612,5864.567405947921,6489.275322909995
2023-10-13,7362.0,val,663.1106263983174,4316.591577450107,5389.192278281621,7117.508471967178
2023-10-14,3189.0,val,0.0,869.7276538027932,4501.518833067842,3703.0323510740154
2023-10-15,2123.0,val,0.0,0.0,4479.151486014578,2772.1719041695815
2023-10-16,5078.0,val,614.8184585308132,2500.5517084475414,5333.254420688288,5373.610552834243
2023-10-17,5017.0,val,1034.247856508899,1245.2396005850094,5750.31740416495,4160.960051856598
2023-10-18,5154.0,val,1141.8108340000883,2130.546616631533,5852.255707154706,5074.969095050065
2023-10-19,5437.0,val,1105.4623083253086,2110.201241476078,5804.254865104086,5066.483339754714
2023-10-20,5074.0,val,629.8668046400826,2351.370795730416,5319.90299641005,5319.482218174219
2023-10-21,4392.0,val,0.0,1283.1590012584666,4422.687702488912,4275.78839863473
2023-10-22,5110.0,val,0.0,1715.202426588213,4390.746289408171,4708.627319999241
2023-10-23,5456.0,val,581.5066379990192,2065.598155222636,5235.287624683956,5079.611160588058
2023-10-24,4272.0,val,1001.0979901974436,995.8533419256061,5642.335270115445,4043.484144968632
2023-10-25,5627.0,val,1108.6907212513645,3147.9207560439027,5733.894038394756,6214.40663474969
2023-10-26,3713.0,val,1072.3109448307214,837.1977603388875,5675.256487173995,3905.892471173098
2023-10-27,3627.0,val,596.4979929268351,1427.0715330373237,5179.943781611743,4497.366201375848
2023-10-28,3931.0,val,0.0,1820.2699262558126,4271.496738902007,4904.044724873418
2023-10-29,4401.0,val,0.0,1818.0047559224083,4228.591023813428,4891.0259441019625
2023-10-30,4358.0,val,548.0697986874272,1291.40008327846,5062.484198750255,4374.11504700825
2023-10-31,3167.0,val,967.8231737588343,1266.2155852836313,5458.7361568946035,4371.211932141184
2023-11-01,3822.0,val,1075.4456709880678,3231.549764704864,5539.442725082506,6344.099966073896
2023-11-02,2796.0,val,1039.034630574322,530.40674994455,5470.003685903556,3633.6358878615238
2023-11-03,2344.0,val,563.0041382751394,0.0,4963.872119258471,3058.4560704320975
2023-11-04,2544.0,val,0.0,558.7480010795211,4044.639719213914,3653.9304578298506
2023-11-05,1734.0,val,0.0,549.1059268596066,3991.5171240971636,3621.940313461946
2023-11-06,4714.0,val,514.5078876003829,1891.3039088128394,4815.805807917556,4962.226188091196
2023-11-07,4603.0,val,934.423354226519,1375.5239459414997,5202.595835067266,4457.261694437896
2023-11-08,4961.0,val,1042.0756302489929,2125.9927767416602,5274.066956906094,5204.0660770576305
2023-11-09,4915.0,val,1005.6333125892892,2338.378661722189,5195.717993589928,5396.077763713266
2023-11-10,3639.0,val,529.3851876791009,750.7284286833304,4680.924625038647,3787.4830816118497
2023-11-11,2359.0,val,0.0,0.0,3753.3191426595436,2698.740953244413
2023-11-12,1840.0,val,0.0,0.0,3692.636108062498,1842.4749901689252
2023-11-13,2433.0,val,480.82085171976763,517.4173765409323,4510.208765737879,3500.7236795296303
2023-11-14,2656.0,val,900.8984786114931,841.01464513028,4890.644170950714,3825.634010883527
2023-11-15,3456.0,val,1008.580546050484,1064.248615398759,4956.192256334934,4036.160912375538
2023-11-16,4070.0,val,972.1069378863496,351.18386380195363,4872.436431950697,3294.0031248641444
2023-11-17,2365.0,val,495.64108811035516,77.62308390084308,4352.659820989874,2991.069420288711
2023-11-18,2287.0,val,0.0,0.0,3420.5196318760272,2061.2331810271835
2023-11-19,1987.0,val,0.0,516.89237783718,3356.258360510251,3373.463823653864
2023-11-20,4398.0,val,447.00863800498763,1237.908280261291,4171.224422530055,4075.8270456843657
2023-11-21,3588.0,val,867.24849390229,709.0466189756926,4549.524722310254,3541.8503858934364
2023-11-22,3547.0,val,974.9603653864251,725.6320493504261,4613.462179951268,3539.684140651915
2023-11-23,4259.0,val,938.4554534537667,1586.1019551206296,4528.687419500692,4365.750038910803
2023-11-24,1897.0,val,461.7717865180592,0.0,4008.3734537574815,2298.641833512832
2023-11-25,1130.0,val,0.0,0.0,3076.184868881204,1347.4015830990816
2023-11-26,1129.0,val,0.0,0.0,3012.85478921272,1618.058991255743
2023-11-27,3063.0,val,413.0711933929659,0.0,3829.7294288632984,2475.947085765639
2023-11-28,2081.0,val,833.473347064971,0.0,4210.398168800223,2556.9485716576733
2023-11-29,2667.0,val,941.2150352282314,996.2939235694081,4277.200031353186,3626.734564274341
2023-11-30,2062.0,val,904.6788062573332,0.0,4195.836320575611,1866.1834469740568
2023-12-01,1056.0,val,427.77722982888196,0.0,3679.3537521808807,1132.6642421502895
2023-12-02,168.0,val,0.0,0.0,2751.4086321679188,483.56637597717486
2023-12-03,160.0,val,0.0,0.0,2693.2097903385225,1767.6097510356863
2023-12-04,381.0,val,379.0084647981317,0.0,3516.086735606102,1540.4000321542478
2023-12-05,501.0,val,799.5729850431172,704.8347929283742,3903.0972907720293,3171.5765325789907
2023-12-06,858.0,val,907.3445025248392,427.21719535456316,3976.6034824040753,2874.9870506328116
2023-12-07,1255.0,val,870.7769432403604,1751.543914637789,3902.3449758403694,4165.789287328638
2023-12-08,1022.0,val,393.6573649469947,0.0,3393.230623020314,1629.2570088478424
2023-12-09,879.0,val,0.0,0.0,2472.897791703038,2216.587552061719
2023-12-10,1031.0,val,0.0,0.0,2423.0214472764183,2089.7189319446315
2023-12-11,2439.0,val,344.8203991124111,582.3709283925248,3254.905567975784,2888.6308773610763
2023-12-12,2327.0,val,765.5473547578182,208.95329658827836,3651.068357566241,2513.3477923676014
2023-12-13,2782.0,val,873.3487142026959,661.6522926969494,3733.8879880314853,2951.722459070516
2023-12-14,2612.0,val,836.749811323668,229.44366414259628,3669.1366400307643,2491.0006515754826
2023-12-15,2372.0,val,359.41213875406044,0.0,3169.580408863745,2162.442219786259
2023-12-16,1931.0,val,0.0,0.0,2258.833907683981,2080.3234734292546
2023-12-17,1902.0,val,0.0,769.560987381911,2219.0356434678088,2958.0682104984407
2023-12-18,3234.0,val,310.5069432052171,2116.374666276515,3061.462314006711,4293.696719419837
2023-12-19,3588.0,val,731.3964031076632,2569.6229327661017,3468.0915842919903,4751.297243110543
2023-12-20,2493.0,val,839.2276171657509,588.1902816795597,3561.3180851270495,2762.113678498482
2023-12-21,2075.0,val,802.5973574055758,242.54451264130972,3506.9478353771783,2394.3314660787714
2023-12-22,1132.0,val,325.04149810922564,0.0,3017.6064121474883,1647.6062968368085
2023-12-23,631.0,val,0.0,0.0,2116.8889177269944,1274.3230299173367
2023-12-24,297.0,val,0.0,0.0,2087.4017625097026,1445.9547541878744
2023-12-25,625.0,val,276.06804392344134,1860.963470625599,2940.3994330828627,3955.782738716417
2023-12-26,744.0,val,697.120076968732,1237.9297907140297,3357.324786599637,3344.061683373339
2023-12-27,1583.0,val,804.9811582954463,2230.499665506879,3460.5956781138116,4335.719482219296
2023-12-28,1810.0,val,768.3195283618937,1692.7013101057134,3416.059511583779,3782.4207104434454
2023-12-29,1898.0,val,290.5453898491103,809.1986055088922,2936.209552326967,2885.253131486507
2023-12-30,1755.0,val,0.0,936.8374678629436,2044.6303209259518,3013.9629994546513
2023-12-31,1074.0,val,0.0,0.0,2024.4058709609308,1437.6216389290944
2024-01-01,954.0,test,1788.2130447975067,2218.939290378149,2125.3967465014725,2248.0640346944874
2024-01-02,1374.0,test,2110.5401515100025,2195.977969541937,2625.060761928808,2302.261792853783
2024-01-03,1881.0,test,2213.677746553935,3008.3342953944266,2844.1515274273706,3085.400202332611
2024-01-04,1875.0,test,2215.619889105059,2571.5015532386715,2906.668058921295,2623.553630983054
2024-01-05,1804.0,test,1720.660832705029,1217.9135234498603,2448.4595569579865,1251.4286224230916
2024-01-06,730.0,test,910.5777527428631,0.0,1678.7595933187617,0.0
2024-01-07,388.0,test,824.3251051604385,0.0,1594.7020837884688,0.0
2024-01-08,1095.0,test,1706.537703480185,911.6433460073218,2510.2147682082777,813.6216759198887
2024-01-09,1045.0,test,2102.088670525632,1870.2584468272526,2930.1351532379754,1729.256002773726
2024-01-10,1028.0,test,2192.096501771568,2171.952177460452,3036.7016798095124,1982.3223588925275
2024-01-11,1058.0,test,2193.606944984991,1338.726843635172,3053.4042472548877,1096.873988734395
2024-01-12,1178.0,test,1670.3906503546307,2125.045215145176,2535.4251964237565,1836.9431877695954
2024-01-13,624.0,test,823.7893611299081,219.98671776683761,1711.6224067234534,0.0
2024-01-14,723.0,test,775.3848857310074,1788.286427496861,1671.8515164167811,1409.0628190375849
2024-01-15,1636.0,test,1667.0144914744214,1778.3641139035403,2574.60825589985,1358.6849670302445
2024-01-16,1496.0,test,2066.817362720823,2221.2857558838346,2989.2248228047474,1762.2551475338896
2024-01-17,1031.0,test,2159.1458252694692,2546.945746220492,3094.758122618277,2050.4117508341214
2024-01-18,1756.0,test,2161.657188885505,3223.7113604772335,3112.5912871930955,2688.986343501073
2024-01-19,1285.0,test,1638.8038498779667,2041.1521186517118,2596.760382252283,1477.8211622265692
2024-01-20,690.0,test,792.1044044464767,2476.4518563434663,1775.5268123354754,1877.7910045832562
2024-01-21,723.0,test,743.8141061387062,2548.2805421483495,1738.8623862289614,1923.949343365639
2024-01-22,1878.0,test,1635.8398177080358,2650.412999157768,2645.1168810365352,1999.3236972985524
2024-01-23,2342.0,test,2035.8222720320016,3212.6322422745266,3063.0169949447672,2536.126994734342
2024-01-24,2470.0,test,2128.186399815297,3731.2905450844187,3171.6326597971192,3030.3157778709647
2024-01-25,3098.0,test,2130.692971619836,3966.6758815137446,3192.4185005844124,3240.666571895596
2024-01-26,2145.0,test,1607.622240183992,2823.9173085538596,2679.240432936822,2078.7443999076963
2024-01-27,2540.0,test,760.5770569848113,3280.258816385985,1860.4537621353147,2511.1360221736422
2024-01-28,2716.0,test,712.2531075011273,3631.235543827767,1826.444672079721,2846.113082688294
2024-01-29,3265.0,test,1604.6144665886832,4802.398296574992,2735.6368376803503,3999.859881114425
2024-01-30,3986.0,test,2004.7387643775357,5333.144881696585,3156.24195085147,4512.829835221646
2024-01-31,3917.0,test,2097.1238218712906,4738.138161124145,3267.4128946754176,3902.4456745168645
2024-02-01,2577.0,test,2099.615888889353,2982.7963245218643,3290.7025836085863,2129.330960103741
2024-02-02,2802.0,test,1576.324120006906,3045.1433154716697,2779.827970084338,2178.9008472675623
2024-02-03,3283.0,test,728.9305557902829,4102.057728599825,1963.2446989935643,3216.5320425456584
2024-02-04,2250.0,test,680.5720923116679,2579.3854178316597,1931.758191621145,1684.4256488088872
2024-02-05,4040.0,test,1573.2685793949704,5002.822339771403,2843.865304846777,4095.1373003854455
2024-02-06,4467.0,test,1973.5345766679416,5406.168449461928,3267.260972703721,4486.047442810213
2024-02-07,3854.0,test,2065.940401644793,4251.43004783223,3381.177215974785,3320.1404208277672
2024-02-08,3255.0,test,2068.4179122279384,4211.441859344103,3407.2608053279414,3265.2629941362584
2024-02-09,3249.0,test,1544.9049740744986,3647.474508851482,2899.0740336071717,2692.5754662248737
2024-02-10,2868.0,test,697.1628817016533,2703.430356622792,2085.166724746215,1733.4480136942152
2024-02-11,1460.0,test,648.769878694748,1995.440366173461,2056.7567566721636,1019.6038870830182
2024-02-12,2829.0,test,1541.801623296824,3244.872729523505,2972.4067707436916,2260.189422230158
2024-02-13,3512.0,test,1942.2093725171128,4917.922694757584,3399.2868006845383,3923.2074254121235
2024-02-14,3375.0,test,2034.6359727179065,4641.627301271616,3516.699679937426,3637.8519239163115
2024-02-15,4364.0,test,2037.0989202709773,5684.618297146711,3546.377332039451,4668.67825249131
2024-02-16,4190.0,test,1513.3647258690964,4575.318922841672,3041.7182910055562,3553.3381954554006
2024-02-17,2025.0,test,665.2739681417779,2611.468779060239,2231.3572920454144,1578.2849923893496
2024-02-18,4030.0,test,616.8464120291779,3424.8830165455583,2206.915325061168,2387.5226773997542
2024-02-19,3205.0,test,1510.2135458258858,3391.1066210117797,3127.011200839517,2348.3986120552195
2024-02-20,3444.0,test,1910.763102698884,3779.498193018583,3558.2801384008276,2730.054296604964
2024-02-21,4547.0,test,2003.2104862686024,5397.627616137554,3680.086066340814,4341.565578076505
2024-02-22,2659.0,test,2005.6588650707088,3353.810328398804,3714.2363846728913,2289.7161518792122
2024-02-23,2814.0,test,1481.7033274701535,3101.8325983426803,3213.9561932443494,2035.222825712787
2024-02-24,2997.0,test,633.2637673776245,3402.976691656359,2407.9557065522467,2327.062719854523
2024-02-25,3837.0,test,584.8016445797931,3922.955089278022,2388.2499199629337,2845.9347203467023
2024-02-26,3897.0,test,1478.5042993659995,4358.103255694787,3313.5048417898615,3278.369268116211
2024-02-27,3983.0,test,1879.1957196159965,3822.5269386115933,3749.8120024625146,2740.1552577757566
2024-02-28,4020.0,test,1971.6638947217873,3509.6191318237734,3876.5881417723376,2425.488490763678
2024-02-29,4402.0,test,1974.09769904786,4308.438462134992,3915.708276772104,3218.7824758462216
2024-03-01,3320.0,test,1449.9207312696385,3091.2160972306838,3420.216588451797,2002.7322475781193
2024-03-02,3465.0,test,601.1322317464701,4262.757057694793,2618.891890260529,3168.2864489521785
2024-03-03,5121.0,test,552.6355286800947,4791.453644051524,2604.1369752145392,3699.5701939388055
2024-03-04,4087.0,test,1446.6738363021277,3388.8979987477187,3534.659306687557,2300.212053215445
2024-03-05,3945.0,test,1847.5071756757657,3279.038552658485,3976.0013950574785,2191.3533718298368
2024-03-06,2293.0,test,1939.996150487868,2916.6811970395365,4107.6283434116785,1831.9652666868276
2024-03-07,3869.0,test,1942.4153746107218,3589.2091581009977,4151.479035019876,2503.6655531029046
2024-03-08,4017.0,test,1418.0168896416226,4749.959558583866,3660.4136059577563,3669.2741728538426
2024-03-09,4869.0,test,568.8793135685643,4648.062716803772,2863.2771732016286,3565.9588706821983
2024-03-10,3812.0,test,520.3480166449809,3872.779938386464,2852.8589057551812,2798.6073197017377
2024-03-11,4491.0,test,1414.722109000991,4875.8815910033645,3787.906940764802,3808.8607452932974
2024-03-12,4191.0,test,1815.6974232668138,3797.067765783031,4233.414546181399,2736.3453470981094
2024-03-13,3644.0,test,1908.2072059586812,3992.7716347119563,4368.895969743603,2939.1030318818903
2024-03-14,4990.0,test,1910.6118441488788,5935.84486086544,4416.355530882671,4885.408571571042
2024-03-15,4136.0,test,1385.9917549414986,4798.770167311605,3928.4715778406444,3758.6611613553173
2024-03-16,2413.0,test,536.5049651454169,3080.9640902521805,3134.1586517864666,2045.9156845497141
2024-03-17,3871.0,test,487.9390607706224,3481.591329210032,3126.5962953854214,2459.311698652339
2024-03-18,2962.0,test,1382.6490698105904,2993.956547585859,4064.577930967129,1983.397999939508
2024-03-19,4922.0,test,1783.7664147590565,5388.779921509313,4512.552697988473,4387.66425418232
2024-03-20,6105.0,test,1876.297013507354,6415.122128928842,4650.090020785123,5425.30597955594
2024-03-21,3737.0,test,1878.6870600332068,4284.776161045029,4699.2663605760235,3304.4901290516
2024-03-22,5153.0,test,1353.8452795059366,5751.174372221301,4212.585527002672,4784.787272427472
2024-03-23,1297.0,test,504.0091387597945,2793.036987165235,3419.0394268768223,1836.078214474362
2024-03-24,1106.0,test,455.40861333444354,2065.693814533469,3412.206596537816,1127.0495079792775
2024-03-25,3998.0,test,1350.4546710602017,5188.776803318183,4350.934752581974,4263.998180763356
2024-03-26,4702.0,test,1751.7141025036933,5850.223663929552,4799.138167845781,4938.936078822103
2024-03-27,3612.0,test,1844.2655254882993,5469.334132983113,4936.4513497722555,4572.565497701729
2024-03-28,2846.0,test,1846.6409746158665,4585.087656856926,4985.03318564491,3702.007837113457
2024-03-29,3922.0,test,1321.577415652877,6037.290088632064,4497.223457448585,5170.21025930658
2024-03-30,3706.0,test,471.391786675713,5338.5165972237955,3702.102304514567,4482.801477315358
2024-03-31,2913.0,test,422.75662659511624,4657.944430137862,3693.6584482898334,3822.3419662783826
2024-04-01,1054.0,test,1318.138865060368,4057.935400434289,4630.80511008871,3240.95893660155
2024-04-02,3576.0,test,1719.5404388331992,5454.320372931566,5076.932775188716,4653.963062804392
2024-04-03,3332.0,test,1812.1126942372064,4279.894598879868,5211.752361665123,3497.044827070951
2024-04-04,3845.0,test,1814.4735402302938,4999.438079131438,5257.516481754151,4229.946820990047
2024-04-05,5311.0,test,1289.1881156815232,6150.546039275443,4766.41200081381,5399.174489723488
2024-04-06,8007.0,test,438.65286113842933,6356.791198107778,3967.6183372236715,5617.7052415542275
2024-04-07,7832.0,test,389.98305279255146,5433.191207898926,3955.5453443726724,4715.146261949764
2024-04-08,7247.0,test,1285.701604102892,6971.388873856126,4889.1822881474,6271.233580923594
2024-04-09,5396.0,test,1687.2453760613175,4931.801072923955,5331.405849234347,4250.017485088268
2024-04-10,4229.0,test,1779.8384720710342,4573.258809088427,5462.013165169755,3910.400171960171
2024-04-11,6197.0,test,1782.1847091911934,6219.28840743685,5503.359935569137,5569.6599450646445
2024-04-12,6808.0,test,1256.6773318723333,6488.508760398371,5007.488873019432,5857.317864247337
2024-04-13,7836.0,test,405.792314374435,6072.8412093083825,4203.686972892992,5453.205058797975
2024-04-14,8385.0,test,357.08784414789255,6074.195954949591,4186.793028705529,5474.638740841183
2024-04-15,3088.0,test,1253.1428404608296,3832.413164229936,5115.879375359132,3252.1367096292224
2024-04-16,3500.0,test,1654.8288664830536,4135.9786240993,5553.314995100354,3572.137292538435
2024-04-17,2324.0,test,1747.4428112880048,3664.715681999952,5678.988833012761,3117.52017768228
2024-04-18,2564.0,test,1749.7744337945328,3818.1119370686583,5715.364492936229,3283.4983270179937
2024-04-19,2257.0,test,1224.045016487015,2957.323310898337,5214.344449009446,2440.395516780107
2024-04-20,1578.0,test,372.810098591449,2654.903518907849,4405.326440713705,2148.1909437714357
2024-04-21,1049.0,test,324.070952863508,1596.192082299037,4383.580621906671,1108.1209494497084
2024-04-22,3092.0,test,1220.4625263884816,3184.8329469813266,5308.263801331979,2711.8042836420277
2024-04-23,2671.0,test,1622.290862374666,3069.3294808664937,5741.237544557827,2610.358032195711
2024-04-24,3164.0,test,1714.925664167595,4203.530287554519,5862.482191403096,3757.57916104775
2024-04-25,3793.0,test,1717.2426663175324,4748.908098802254,5894.567918449291,4312.762453337502
2024-04-26,4838.0,test,1191.2911217685146,5824.493637573623,5389.25460999496,5402.080021546262
2024-04-27,6355.0,test,339.7061659784083,5882.002386848907,4576.047564564915,5466.762532183914
2024-04-28,7034.0,test,290.93233112298253,5305.186154902789,4550.644309411076,4905.089993119848
2024-04-29,7071.0,test,1187.6606141213856,6974.837275471904,5472.2811016573305,6587.6269718888725
2024-04-30,8538.0,test,1589.6313159936587,7847.122090801036,5902.305950772765,7469.952276296736
2024-05-01,9483.0,test,1682.2869829705282,7631.466302177703,6020.783799008073,7266.134303357578
2024-05-02,5606.0,test,1684.5893590186595,5989.531323823818,6050.383758744054,5632.018917929088
2024-05-03,3657.0,test,1158.4155999410134,3573.591659635189,5542.714573844045,3230.3714817602995
2024-05-04,6377.0,test,306.4804687054634,5439.764518312795,4727.379855873971,5100.583672514257
2024-05-05,4738.0,test,257.6719310911121,4685.83317627094,4700.494627335142,4359.68262248292
2024-05-06,4304.0,test,1154.7370558763118,5306.661868684461,5621.36387754969,4990.8088640005335
2024-05-07,4680.0,test,1556.8501795787774,4376.127855898042,6050.810460230073,4069.8560694539715
2024-05-08,2377.0,test,1649.526719938771,3543.472495239407,6168.971927267295,3247.4438493662465
2024-05-09,5629.0,test,1651.8144641376227,5863.029234959464,6198.603777095412,5571.075288102071
2024-05-10,6380.0,test,1125.4184032099192,6780.766117464921,5691.15046418024,6498.786330136583
2024-05-11,7079.0,test,273.13295892397014,6171.598753201928,4876.300408687697,5893.066293572465
2024-05-12,7154.0,test,224.28970491389597,6265.959453967818,4850.572355652059,5998.824932242489
2024-05-13,6826.0,test,1121.6918038512522,6765.422856845523,5773.325801927037,6507.301508913125
2024-05-14,8298.0,test,1523.9474053499976,7855.271501081445,6204.8437439555955,7604.408531325307
2024-05-15,6225.0,test,1616.6448272955204,6422.378305021661,6325.321674149048,6180.040567750775
2024-05-16,6045.0,test,1618.9179338953602,6420.05693467417,6357.58669315753,6182.278407536201
2024-05-17,3647.0,test,1092.2994837618564,4243.212594995968,5852.9040399544465,4016.6926791684077
2024-05-18,5125.0,test,239.6635887664795,4890.369307456033,5041.032131401745,4665.97475764136
2024-05-19,4986.0,test,190.78560471852637,5160.527288744887,5018.878835022827,4947.447743551241
2024-05-20,6891.0,test,1088.524810225414,7163.488094910148,5945.843591460872,6958.805774300436
2024-05-21,3023.0,test,1490.9229455085192,4899.874787653273,6381.654993429484,4703.339193831562
2024-05-22,4317.0,test,1583.6412572452,5710.410877093249,6506.5524576566995,5522.61457047072
2024-05-23,3481.0,test,1585.8997204940367,5189.905861875328,6543.421055075888,5007.065801079436
2024-05-24,4209.0,test,1059.0587937646624,5104.3827896091,6043.333532748406,4932.2555075936525
2024-05-25,3504.0,test,206.0723103467343,4508.0790935759815,5236.105636271852,4339.615479287995
2024-05-26,6686.0,test,157.15958261338528,5753.646036222705,5219.022387878633,5596.747494476186
2024-05-27,4481.0,test,1055.2360271592138,5108.166750685896,6151.511720425013,4961.692395374692
2024-05-28,3354.0,test,1457.7767522367596,5258.995826635436,6592.736857800732,5121.977695433247
2024-05-29,5005.0,test,1550.5159619734516,5966.17052823176,6722.971162604654,5838.1570790168225
2024-05-30,2520.0,test,1552.7597761170334,5012.608337263216,6765.14852296766,4891.34915562809
2024-05-31,883.0,test,1025.6962853673776,2574.868895251643,6270.1408201053655,2467.0574654956404
2024-06-01,421.0,test,172.35907575965962,1855.942068543663,5467.813767051059,1753.5982661053692
2024-06-02,2630.0,test,123.41159068803485,3653.5471498177003,5455.823262240222,3563.6729792789347
2024-06-03,2312.0,test,1021.8254067942693,3469.314844696183,6393.620327446186,3391.7513982034707
2024-06-04,7604.0,test,1424.5087776983464,6799.909815691888,6839.798234534814,6731.463057717305
2024-06-05,7696.0,test,1517.2688936471282,7048.6321674450555,6974.661002110784,6991.132342267609
2024-06-06,7470.0,test,1519.4980529289421,7367.548364898348,7021.189148898795,7317.873121921759
2024-06-07,5279.0,test,992.2119107002396,5702.389687722613,6530.052530491695,5666.899704673938
2024-06-08,5356.0,test,138.5238370813555,5375.385530398844,5731.166896416191,5346.337683734145
2024-06-09,2945.0,test,89.54158101321013,3444.255019092442,5722.560356622602,3431.552867754842
2024-06-10,4339.0,test,988.2929012533905,5543.657647582269,6663.709381878992,5543.76848200247
2024-06-11,4814.0,test,1391.1189740381083,4546.745946324758,7112.640587003346,4559.612785533173
2024-06-12,6316.0,test,1483.9000044142856,5693.976905954465,7249.6933144136865,5718.765023517348
2024-06-13,7077.0,test,1486.1145030755567,6819.63257422423,7297.900527857217,6853.198010668483
2024-06-14,6212.0,test,958.6056218746743,5438.863477668648,6807.736905405196,5486.559266899081
2024-06-15,3261.0,test,104.56654636909002,4014.1344430638724,6009.17628019774,4069.902423846672
2024-06-16,6181.0,test,55.54950564081198,4799.622542864183,6000.628220454107,4870.443630227766
2024-06-17,6492.0,test,954.6384626405747,6381.603408261121,6941.604814020604,6464.959036720316
2024-06-18,9485.0,test,1357.607293382069,8501.799538198175,7389.576981713351,8596.072320297151
2024-06-19,9254.0,test,1450.4092464041762,8601.964213558484,7524.931549834466,8708.485359179667
2024-06-20,7640.0,test,1452.6090786838665,6853.532326170712,7570.767022523214,6969.257010420772
2024-06-21,4665.0,test,924.8773709832898,4666.255881792507,7077.376783343641,4796.032823885932
2024-06-22,5601.0,test,70.48715566129147,4767.03943708632,6274.807551385567,4903.120587507938
2024-06-23,5009.0,test,21.435316603899487,4742.866592948848,6261.866042773556,4893.206658548663
2024-06-24,8043.0,test,920.8620430409977,7531.263270218533,7198.116229571715,7692.14551223078
2024-06-25,9315.0,test,1323.9736878374401,8395.591419555003,7640.490026833511,8565.55158937492
2024-06-26,6042.0,test,1416.796571727241,6562.515293451192,7769.439227848992,6742.484735135955
2024-06-27,6772.0,test,1418.9817318620487,7061.620358416966,7808.145866529596,7247.047661789886
2024-06-28,7426.0,test,891.0271100998685,7672.901661073585,7306.7403549266655,7867.884208140334
2024-06-29,7191.0,test,36.285616977541395,6914.7092766657615,6495.361063395152,7111.896228599685
2024-06-30,4977.0,test,0.0,4592.695675032068,6473.2310105954575,4801.533624809096
2024-07-01,4994.0,test,886.9635945210066,5262.663483439228,7399.985268024611,5478.893329114754
2024-07-02,6483.0,test,1290.2181094926134,5038.552962522528,7832.035847740111,5260.120453153544
2024-07-03,3374.0,test,1383.0619324751021,4655.830575697219,7949.918860002543,4882.304996284793
2024-07-04,6433.0,test,1385.2324146994608,5977.02604564697,7976.919165167361,6202.738902217321
2024-07-05,6583.0,test,857.0547912793597,6886.417127626526,7463.02326504687,7115.937926082701
2024-07-06,5152.0,test,1.9618823185670635,5781.764345935024,6638.480109045274,6007.185225597574
2024-07-07,1401.0,test,0.0,2715.3336166847207,6602.947755353999,2947.117970699263
2024-07-08,6587.0,test,852.9430691281128,6245.299355037388,7516.15059057559,6475.947705475465
2024-07-09,9826.0,test,1256.340510417153,8358.136328554874,7933.998245954113,8585.38482411609
2024-07-10,6577.0,test,1349.2052807205564,7212.429813774771,8037.128340755928,7437.461594997883
2024-07-11,7722.0,test,1351.3610792666336,6822.818483990523,8048.945129185031,7040.662029945312
2024-07-12,5177.0,test,822.9603665578721,5802.450662270285,7519.306972178983,6017.349050383944
2024-07-13,4159.0,test,0.0,4189.414637438082,6678.588482767075,4394.012230726613
2024-07-14,7031.0,test,0.0,5801.708978364514,6626.897114961521,6000.762382744069
2024-07-15,8429.0,test,818.8004188909838,7448.8901864341915,7524.0598841047595,7639.464825644471
2024-07-16,5804.0,test,1222.3408426617882,6093.612318042091,7925.496158059967,6274.372859342298
2024-07-17,7692.0,test,1315.2265685175662,5550.336580264007,8011.9563708139585,5720.57656422746
2024-07-18,8950.0,test,1317.3676776152633,8075.800709820545,8006.974393063787,8229.048668449606
2024-07-19,8042.0,test,788.7437879526667,7643.383953647956,7460.2894363497335,7784.31121366839
2024-07-20,5503.0,test,0.0,5105.597197011535,6602.409678334994,5227.125737240137
2024-07-21,7358.0,test,0.0,5981.2310151777365,6533.898765194805,6089.401806924974
2024-07-22,5056.0,test,784.5355958194364,5565.635750470728,7414.691749301388,5658.157656973643
2024-07-23,7145.0,test,1188.219058258406,6278.864839770455,7799.72163452058,6352.1022285893605
2024-07-24,7973.0,test,1281.1257479012534,7085.446972934964,7869.854478919631,7139.186213317851
2024-07-25,8180.0,test,1283.2521617782043,7753.897219932281,7848.755253185335,7782.8978259864325
2024-07-26,8184.0,test,754.4050074621488,7731.124341737206,7286.044065755527,7739.621794822836
2024-07-27,7275.0,test,0.0,6529.77300323265,6412.361446622659,6509.934520054938
2024-07-28,4452.0,test,0.0,4845.596524943343,6328.724787739917,4806.338039996809
2024-07-29,7802.0,test,750.1485519044296,7731.75917605428,7195.173253974644,7667.770791881486
2024-07-30,9401.0,test,1153.9751092200447,8547.463801103826,7566.148001558404,8456.47338360345
2024-07-31,8911.0,test,1246.9027708878918,8095.305565806055,7622.624129229015,7977.541081334417
2024-08-01,6573.0,test,1249.014483769462,7142.714213722189,7588.389829011703,6994.881578613322
2024-08-02,5198.0,test,719.9439770658615,5238.597351843506,7012.936861413125,5065.281780188843
2024-08-03,5111.0,test,0.0,5073.256112959098,6127.027716665124,4865.7970600991175
2024-08-04,5825.0,test,0.0,5319.154961113369,6032.122057548227,5085.720951919477
2024-08-05,5961.0,test,715.6392391180564,6178.437614085,6888.350398770108,5916.1640585209225
2024-08-06,8667.0,test,1119.6089475408846,8401.255934300683,7249.647956169871,8107.3081173016035
2024-08-07,6784.0,test,1212.557589474899,6865.114161743319,7297.083943471746,6541.2183143535
2024-08-08,4757.0,test,1214.6545955841848,5605.539776994569,7254.553856488601,5248.048383027277
2024-08-09,6786.0,test,685.3606487244773,7453.831060350125,6671.404162774792,7066.369558172391
2024-08-10,6368.0,test,0.0,6688.469360991659,5778.501593263944,6264.773510197155
2024-08-11,6241.0,test,0.0,7129.146028512725,5677.729684333278,6677.353056092045
2024-08-12,6552.0,test,681.0076094135362,7726.00862025629,6529.2910513841725,7244.208319919688
2024-08-13,6405.0,test,1085.120525196242,8065.35076831064,6886.594855238489,7552.139393531408
2024-08-14,5628.0,test,1178.0901556408298,7693.080603613629,6930.783968743097,7149.904882626519
2024-08-15,5982.0,test,1180.1724491986572,8129.565460757139,6885.840260175914,7553.124021946996
2024-08-16,5072.0,test,650.6549743797909,7066.56239770754,6300.943484309646,6462.200887122288
2024-08-17,3624.0,test,0.0,4937.143784360549,5407.042977744235,4299.474878580768
2024-08-18,1104.0,test,0.0,2837.558186686338,5306.424414916987,2175.732062559658
2024-08-19,1564.0,test,646.2536147252086,3799.8780194422343,6159.340516952107,3111.873186384282
2024-08-20,4902.0,test,1050.509794142561,5299.032994765534,6518.652134473888,4582.856039371412
2024-08-21,4957.0,test,1143.5004213453685,6053.123398978891,6565.553818665649,5310.722275583772
2024-08-22,5862.0,test,1145.5679965702932,7571.9396580337825,6524.09197710902,6800.517467622791
2024-08-23,5909.0,test,615.8269059547133,7647.943238916312,5943.257957998392,6853.557924886376
2024-08-24,6300.0,test,0.0,7135.891675099498,5054.062424633945,6313.3428162520095
2024-08-25,1241.0,test,0.0,3683.1193810410846,4959.172439445525,2843.832213692778
2024-08-26,3143.0,test,611.377206968526,4113.3305233879655,5818.870445699267,3255.618380587294
2024-08-27,5358.0,test,1015.7767063174078,6648.462720291598,6185.4489598036735,5769.600539949629
2024-08-28,6634.0,test,1108.7883385293214,8514.486062011967,6240.135072772857,7616.878175264166
2024-08-29,6608.0,test,1110.8411896376265,8445.731883965715,6207.02134016573,7528.477580318656
2024-08-30,6120.0,test,580.8763953532616,7829.994711763593,5634.893037055487,6899.890559649166
2024-08-31,5614.0,test,0.0,6710.348570215302,4754.805470562962,5762.195422770799
2024-09-01,5685.0,test,0.0,6236.61900034438,4669.791486835714,5280.2508299259935
2024-09-02,5311.0,test,576.3783380400437,6778.0355043399195,5540.148541571824,5813.008178508313
2024-09-03,6754.0,test,980.9212136394605,7880.757910403228,5917.586971022945,6906.465205029475
2024-09-04,5969.0,test,1073.9538591146095,6801.300563191668,5983.353923938579,5820.785718854654
2024-09-05,6347.0,test,1075.9919803203056,7756.721771279482,5961.576819070721,6767.343830665919
2024-09-06,,test,545.8033944605542,7217.81230752117,5400.824718385869,6226.997774473407
2024-09-07,,test,0.0,6393.383570993186,4532.188804681869,5396.017442417187
2024-09-08,,test,0.0,6290.99310616478,4459.0603728827655,5297.092514936661
2024-09-09,,test,541.2569598174157,7284.397752071205,5341.74577012199,6293.359859834667
2024-09-10,,test,945.9432680085038,7753.146523942941,5731.36817810677,6765.128376118762
2024-09-11,,test,1038.9969350042609,7793.594823381155,5809.191438062224,6811.044153682202
2024-09-12,,test,1041.020320519085,7759.086158830414,5799.37587041286,6780.055073939255
2024-09-13,,test,510.6078551428018,7219.863980905526,5250.273674037609,6251.274543464909
2024-09-14,,test,0.0,6394.956994207496,4393.012755729174,5431.5809386599485
2024-09-15,,test,0.0,6292.5068983276915,4331.345226299749,5344.226939879275
2024-09-16,,test,506.0130241593855,7286.487226579539,5225.589949657193,6352.523398914316
2024-09-17,,test,910.8428213054214,7755.507499647457,5626.2877277862635,6835.783073247832
2024-09-18,,test,1003.917518082404,7795.978983415058,5714.725440026419,6892.671125697212
2024-09-19,,test,1005.9261621158186,7761.45004550193,5715.103978319333,6872.303144120415
2024-09-20,,test,475.28972924730056,7221.914975047266,5175.567539520451,6353.506732596638
2024-09-21,,test,0.0,6396.529463667472,4327.29095334947,5543.246251518963
2024-09-22,,test,0.0,6294.019704764112,4274.398664379974,5465.343649758627
2024-09-23,,test,470.64648290577907,7288.576051572199,5177.23459094165,6483.290845972597
2024-09-24,,test,875.6198253921874,7757.867985545281,5585.7705665234935,6975.411865987185
2024-09-25,,test,968.7155602142591,7798.362669246728,5681.331178724592,7040.399942179916
2024-09-26,,test,970.7094569734511,7763.813448251223,5688.173538633405,7027.5484059487735
2024-09-27,,test,439.84896860242475,7223.965305772805,5154.250299997262,6515.409742181653
2024-09-28,,test,0.0,6398.100994074195,4310.800600920125,5711.046069383172
2024-09-29,,test,0.0,6295.531539247965,4262.3394832078875,5638.861489327606
2024-09-30,,test,435.15728787749697,7290.664240163531,5169.254734204856,6662.542417759247
2024-10-01,,test,840.2742321118599,7760.227994039755,5580.968412857704,7159.43761023047
2024-10-02,,test,933.3910132461316,7800.745892532817,5678.862750518394,7228.283095899959
2024-10-03,,test,935.3701569360115,7766.176378018594,5687.271451924521,7218.565371667737
2024-10-04,,test,404.2855250176186,7226.014983249991,5153.976256373908,6708.577502464858
2024-10-05,,test,0.0,6399.671594807141,4310.301592352991,5905.495764887272
2024-10-06,,test,0.0,6297.04241054852,4261.174372121046,5834.323514087773
2024-10-07,,test,399.5453908765073,7292.751800761433,5167.047478497267,6858.958881160693
2024-10-08,,test,804.8059932885727,7762.587533108154,5576.814195432775,7355.792156364434
2024-10-09,,test,897.9438290054039,7803.128660767556,5671.9355273264755,7423.619778573884
2024-10-10,,test,899.9082138286052,7768.538841829843,5676.842726004941,7412.139247463569
2024-10-11,,test,368.5993502833894,7228.06401396528,5139.167208723178,6899.4018417603675
2024-10-12,,test,0.0,6401.241271783565,4290.33902738246,6092.715842050291
2024-10-13,,test,0.0,6298.552324179032,4235.716981330615,6017.701908723853
2024-10-14,,test,363.8107436858386,7294.838738711825,5135.838418757233,7038.487559204208
2024-10-15,,test,769.2150607275291,7764.946607848209,5539.086401928694,7530.521375545852
2024-10-16,,test,862.3739593005295,7805.510978737142,5627.018814738674,7592.67727204582
2024-10-17,,test,864.3235794574073,7770.90084416404,5624.181825391664,7574.880544226127
2024-10-18,,test,332.7903961713006,7230.11240201002,5078.072993815949,7054.956781807137
2024-10-19,,test,0.0,6402.81002866818,4220.243677328086,6240.3620935984445
2024-10-20,,test,0.0,6300.061283534356,4156.499426997524,6157.349999408085
2024-10-21,,test,327.95329806957216,7296.925057368509,5047.47579770085,7170.292111084696
2024-10-22,,test,733.5013862149938,7767.3052214842355,5441.058104635085,7653.708644334976
2024-10-23,,test,826.681355921024,7807.892849465951,5518.912717367942,7706.564202832911
2024-10-24,,test,828.6162056096546,7773.262387843355,5505.71119797686,7679.024399401589
2024-10-25,,test,296.8586144339638,7232.1601499172875,4948.826462161493,7148.700559009112
2024-10-26,,test,0.0,6404.377867660143,4079.9392764810705,6323.207389415104
2024-10-27,,test,0.0,6301.56929063106,4005.3089381478644,6229.44141209109
2024-10-28,,test,291.97300577283465,7299.010758789193,4885.674823353821,7232.027294365889
2024-10-29,,test,697.6649215182853,7769.663376021697,5268.428628281198,7704.564170073558
2024-10-30,,test,790.8659706374584,7810.274274832102,5335.348285534844,7746.114205611381
2024-10-31,,test,792.7860440536381,7775.6234746119735,5311.2325555021935,7707.089255953015
2024-11-01,,test,260.8039568050309,7234.207259206317,4743.33014397929,7164.89098135636
2024-11-02,,test,0.0,6405.94479000505,3863.4504850315425,6327.296437258024
2024-11-03,,test,0.0,6303.07634658892,3778.3047430605898,6221.848099624751
2024-11-04,,test,255.86981852178997,7301.095844188301,4648.732867833655,7213.425326186363
2024-11-05,,test,661.7056183857684,7772.0210726730475,5021.628251847524,7674.7060217782
2024-11-06,,test,754.9277552014515,7812.655255967936,5078.8747434500465,7704.849284473474
2024-11-07,,test,756.8330465386956,7777.984105512714,5045.391506781213,7654.511590909735
2024-11-08,,test,224.6263749991872,7236.253730736679,4468.295035611781,7100.881982439159
2024-11-09,,test,0.0,6407.510796328021,3579.5144519520973,6251.896080257899
2024-11-10,,test,0.0,6304.5824519441685,3486.2029041734327,6135.737792664703
2024-11-11,,test,219.6436880236322,7303.180314231569,4349.2899307708,7117.535414746748
2024-11-12,,test,625.6234285468468,7774.378312134778,4715.158498216467,7569.038205221201
2024-11-13,,test,718.8666613456618,7815.03579352056,4765.785616030877,7589.494442134767
2024-11-14,,test,720.7571647952042,7780.344281132047,4726.1973097175405,7529.79666153974
2024-11-15,,test,188.32582071214358,7238.299564938714,4143.3634978263535,6966.91159758594
2024-11-16,,test,0.0,6409.075886850409,3249.3180619521067,6108.923157134735
2024-11-17,,test,0.0,6306.087606853289,3151.640738141393,5984.645923286533
2024-11-18,,test,183.29456596657883,7305.2641692277,4011.3346126583942,6959.445428180474
2024-11-19,,test,589.4183037119561,7776.73509476765,4374.2555235652335,7404.129232110268
2024-11-20,,test,682.6826407837814,7817.4158878213475,4422.45680003051,7418.021741830644
2024-11-21,,test,684.558350534573,7782.704001759506,4381.05420710801,7352.23804753692
2024-11-22,,test,151.90224562062974,7240.34476196344,3796.853665122598,6783.508320757197
2024-11-23,,test,0.0,6410.640061530775,2901.9763564489535,5920.050300824865
2024-11-24,,test,0.0,6307.591811225596,2804.4112146469834,5791.294725100561
2024-11-25,,test,146.82240401986257,7307.347409253041,3665.2173801147346,6762.829323390547
2024-11-26,,test,553.0901955725561,7779.091420713953,4029.7059507961976,7204.504002051648
2024-11-27,5389.0,test,646.3756452105274,4638.320291181344,4079.989367872916,4037.2706476765406
2024-11-28,2681.0,test,648.236555449236,3709.3779183111155,4041.256188356063,3075.3103812212084
2024-11-29,3412.0,test,115.35560138238588,3411.041525088383,3460.1316205876246,2749.682276350954
2024-11-30,2161.0,test,0.0,3192.2164594291417,2568.807925560952,2496.096115256478
2024-12-01,1600.0,test,0.0,1427.772433614323,2475.6675981554336,706.5018520262734
2024-12-02,3511.0,test,110.22715383372417,2793.126732806976,3341.81059806072,2042.724940520252
2024-12-03,3199.0,test,516.6390558011232,3764.8886572599145,3711.98842031684,2984.9496349602623
2024-12-04,3499.0,test,609.9456263016353,3343.7163744155855,3768.3586328617384,2535.9365024316135
2024-12-05,3851.0,test,611.7917312126441,4118.370809652119,3736.1693139010063,3278.786326527431
2024-12-06,2120.0,test,78.68583963615606,2926.634146443497,3161.8523563695653,2060.820513070651
2024-12-07,1472.0,test,0.0,2079.4446781758547,2277.65939883421,1181.669299400809
2024-12-08,1332.0,test,0.0,1703.6243527304664,2192.355768654961,782.9658155897081
2024-12-09,2588.0,test,73.50876703940469,2336.016190253578,3067.072277280589,1391.262189141529
2024-12-10,3081.0,test,480.06483605114283,3119.2967082347577,3445.991553593489,2149.0272978035514
2024-12-11,3416.0,test,573.3925357138507,3208.950995084626,3511.3082098837285,2214.604863269571
2024-12-12,3415.0,test,575.2238294792576,3128.4632025889205,3488.3227505881105,2107.293113015119
2024-12-13,2814.0,test,41.89291200167975,2482.301189528155,2923.267567153342,1440.4783033453311
2024-12-14,1611.0,test,0.0,2016.8694660050314,2048.448601341389,947.6925083939423
2024-12-15,1459.0,test,0.0,2316.6397698728674,1973.0100871021014,1229.8333131745735
2024-12-16,3526.0,test,36.66719524913799,4357.943131716007,2858.1106655910025,3251.3340283525863
2024-12-17,4081.0,test,443.3674879571021,4691.912943956763,3247.3618901614186,3566.33851925637
2024-12-18,4083.0,test,536.7163250849221,4554.1790503438715,3322.9944631288013,3410.3369744066695
2024-12-19,3308.0,test,538.5328018845388,3886.62778865985,3310.3613879063446,2722.517054336321
2024-12-20,2352.0,test,4.976770079685139,2632.395823855277,2755.496541244891,1455.4297288152936
2024-12-21,1647.0,test,0.0,2364.4463313199767,1890.7622376199924,1166.8024544692703
2024-12-22,479.0,test,0.0,1532.1576780754795,1825.684772779091,324.0165294709278
2024-12-23,1067.0,test,0.0,3097.743563582321,2721.4545804497266,1878.046523198432
2024-12-24,436.0,test,406.5469631344828,3135.43484088837,3121.1167851935243,1903.3136959808432
2024-12-25,522.0,test,499.91694603359383,4710.730695203922,3206.9439207466103,3467.189909110237
2024-12-26,509.0,test,501.7186000449448,3193.1424247188866,3204.3480667522877,1936.8864455397045
2024-12-27,888.0,test,0.0,2109.2394489969715,2659.1718557114627,845.8411240882326
2024-12-28,851.0,test,0.0,2719.892744175115,1803.8420788724015,1442.2197824629438
2024-12-29,1017.0,test,0.0,3360.8051357300246,1748.2760075062101,2078.3517176421537
2024-12-30,992.0,test,0.0,2237.8601237316298,2653.7052877916913,951.3332827414393
2024-12-31,880.0,test,369.60321317975297,4305.1592223568205,3062.6183939687407,3011.4936432028503
2025-01-01,1100.0,test,462.9943501595981,5654.543867862283,3157.3402172152923,4354.50692526242
2025-01-02,1073.0,test,464.7811755579201,3326.1569139921203,3163.3529079556397,2019.1445790373853
2025-01-03,810.0,test,0.0,3255.4922256680766,2626.3191566164505,1947.8774011884022
2025-01-04,695.0,test,0.0,1788.7661107647527,1778.7419653252682,473.4001004777429
2025-01-05,399.0,test,0.0,1847.2584852718796,1730.9417088794753,531.5816271414276
2025-01-06,1423.0,test,0.0,4567.126977306814,2644.203452248067,3250.1103520918987
2025-01-07,2883.0,test,332.5361896703604,4022.185975214396,3060.4711466672165,2704.460208632177
2025-01-08,1825.0,test,425.9484890436479,3666.101519821844,3162.134470648663,2347.6118120499514
2025-01-09,2837.0,test,427.7204800018885,4580.321013795664,3174.758093486073,3257.7904484378123
2025-01-10,2375.0,test,0.0,3136.1416004584617,2643.837065870254,1817.1969178128943
2025-01-11,1355.0,test,0.0,1947.3359646129932,1801.9628810420186,624.4120985325435
2025-01-12,1178.0,test,0.0,1746.7431901568686,1759.8712389670713,427.9977945434197
2025-01-13,2664.0,test,0.0,3461.919988277745,2678.912474588909,2145.5208887194235
2025-01-14,2761.0,test,295.3458441647248,3687.0362950883455,3100.497345482039,2371.6186811660655
2025-01-15,1630.0,test,388.77931424742957,2592.66287803703,3207.0915149395746,1279.2739468255716
2025-01-16,2159.0,test,390.5364649362468,3060.247398391231,3224.3529625354854,1744.9513827439416
2025-01-17,2021.0,test,0.0,2378.2212527628226,2697.6193330019746,1066.8072749286384
2025-01-18,1262.0,test,0.0,1701.785976896243,1859.5804249362386,387.1500386787655
2025-01-19,1612.0,test,0.0,3282.436498585651,1821.3966380061297,1972.283905802125
2025-01-20,2800.0,test,0.0,4136.880101227793,2744.492218127299,2829.659003833974
2025-01-21,3188.0,test,258.03212820223,4643.63694024194,3169.752505118141,3338.3307065232693
2025-01-22,2856.0,test,351.4867773135948,3957.430162301585,3279.726469467258,2654.683058369938
2025-01-23,2656.0,test,353.22908190135576,3871.8556179914603,3300.172018726353,2566.9144858156424
2025-01-24,2790.0,test,0.0,4754.4719815900535,2776.2751774035287,3451.9846573403393
2025-01-25,2475.0,test,0.0,3813.3366790230357,1940.829167042701,2506.758879050629
2025-01-26,1776.0,test,0.0,2636.9015971686035,1905.4235430732042,1336.3485996686723
2025-01-27,2859.0,test,0.0,3514.0055099989795,2831.5599907598166,2215.5474467421623
2025-01-28,1845.0,test,220.59499330321728,2826.993126094687,3259.6009298849904,1530.3255548352804
2025-01-29,3316.0,test,314.07082976575396,4756.624563654183,3372.1805462784023,3460.1524580265514
2025-01-30,3320.0,test,315.79828241853426,4639.1752934024325,3395.1577725996544,3340.1454471992715
2025-01-31,2248.0,test,0.0,2988.0194883060267,2873.5672022280123,1691.7694557525665
2025-02-01,1719.0,test,0.0,1957.7647397280457,2040.3049551101471,656.9142056331854
2025-02-02,1335.0,test,0.0,1501.2627552108695,2007.38854147292,204.17329506166368
2025-02-03,2706.0,test,0.0,2472.5411706862506,2936.3949728327707,1176.550385700738
2025-02-04,3073.0,test,183.03439096897665,3965.5340467567544,3367.160651007791,2668.1300477387963
2025-02-05,3203.0,test,276.5314231084674,4710.712791807317,3482.401365595387,3412.553595657214
2025-02-06,2776.0,test,278.24401799005017,3067.31289195052,3508.072757038284,1765.6487229210843
2025-02-07,2522.0,test,0.0,3252.8772486313233,2989.052896199086,1951.448769199971
2025-02-08,2834.0,test,0.0,3922.057635223356,2158.3351583717426,2613.4043713837495
2025-02-09,1717.0,test,0.0,2676.9965117479383,2128.358878062596,1370.9142508812945
2025-02-10,2907.0,test,0.0,3674.872280738641,3060.7695651401627,2368.563614618656
2025-02-11,2801.0,test,145.35027268174025,3017.4095078861537,3494.8700301150975,1709.5886418483144
2025-02-12,2747.0,test,238.8685088272391,4056.1130707658417,3613.449842248234,2745.759475589071
2025-02-13,2172.0,test,240.56624009911408,3389.617365996185,3642.553104585843,2074.7192323671884
2025-02-14,1753.0,test,0.0,2127.8608415541134,3126.8926511808786,814.1263980735569
2025-02-15,1309.0,test,0.0,2265.1088407089374,2299.5501703793134,944.0621224247641
2025-02-16,674.0,test,0.0,1053.1260849831738,2273.3777317743925,0.0
2025-02-17,1835.0,test,0.0,4007.9763262066854,3210.079912536381,2688.182025457054
2025-02-18,2626.0,test,107.5425899046752,4161.623182216997,3648.416124003976,2839.726608545928
2025-02-19,2760.0,test,201.08203838850915,4809.711791415441,3771.240036434019,3486.2658324465165
2025-02-20,3307.0,test,202.76490020987168,5436.2004340282165,3804.6745047445456,4106.688653194761
2025-02-21,3397.0,test,0.0,5552.572438201905,3293.2573423679555,4223.082791330142
2025-02-22,2996.0,test,0.0,4498.0205341001565,2470.1489399462025,3162.602790537645
2025-02-23,2078.0,test,0.0,2752.890603465148,2448.6047483975626,1420.7053505618571
2025-02-24,3997.0,test,0.0,5140.1071770020835,3390.3791210559557,3808.196201608512
2025-02-25,3888.0,test,69.6112940818752,4602.962989628255,3833.67880512408,3270.737767450459
2025-02-26,3384.0,test,163.1719632396455,4302.185937741421,3961.4128356508386,2971.392998993585
2025-02-27,3377.0,test,164.83994976739584,4144.954440758857,3999.774444935129,2811.3651128861457
2025-02-28,2915.0,test,0.0,3179.013851302602,3493.118364173948,1848.404694446856
2025-03-01,1840.0,test,0.0,2582.5077132693705,2674.6761739450153,1248.225177680812
2025-03-02,2502.0,test,0.0,4129.9335532178,2658.0998155206257,2800.117507507448
2025-03-03,3315.0,test,0.0,5427.832043652969,3605.1869406126466,4101.30520806013
2025-03-04,3780.0,test,31.556336638353457,5973.424920159618,4053.585515606647,4649.156090527381
2025-03-05,4297.0,test,125.13823480893679,6440.165291514231,4186.25467014698,5119.050338581573
2025-03-06,4645.0,test,126.79134019767902,6640.864545981669,4229.4534040153885,5319.8732334109245
2025-03-07,4271.0,test,0.0,6016.6252661129265,3727.349347054042,4701.944434635474
2025-03-08,4838.0,test,0.0,5299.666130956851,2913.242055755829,3984.6931413125917
2025-03-09,5832.0,test,0.0,5397.146273037332,2901.177601473035,4090.8810914452442
2025-03-10,3707.0,test,0.0,4137.188500739201,3852.995194724984,2839.7955128708127
2025-03-11,4925.0,test,0.0,6155.786068590254,4305.782824230986,4864.262875409123
2025-03-12,3661.0,test,86.98080450558466,3786.1803575581193,4442.549518791478,2503.3911672603213
2025-03-13,2778.0,test,88.61902290762586,3066.002139598728,4489.620637663561,1788.5271800295698
2025-03-14,2638.0,test,0.0,2912.2918047618696,3990.9779907810557,1645.1456750079824
2025-03-15,1418.0,test,0.0,1838.8228142319736,3179.991266854612,575.9327780186796
2025-03-16,1290.0,test,0.0,1861.3736004224652,3171.103717727573,611.6627494042463
2025-03-17,3471.0,test,0.0,3691.8007984716814,4126.199794437573,2453.639122962031
2025-03-18,4072.0,test,0.0,5660.954188159114,4581.811713243811,4432.898126327998
2025-03-19,4493.0,test,48.69962371969737,6376.325397848379,4721.003559907288,5159.21125078805
2025-03-20,5338.0,test,50.322949285046725,6896.986516657487,4770.172919942616,5687.817045383785
2025-03-21,4770.0,test,0.0,6139.278769041843,4273.122231899343,4944.5522038182535
2025-03-22,4828.0,test,0.0,5379.917716946486,3463.298503714501,4193.156838404726
2025-03-23,2146.0,test,0.0,2973.8362388548812,3455.550084387846,1805.3021953871385
2025-03-24,3530.0,test,0.0,3981.8962428665777,4411.815021589096,2828.99944937897
2025-03-25,3477.0,test,0.0,4526.042981644676,4868.078420460055,3387.3232177850737
2025-03-26,3471.0,test,10.294643822280747,3855.40554597511,5007.468794244733,2732.6899498129924
2025-03-27,3249.0,test,11.903070698648602,3755.349159454793,5056.465766588983,2644.982503272199
2025-03-28,4185.0,test,0.0,4699.314148747822,4558.702507804606,3605.687856590519
2025-03-29,1035.0,test,0.0,2148.934032148647,3747.7138749187025,1067.1187790952506
2025-03-30,2751.0,test,0.0,3505.9931805009433,3738.7642420335296,2443.350467455185
2025-03-31,2954.0,test,0.0,3295.1536675308403,4693.856271017699,2251.452900609198
2025-04-01,3314.0,test,0.0,4182.62824035544,5148.438912420783,3155.2956088904
2025-04-02,4614.0,test,0.0,6413.931583608721,5285.716392003442,5403.166303464186
2025-04-03,5680.0,test,0.0,7043.103952577532,5332.261704528211,6045.601716613899
2025-04-04,5817.0,test,0.0,6617.588959154259,4831.549972233351,5639.262634547457
2025-04-05,5587.0,test,0.0,5318.737373752186,4017.215135486634,4352.812534080506
2025-04-06,2877.0,test,0.0,4365.92031128762,4004.948806696555,3422.770384468365
2025-04-07,4231.0,test,0.0,5592.449567779926,4956.8291411647815,4668.217534443269
2025-04-08,5085.0,test,0.0,6460.847980392884,5407.779327217187,5553.397934782779
2025-04-09,5075.0,test,0.0,5952.037721004095,5541.089598337438,5062.764491016417
2025-04-10,5115.0,test,0.0,6196.925171944895,5583.4362399916035,5321.3521639244345
2025-04-11,5826.0,test,0.0,6573.906637722532,5078.145713874411,5716.949958796811
2025-04-12,6679.0,test,0.0,6035.95244368507,4258.960032692793,5190.670901438679
2025-04-13,3889.0,test,0.0,3944.7310617913017,4242.006611205337,3120.488843383404
2025-04-14,4700.0,test,0.0,5771.778362618341,5189.446935035525,4965.773746246165
2025-04-15,5587.0,test,0.0,6770.412575874214,5635.685399972924,5980.562028924302
2025-04-16,5993.0,test,0.0,6767.334939834116,5764.104754477386,5993.931830692903
2025-04-17,3970.0,test,0.0,5545.073491149413,5801.490357841978,4785.70826887092
2025-04-18,1764.0,test,0.0,3967.5259119637594,5291.024932447124,3226.832827865099
2025-04-19,4145.0,test,0.0,6043.204949122723,4466.562776764141,5311.097420579781
2025-04-20,2992.0,test,0.0,5520.392280945215,4444.67060929063,4806.664004112233
2025-04-21,2528.0,test,0.0,5218.15413397689,5387.595756794682,4521.845761578572
2025-04-22,4526.0,test,0.0,6741.307052158449,5829.225227944722,6058.8488858551245
2025-04-23,4434.0,test,0.0,6782.504137859294,5953.035017705679,6114.570020301802
2025-04-24,3310.0,test,0.0,3939.718181452291,5985.919382877479,3283.615748084678
2025-04-25,3164.0,test,0.0,4422.406736480012,5470.91611346543,3781.1737321950486
2025-04-26,3057.0,test,0.0,3582.0487018113845,4641.98976792337,2948.6123111223465
2025-04-27,6348.0,test,0.0,5633.221689189817,4616.143536436452,5015.1171796448325
2025-04-28,6493.0,test,0.0,7134.374032077862,5555.706701307625,6529.402691214036
2025-04-29,7771.0,test,0.0,7852.168407879768,5994.043861882961,7258.48242661285
2025-04-30,7726.0,test,0.0,7880.536857440446,6114.718564728897,7298.666489220036
2025-05-01,8716.0,test,0.0,8099.631200572523,6144.727394898845,7525.299407035429
2025-05-02,7365.0,test,0.0,7811.423403933572,5626.955689926567,7249.287372594761
2025-05-03,4232.0,test,0.0,4871.50452620012,4795.470013716353,4315.5767480845125
2025-05-04,1656.0,test,0.0,2530.121422549577,4767.701097668445,1989.3530498131013
2025-05-05,1635.0,test,0.0,2826.54169345943,5706.050357424412,2297.964350186943
2025-05-06,3593.0,test,0.0,4166.138254720676,6143.349217022955,3646.4191761683505
2025-05-07,4522.0,test,0.0,5278.925628215704,6263.2375591651335,4768.099881545979
2025-05-08,3935.0,test,0.0,4545.0271613168425,6292.802459830954,4040.117400211572
2025-05-09,4612.0,test,0.0,5716.3507141784485,5774.764296665963,5221.5019430084085
2025-05-10,6833.0,test,0.0,5932.096846030511,4943.278705103285,5439.932269496449
2025-05-11,7197.0,test,0.0,6140.457244564314,4916.190681614798,5659.719662137437
2025-05-12,6482.0,test,0.0,7051.352754223075,5855.959965252865,6580.484493468388
2025-05-13,7593.0,test,0.0,7426.84043186582,6294.87043166402,6963.92714577956
2025-05-14,7682.0,test,0.0,7806.684706031872,6416.623878936698,7351.601636202509
2025-05-15,6321.0,test,0.0,6185.840517518367,6448.38325231155,5736.163557385754
2025-05-16,4964.0,test,0.0,5100.969680194656,5932.68911598031,4661.268926543255
2025-05-17,4353.0,test,0.0,4288.864590021911,5103.771350368193,3851.3853261246577
2025-05-18,4127.0,test,0.0,4566.021938760335,5079.874514981964,4139.601220787396
2025-05-19,6777.0,test,0.0,7239.139886014509,6023.5019141007915,6821.516888083825
2025-05-20,7350.0,test,0.0,7380.663414744333,6466.375040016773,6970.611318823583
2025-05-21,5461.0,test,0.0,5838.957508063328,6592.243216614709,5437.662495498771
2025-05-22,3491.0,test,0.0,4364.7736586441615,6628.331164997774,3969.4075051691602
2025-05-23,4156.0,test,0.0,4868.364710320791,6116.985809478866,4482.792795097478
2025-05-24,4805.0,test,0.0,5069.004962946495,5292.49797443862,4686.036028948157
2025-05-25,1222.0,test,0.0,2789.526813419214,5273.499101277737,2419.1206388407354
2025-05-26,3346.0,test,0.0,4695.613613443501,6222.52381215405,4334.964396902539
2025-05-27,5302.0,test,0.0,5330.010810768213,6670.719374047709,4978.072683659058
2025-05-28,3263.0,test,0.0,4668.607581614104,6801.871712303356,4326.378598283221
2025-05-29,2932.0,test,0.0,5246.346183544731,6843.257155511293,4909.83977804942
2025-05-30,6466.0,test,0.0,7358.120896148191,6337.019531769457,7031.532412792731
2025-05-31,6606.0,test,0.0,7298.167123940459,5517.502106729474,6975.258938255731
2025-06-01,4383.0,test,0.0,5600.421193743341,5503.715730159766,5291.601697840134
2025-06-02,3444.0,test,0.0,4528.89163741547,6458.219690463055,4233.268018441795
2025-06-03,4799.0,test,0.0,6774.178547405219,6911.581148091511,6488.110741766639
2025-06-04,5357.0,test,0.0,7077.169784876456,7047.618006540402,6801.863300203447
2025-06-05,3286.0,test,0.0,4726.035468129996,7093.654648074194,4459.922487698117
2025-06-06,5124.0,test,0.0,5939.356865652504,6591.629247987004,5684.972007636712
2025-06-07,1237.0,test,0.0,3264.222220921866,5775.936165687846,3017.3199963822253
2025-06-08,2059.0,test,0.0,4412.247355186939,5765.9655651735175,4180.021945449556
2025-06-09,5707.0,test,0.0,6848.222880240142,6724.3023205051595,6629.110604190588
2025-06-10,5852.0,test,0.0,7723.410925115804,7180.935333503023,7515.301550646771
2025-06-11,6526.0,test,0.0,7703.332850319137,7319.717715340306,7507.885482994854
2025-06-12,7240.0,test,0.0,8316.55912290734,7368.026289324105,8129.529695041538
2025-06-13,6513.0,test,0.0,8112.143394809762,6867.599014920526,7938.711054339054
2025-06-14,6450.0,test,0.0,7384.10412586096,6052.888007411811,7217.227490522094
2025-06-15,4554.0,test,0.0,6232.081749036677,6043.670639904711,6081.279657115383
2025-06-16,4116.0,test,0.0,5655.789708154293,7002.566223042585,5520.379200896943
2025-06-17,6729.0,test,0.0,8067.1373278998835,7458.995085111769,7942.961172157728
2025-06-18,6612.0,test,0.0,8519.956227153945,7596.856481004812,8407.628362159927
2025-06-19,6709.0,test,0.0,8643.1921895827,7643.591602026507,8539.257322638014
2025-06-20,5657.0,test,0.0,7741.320362397297,7140.750965810758,7651.219468700811
2025-06-21,5768.0,test,0.0,7244.185690547257,6322.858205277309,7159.888374080873
2025-06-22,6026.0,test,0.0,7555.038594570327,6310.092625824969,7484.811720553508
2025-06-23,4988.0,test,0.0,7137.036320426692,7265.123349527252,7079.453171082861
2025-06-24,7955.0,test,0.0,8605.20416672436,7716.818004022448,8557.916113640811
2025-06-25,8528.0,test,0.0,9195.177603957814,7849.138745415965,9157.574301437955
2025-06-26,4733.0,test,0.0,6589.078093932259,7889.6084861398585,6558.154369284137
2025-06-27,5184.0,test,0.0,5604.794577096551,7379.608079638071,5585.393560433709
2025-06-28,7019.0,test,0.0,6740.065572358208,6553.750993983493,6722.777866806188
2025-06-29,7201.0,test,0.0,7502.2301939757435,6532.637274382112,7495.5625964361125
2025-06-30,7742.0,test,0.0,8527.247973175097,7479.00482049172,8529.052322294272
2025-07-01,8790.0,test,0.0,9156.10946153089,7921.187511043747,9163.619546664013
2025-07-02,7729.0,test,0.0,8535.544665769692,8043.229710256606,8548.74575877265
2025-07-03,6115.0,test,0.0,6533.458820113985,8072.7554098402015,6548.865619030672
2025-07-04,5668.0,test,0.0,6611.190663144164,7550.995024822605,6632.052409509954
2025-07-05,7260.0,test,0.0,6840.1608663232255,6712.671057247076,6857.744871721578
2025-07-06,5192.0,test,0.0,4476.139669818233,6678.823406621357,4499.680852440068
2025-07-07,4601.0,test,0.0,5002.482996920571,7612.277443957735,5028.79736077413
2025-07-08,2965.0,test,0.0,4351.745000079212,8040.8513966794,4378.51764912741
2025-07-09,5527.0,test,0.0,5849.727502387379,8148.689708529084,5874.521765259141
2025-07-10,6593.0,test,0.0,6857.656218101083,8163.534794589135,6875.550444548225
2025-07-11,5009.0,test,0.0,5480.000192099964,7626.483270058261,5496.110783068155
2025-07-12,6383.0,test,0.0,6433.122619507472,6772.382717587143,6438.142413915758
2025-07-13,7119.0,test,0.0,6477.670515412571,6722.728298954604,6479.53242908831
2025-07-14,4624.0,test,0.0,5525.979492152392,7640.447302501231,5523.117563340004
2025-07-15,5537.0,test,0.0,6217.375795450684,8052.855628484242,6205.286636830826
2025-07-16,4976.0,test,0.0,5265.865615535204,8144.210390695056,5244.6711752437395
2025-07-17,6070.0,test,0.0,6488.413861444634,8142.384003687772,6452.52835532809
2025-07-18,7138.0,test,0.0,7496.576454551842,7588.349688939201,7449.277789541999
2025-07-19,6685.0,test,0.0,6745.761938385245,6717.089484276282,6678.914222280615
2025-07-20,7970.0,test,0.0,6793.873695507446,6650.562136951916,6715.3183587204785
2025-07-21,3500.0,test,0.0,5332.872666508035,7551.8038298739375,5241.538633151141
2025-07-22,7339.0,test,0.0,7623.175095822371,7947.633638179725,7513.630000997202
2025-07-23,7814.0,test,0.0,6713.8295316278945,8022.425793270186,6586.220642383249
2025-07-24,3099.0,test,0.0,4669.715920196861,8004.185855228889,4520.234176908709
2025-07-25,4103.0,test,0.0,4561.449071085406,7433.7653760292105,4392.368066838147
2025-07-26,1176.0,test,0.0,2894.0596271658865,6546.281326086277,2698.3762757064897
2025-07-27,2532.0,test,0.0,4132.341154999129,6464.155286505624,3916.6113693302686
2025-07-28,3183.0,test,0.0,4060.6762808440644,7350.530097920659,3823.3479147170274
2025-07-29,4488.0,test,0.0,5299.265432825259,7731.724198273616,5036.355057305018
2025-07-30,4598.0,test,0.0,4914.433474911252,7792.224009960541,4626.104930495956
2025-07-31,5188.0,test,0.0,6060.756384687424,7760.161990553908,5741.859197914202
2025-08-01,3098.0,test,0.0,4661.517693236366,7176.260373109893,4317.385926047624
2025-08-02,1074.0,test,0.0,2682.6528560933375,6275.762225406501,2305.5367964634283
2025-08-03,1597.0,test,0.0,3319.980101259768,6181.541999459132,2917.2307893995708
2025-08-04,3188.0,test,0.0,4653.57263951059,7056.837886667354,4222.897575793444
2025-08-05,5273.0,test,0.0,6567.331621556212,7427.454986227202,6105.316536129971
2025-08-06,6518.0,test,0.0,7696.5226892583,7477.978315036157,7204.900276644672
2025-08-07,7055.0,test,0.0,8336.764243757807,7436.652567674977,7810.1808684987445
2025-08-08,6696.0,test,0.0,8264.066631133483,6844.054890724337,7707.688598408644
2025-08-09,6643.0,test,0.0,7522.085294289362,5935.537826015445,6928.969062684043
2025-08-10,6243.0,test,0.0,6932.504941077477,5834.41130984839,6312.298607090905
2025-08-11,6182.0,test,0.0,7812.494284668899,6703.99055087287,7162.902902882967
2025-08-12,7460.0,test,0.0,8633.030834697236,7069.548009672967,7951.600370460808
2025-08-13,7518.0,test,0.0,9020.328427993616,7115.747560592211,8307.748694575184
2025-08-14,6351.0,test,0.0,8673.412042552825,7070.925819252097,7927.004077829464
2025-08-15,5855.0,test,0.0,7568.0777066043265,6475.493933085446,6793.064981513711
2025-08-16,2441.0,test,0.0,4381.230760263341,5564.892683150577,3572.478520578664
2025-08-17,4397.0,test,0.0,5152.6557593652615,5462.846046365094,4317.773148096276
2025-08-18,5449.0,test,0.0,7535.981543920299,6332.724430931328,6673.577840180164
2025-08-19,7199.0,test,0.0,8228.221291120206,6699.24546361291,7337.255767258799
2025-08-20,3996.0,test,0.0,5854.269362035599,6747.129846274498,4937.012203353014
2025-08-21,2085.0,test,0.0,4574.857431019783,6704.784119991825,3628.9104211466533
2025-08-22,4376.0,test,0.0,5846.784576621046,6112.431462175119,4876.355953052802
2025-08-23,3448.0,test,0.0,4035.298062386834,5205.57922707172,3035.542608751634
2025-08-24,4507.0,test,0.0,5288.366109440969,5108.344187116991,4268.069654010142
2025-08-25,5193.0,test,0.0,7233.763653393402,5984.1309606616915,6192.541113279431
2025-08-26,6719.0,test,0.0,7895.61361254864,6357.08160072209,6832.752275562834
2025-08-27,5543.0,test,0.0,7386.57485570834,6411.953683762171,6304.311956695743
2025-08-28,3047.0,test,0.0,4868.089420554489,6377.204371222705,3765.695358322716
2025-08-29,2634.0,test,0.0,5262.576070024864,5792.850192749419,4144.879182319569
2025-08-30,2583.0,test,0.0,4502.248187038498,4894.447292128487,3363.858492635464
2025-08-31,5781.0,test,0.0,6148.352990634921,4806.488447844233,4998.890806855412
2025-09-01,4198.0,test,0.0,5513.650253926712,5692.3965092478165,4354.172978758492
2025-09-02,2992.0,test,0.0,5420.827550160837,6075.722759584145,4251.103868276551
2025-09-03,5707.0,test,0.0,7406.032922956621,6141.247751439873,6226.572183972232
2025-09-04,5462.0,test,0.0,6997.449900800322,6117.466500938694,5807.221875770993
2025-09-05,1636.0,test,0.0,3911.131432373433,5544.1772089404885,2718.878372753951
2025-09-06,4572.0,test,0.0,5986.774357427521,4656.974449622414,4783.915475545205
2025-09-07,3337.0,test,0.0,5859.830065449849,4580.718038879947,4658.064626552849
2025-09-08,4855.0,test,0.0,6022.275818440717,5478.841261799848,4821.851267263294
2025-09-09,3846.0,test,0.0,5098.250540115503,5874.297947976142,3899.918595277125
2025-09-10,2905.0,test,0.0,4390.113226016294,5951.886532039402,3195.7774713282943
2025-09-11,4327.0,test,0.0,5749.330253126536,5940.136178249218,4555.017275449922
2025-09-12,3855.0,test,0.0,4590.058667906113,5378.624352966602,3404.4314921344185
2025-09-13,4591.0,test,0.0,4623.195864096867,4502.9831537160935,3439.4753507169517
2025-09-14,2167.0,test,0.0,3297.1094629472473,4438.4400538827385,2127.2875784845664
2025-09-15,5681.0,test,0.0,6731.796090606344,5348.440663496303,5573.378316499075
2025-09-16,4957.0,test,0.0,6114.818168649217,5755.344413666135,4970.045025919664
2025-09-17,5328.0,test,0.0,6160.798345779665,5843.972279422124,5030.651823483228
2025-09-18,6644.0,test,0.0,7809.405599753041,5842.893590980287,6690.330559747115
2025-09-19,6742.0,test,0.0,7607.636974862941,5291.472329542868,6506.883012509059
2025-09-20,5985.0,test,0.0,6891.279319558248,4425.386753881877,5803.127428976796
2025-09-21,5956.0,test,0.0,6220.541429367277,4370.242009455193,5156.001998862361
2025-09-22,3377.0,test,0.0,4102.490799664197,5289.507124780285,3062.7366958802436
2025-09-23,3958.0,test,0.0,4070.9266508209857,5704.959163027607,3053.4088466326702
2025-09-24,2496.0,test,0.0,3658.4156728852467,5801.455006866849,2664.651832184901
2025-09-25,3687.0,test,0.0,5051.606944880359,5807.618576110508,4077.4324427986967
2025-09-26,3603.0,test,0.0,4294.100178233138,5262.615683747094,3346.3483790247838
2025-09-27,3094.0,test,0.0,4015.7695898763677,4402.187083576078,3087.7685609563887
2025-09-28,3192.0,test,0.0,3747.199275314503,4352.332899972955,2848.9910658977124
2025-09-29,4186.0,test,0.0,4249.308221976266,5276.563531950183,3379.8210534036757
2025-09-30,3060.0,test,0.0,4010.969124772521,5696.0921017761875,3169.06066103896
2025-10-01,4470.0,test,0.0,5852.63356228745,5795.8306756196025,5038.271211808953
2025-10-02,3910.0,test,0.0,5948.402329976931,5804.477583307128,5158.5713663047845
2025-10-03,2964.0,test,0.0,5734.532862482153,5261.020649856598,4974.345063772447
2025-10-04,2195.0,test,0.0,4262.1548542546625,4401.283768537949,3523.5578427080513
2025-10-05,1064.0,test,0.0,1960.0259476067813,4351.683090760047,1255.096434956109
2025-10-06,2275.0,test,0.0,2967.751370843253,5275.79149558238,2292.745725926555
2025-10-07,3343.0,test,0.0,4746.194023507945,5694.279153538173,4097.839649823077
2025-10-08,4329.0,test,0.0,6277.854146857599,5792.134548016621,5656.698379145273
2025-10-09,3628.0,test,0.0,4379.76107072873,5798.151586434143,3783.044157333914
2025-10-10,3506.0,test,0.0,3860.9949323290116,5251.161018832439,3292.644293109489
2025-10-11,3433.0,test,0.0,4013.092535226491,4387.090639846488,3464.451477460286
2025-10-12,3403.0,test,0.0,3595.8395928787086,4332.793179928398,3076.04457330366
2025-10-13,4026.0,test,0.0,4051.189660712482,5251.924002397024,3558.047109986779
2025-10-14,4722.0,test,0.0,5519.878183884697,5664.629607683601,5049.7389757776555
2025-10-15,4634.0,test,0.0,5663.104539127489,5755.993830253458,5215.670103990022
2025-10-16,4245.0,test,0.0,4036.0681957869265,5754.924442671446,3607.8318062130156
2025-10-17,3715.0,test,0.0,3817.295091183742,5200.112587562763,3410.652504239397
2025-10-18,3383.0,test,0.0,3491.767728909839,4327.6067292447815,3098.5570056108545
2025-10-19,3264.0,test,0.0,3915.824592475079,4264.712207069634,3543.783137963989
2025-10-20,4410.0,test,0.0,4229.092486088959,5175.181843816992,3875.375133526937
2025-10-21,5001.0,test,0.0,6244.774366067386,5578.652239511634,5905.4726196519005
2025-10-22,3608.0,test,0.0,4480.645665783533,5660.3155448580765,4156.171518940314
2025-10-23,3184.0,test,0.0,4296.862540091463,5649.205287517614,3981.2259064006166
2025-10-24,2878.0,test,0.0,4232.775168048429,5083.883673396562,3930.3610557450083
2025-10-25,1691.0,test,0.0,2784.6995649050486,4200.529440118662,2485.639008324119
2025-10-26,2152.0,test,0.0,2852.9821452583565,4126.909066125934,2565.194055266552
2025-10-27,2014.0,test,0.0,2925.1563197416945,5026.880008320869,2645.7087087098107
2025-10-28,3974.0,test,0.0,5284.571334054124,5419.574669953646,5008.021364183998
2025-10-29,4795.0,test,0.0,6181.792738692906,5490.298188118733,5907.845024908906
2025-10-30,4151.0,test,0.0,5463.54008316577,5468.213248743463,5187.374743568874
2025-10-31,3686.0,test,0.0,4591.261730825951,4891.75515108123,4316.463446403423
2025-11-01,3709.0,test,0.0,4364.604492826116,3997.233753733758,4081.186326859516
2025-11-02,660.0,test,0.0,2354.4974384823677,3912.8763719588956,2071.3616180139993
2025-11-03,3290.0,test,0.0,4548.729489037285,4802.6434013321,4261.754536462955
2025-11-04,4270.0,test,0.0,6192.537727375665,5185.159883107567,5897.652604045068
2025-11-05,4046.0,test,0.0,6190.123714702406,5245.839782241437,5886.6641536631505
2025-11-06,3352.0,test,0.0,3903.0483126230665,5213.969595887743,3587.366329606283
2025-11-07,2588.0,test,0.0,2886.184133776968,4627.851112774489,2560.4404257278647
2025-11-08,1884.0,test,0.0,2122.8714607888533,3723.9176796818165,1777.7311537349383
2025-11-09,1381.0,test,0.0,2218.3007766956284,3630.848855664266,1861.0998234879496
2025-11-10,3764.0,test,0.0,4419.358426433163,4512.698213618183,4047.160184687582
2025-11-11,4178.0,test,0.0,5513.5009844313245,4887.572460502125,5123.026830662355
2025-11-12,4512.0,test,0.0,5916.782383899097,4940.982715191629,5507.587221052621
2025-11-13,4735.0,test,0.0,6345.307370153627,4902.326746378956,5911.737071819926
2025-11-14,4525.0,test,0.0,5401.002071980785,4309.759388031639,4947.537395482853
2025-11-15,3179.0,test,0.0,4007.981454560552,3399.823382109549,3527.1717752826926
2025-11-16,2744.0,test,0.0,3519.984279398519,3301.6358843536354,3019.1951081799334
2025-11-17,2329.0,test,0.0,3217.979135681265,4179.3282595024975,2695.546887867996
2025-11-18,3719.0,test,0.0,4270.121067267028,4550.472735590678,3722.5305990884626
2025-11-19,3312.0,test,0.0,4365.053285600674,4600.6612108005,3791.5987356883697
2025-11-20,2889.0,test,0.0,3464.888990743647,4559.385974015933,2861.1468575248655
2025-11-21,2147.0,test,0.0,2432.5400047629814,3964.637752636987,1803.3716607274325
2025-11-22,1298.0,test,0.0,1785.0679830063348,3053.0514001152824,1122.2599656818256
2025-11-23,1341.0,test,0.0,2174.5733224106143,2954.1643582640254,1486.295075764384
2025-11-24,1477.0,test,0.0,2226.889688054963,3832.1682695983213,1510.9886003553263
2025-11-25,2380.0,test,0.0,3221.0495756101345,4204.083150226121,2475.4299221000983
2025-11-26,2126.0,test,0.0,2975.1698714156933,4255.564257856489,2200.6581779866333
2025-11-27,2888.0,test,0.0,3684.3424826456076,4216.1811484942755,2876.181634782929
2025-11-28,2533.0,test,0.0,4317.984291150456,3623.743330665645,3481.165335378345
2025-11-29,1412.0,test,0.0,2308.1793021252806,2714.9610617698672,1435.682953168178
2025-11-30,1582.0,test,0.0,2581.189807830491,2619.77586477989,1682.1263274904054
2025-12-01,2752.0,test,0.0,3064.127862671649,3502.423771594653,2137.7953337621666
2025-12-02,3371.0,test,0.0,4359.069931428331,3879.356987172394,3402.9972841452636
2025-12-03,3016.0,test,0.0,3203.959126232349,3936.2793369166893,2219.725817390563
2025-12-04,3008.0,test,0.0,2872.661001747703,3902.823496613901,1856.3243925007232
2025-12-05,1927.0,test,0.0,2668.5106489757095,3316.60420867785,1624.8980712095401
2025-12-06,1597.0,test,0.0,2635.999086807672,2414.3944309603003,1558.1779359851237
2025-12-07,1181.0,test,0.0,1761.535362392963,2326.52798339136,659.8932779540655
2025-12-08,2891.0,test,0.0,3916.493803814427,3217.2742120134444,2789.146988023447
2025-12-09,4027.0,test,0.0,5985.65717181625,3602.5070911771486,4831.597053002413
2025-12-10,3968.0,test,0.0,5777.80823437043,3667.9697413619015,4599.115309629284
2025-12-11,3368.0,test,0.0,3947.613837527459,3643.3496406363647,2741.799515989494
2025-12-12,2942.0,test,0.0,3624.7737552919425,3066.0593284930746,2397.0021297241274
2025-12-13,1738.0,test,0.0,2051.0726035717025,2172.9281197188175,795.1626978683166
2025-12-14,1527.0,test,0.0,1933.2432054326116,2094.6769244600055,658.7536678609655
2025-12-15,3038.0,test,0.0,3655.29296315978,2995.6040896374316,2361.502330133294
2025-12-16,3130.0,test,0.0,3075.2319339918267,3391.001852469927,1761.5695649915444
2025-12-17,3301.0,test,0.0,4020.105604967136,3466.650385953007,2686.2345678627826
2025-12-18,3463.0,test,0.0,5536.990398500238,3452.2907657216424,4180.510003135656
2025-12-19,3188.0,test,0.0,5061.18296546503,2885.1330525371395,3688.842450740939
2025-12-20,2117.0,test,0.0,3783.902768724497,2002.0637494310236,2390.2240747517353
2025-12-21,1125.0,test,0.0,1511.8322267886604,1934.1928044097149,107.73075809770734
2025-12-22,1692.0,test,0.0,2567.41271624816,2845.850351913361,1150.7451288870004
2025-12-23,1216.0,test,0.0,3081.044627945565,3251.750397457518,1650.666857260981
2025-12-24,287.0,test,0.0,2927.0468192344492,3337.714815379713,1484.6648472173922
2025-12-25,235.0,test,0.0,3670.7948702882677,3333.543812931106,2213.2930588684617
2025-12-26,348.0,test,0.0,2408.8229506886228,2776.251251431617,942.7324187084707
2025-12-27,787.0,test,0.0,2269.7504298843214,1902.7879950689012,788.0870537531779
2025-12-28,618.0,test,0.0,1410.4232695659352,1844.6610768073092,0.0
2025-12-29,995.0,test,0.0,2142.48959113091,2766.241035176301,650.3463897121427
2025-12-30,823.0,test,0.0,2988.462765458781,3181.6726840031524,1488.7927863952505
2025-12-31,663.0,test,0.0,4337.539074655588,3276.82946304102,2831.8564415710093
2026-01-01,663.0,test,0.0,4648.782875386703,3281.5811185948905,3133.6527332318256
2026-01-02,741.0,test,0.0,2353.074887817313,2732.756102711722,835.5913155591468
2026-01-03,567.0,test,0.0,2901.1948255149227,1867.3809433921533,1374.0935828924344
2026-01-04,554.0,test,0.0,2746.032932802276,1817.3715375830357,1219.3308477255075
2026-01-05,835.0,test,0.0,2148.6462420649973,2747.150763860811,621.9372649832934
2026-01-06,609.0,test,0.0,3500.718598730886,3170.3061786990097,1971.6733806693887
2026-01-07,1551.0,test,0.0,3776.7386245656153,3272.775110447581,2246.4868075878903
2026-01-08,1397.0,test,0.0,2633.4682175088083,3284.509267624445,1098.6379155624495
2026-01-09,1277.0,test,0.0,3622.8139422140002,2742.164049628919,2088.1154580171797
2026-01-10,828.0,test,0.0,1498.8957736238242,1882.8540646215843,0.0
2026-01-11,490.0,test,0.0,1978.9648455679885,1838.9165121912752,443.81444839833694
2026-01-12,1111.0,test,0.0,2759.5820904347356,2774.8387533760188,1225.9478864456282
2026-01-13,2399.0,test,0.0,4633.089838540875,3203.6627781012244,3099.608702212969
2026-01-14,2935.0,test,0.0,5296.58707080225,3311.401438604023,3764.3447274069313
2026-01-15,3180.0,test,0.0,5390.63045918834,3328.0997040853085,3856.2070543569953
2026-01-16,2815.0,test,0.0,4817.593567331147,2790.250726186938,3286.9057028861434
2026-01-17,1312.0,test,0.0,1498.6182917644164,1935.0676427409549,0.0
2026-01-18,1114.0,test,0.0,1529.051613832748,1895.3190266037177,1.3813743144041837
2026-01-19,2698.0,test,0.0,4499.768146833467,2835.566110193648,2974.83091430161
2026-01-20,2927.0,test,0.0,4952.467431920653,3268.31388638452,3429.4717308091626
2026-01-21,2841.0,test,0.0,4880.309314395452,3379.658897077101,3359.694191433413
2026-01-22,2415.0,test,0.0,2842.996417620007,3399.746873915334,1322.1630292125724
2026-01-23,1925.0,test,0.0,3308.179838905926,2864.915424361612,1790.175017330543
2026-01-24,1048.0,test,0.0,1674.4029834655087,2012.4822836394305,152.22522024749856
2026-01-25,885.0,test,0.0,1041.3120836999828,1975.6528315837504,0.0
2026-01-26,1622.0,test,0.0,3110.1667535935158,2919.066695289077,1595.540331274123
2026-01-27,2802.0,test,0.0,5096.237010715922,3354.695373241939,3582.116631339296
2026-01-28,2807.0,test,0.0,3580.194509386049,3468.7220233285066,2068.0419264948932
2026-01-29,1569.0,test,0.0,3057.995177605956,3491.3952583903047,1543.48801029688
2026-01-30,2122.0,test,0.0,4355.875607752217,2958.8983484369696,2842.982828331259
2026-01-31,1642.0,test,0.0,3337.245152832436,2108.6541133555475,1818.9441778610296
2026-02-01,1249.0,test,0.0,2656.182302146033,2074.3045400969586,1141.5815068451861
2026-02-02,5041.0,test,0.0,3698.1825418400717,3020.56651752209,2185.861813373289
2026-02-03,3304.0,test,0.0,4511.129609585684,3458.875904084256,2997.9465186040557
2026-02-04,2933.0,test,0.0,3263.7111559572813,3575.4997901108322,1751.1900088454909
2026-02-05,3023.0,test,0.0,4281.883853335281,3600.7862469367965,2764.932140573024
2026-02-06,2401.0,test,0.0,3507.665467556749,3070.759970316768,1990.6277074841412
2026-02-07,1854.0,test,0.0,2868.844579096316,2222.944035471142,1344.735242067995
2026-02-08,1938.0,test,0.0,3044.763703945484,2191.411675085804,1523.0072316398532
2026-02-09,2831.0,test,0.0,3027.4512856974466,3140.950927576108,1506.9549675414855
2026-02-10,3322.0,test,0.0,4057.9692507878194,3582.455094767576,2535.354696247271
2026-02-11,4960.0,test,0.0,4544.851196888134,3702.267978444684,3020.341526533084
2026-02-12,2734.0,test,0.0,4015.175807092289,3730.8294053936097,2485.58176456231
2026-02-13,2724.0,test,0.0,4031.4058776961656,3203.997259286376,2501.5136646847855
2026-02-14,1219.0,test,0.0,1854.9559486848016,2359.386340415912,318.13084211928566
2026-02-15,772.0,test,0.0,1066.1123766754235,2331.492384066776,0.0
2026-02-16,1701.0,test,0.0,3636.558278037751,3285.165420659915,2101.0751166478417
2026-02-17,1903.0,test,0.0,3637.9955854709087,3730.7465853631647,2100.9773460057168
2026-02-18,2109.0,test,0.0,4074.765277355301,3854.646842693466,2536.683755695564
2026-02-19,1500.0,test,0.0,2370.3110079822463,3887.3881213802106,827.7663736644015
2026-02-20,980.0,test,0.0,2647.05114684694,3364.651691602288,1104.0810081571735
2026-02-21,625.0,test,0.0,1808.104468723093,2524.1343794171908,257.571024483103
2026-02-22,977.0,test,0.0,2446.393921781036,2500.744910553186,897.4362585001131
2026-02-23,2433.0,test,0.0,3317.731380478485,3459.3857841609006,1769.9731480885953
2026-02-24,1632.0,test,0.0,3292.705800882708,3909.8363974695976,1744.8133665073108
2026-02-25,4061.0,test,0.0,6214.905125744408,4038.565771474381,4665.862401991171
2026-02-26,4619.0,test,0.0,6677.399912389271,4076.1691263885164,5124.178000753302
2026-02-27,7944.0,test,0.0,6309.584948671096,3558.1425558983788,4758.134255489061
2026-02-28,6402.0,test,0.0,4789.577577730206,2722.2568390941783,3233.637110567578
2026-03-01,2249.0,test,0.0,2632.175234397356,2703.8261854241764,1082.0573462263296
2026-03-02,3922.0,test,0.0,5282.034707359226,3667.798412362022,3734.9483820084915
2026-03-03,4239.0,test,0.0,4689.359630492045,4123.3843349245,3144.9901935675734
2026-03-04,3961.0,test,0.0,4911.618512012801,4257.104990504588,3370.161547988637
2026-03-05,4543.0,test,0.0,5994.034568793975,4299.623468662197,4451.38855691637
2026-03-06,4382.0,test,0.0,5940.161280010847,3786.245815378952,4402.3584960788885
2026-03-07,4899.0,test,0.0,5129.006995484855,2954.8126651107914,3589.612414864179
2026-03-08,4246.0,test,0.0,4680.450420145755,2941.0404408868785,3149.5526733488455
2026-03-09,4174.0,test,0.0,4834.153463422968,3909.9196029408713,3310.682538714902
2026-03-10,5174.0,test,0.0,6675.884076114275,4370.09022842645,5157.816480669326
2026-03-11,4380.0,test,0.0,5485.898472182769,4508.124208026621,3975.2548504497217
2026-03-12,3064.0,test,0.0,4781.422036441678,4554.752117126773,3275.030277874401
2026-03-13,5388.0,test,0.0,6127.868359388417,4045.0902555035727,4629.816618845274
2026-03-14,2295.0,test,0.0,3387.8485766000967,3217.0502939331077,1893.390313221358
2026-03-15,1866.0,test,0.0,2414.8730174031866,3206.752954567918,933.6114435309103
2026-03-16,2940.0,test,0.0,3511.205900427602,4179.234068170412,2041.4574908237191
2026-03-17,3120.0,test,0.0,3786.5848928689234,4642.566239706975,2327.3000503797457
2026-03-18,6160.0,test,0.0,5334.867227312236,4783.376459761299,3885.851676536878
2026-03-19,7677.0,test,0.0,5972.972681517643,4832.467774274461,4531.357126935254
2026-03-20,4632.0,test,0.0,5672.721606379909,4324.772335441874,4244.620850342311
2026-03-21,2716.0,test,0.0,3240.701192067384,3498.2792280618887,1819.7112990281173
2026-03-22,4371.0,test,0.0,4941.86156430983,3489.520626466858,3536.7248061134433
2026-03-23,4204.0,test,0.0,4902.482045431074,4463.585369639868,3513.211530820369
2026-03-24,4925.0,test,0.0,6317.675774833153,4927.9865808175655,4941.958672027007
2026-03-25,3127.0,test,0.0,5106.3301939998255,5069.415110278482,3745.652241048748
2026-03-26,2391.0,test,0.0,3506.6874239594613,5118.755735156431,2159.01099867276
2026-03-27,2783.0,test,0.0,3589.127555494829,4610.766072844355,2257.9704651127404
2026-03-28,2602.0,test,0.0,3983.964244757384,3783.522729192397,2662.2054064996605
2026-03-29,837.0,test,0.0,1845.918530405362,3773.9799065415646,544.459880504004
2026-03-30,1955.0,test,0.0,3285.2880846133667,4747.290185693609,2001.9079157046524
2026-03-31,2218.0,test,0.0,3865.8408541665744,5210.417949034931,2599.146264200607
2026-04-01,2942.0,test,0.0,4581.040240494602,5350.129054585473,3331.058168508758
2026-04-02,2812.0,test,0.0,4242.02459441203,5397.401282272841,3005.6437806758477
2026-04-03,2535.0,test,0.0,5006.7071281349345,4886.82894797152,3788.362863457398
2026-04-04,1406.0,test,0.0,3033.85879118285,4056.5875045688126,1827.2342059506886
2026-04-05,3421.0,test,0.0,5818.232081773436,4044.064566535066,4630.774345766495
2026-04-06,3203.0,test,0.0,6025.066990484385,5014.487580585288,4858.3357639819305
2026-04-07,5022.0,test,0.0,7180.857248393773,5474.282896895312,6031.321404427118
2026-04-08,5470.0,test,0.0,7083.247852867643,5610.302071722419,5951.927345826754
2026-04-09,4376.0,test,0.0,6035.686249378303,5653.626275884136,4918.822598933884
2026-04-10,2383.0,test,0.0,3565.0632569657664,5138.696449155518,2468.0773158410407
2026-04-11,5869.0,test,0.0,5245.093410124024,4303.796489118476,4158.307132083631
2026-04-12,2008.0,test,0.0,2704.1897918200193,4286.756663718517,1639.5621199603038
2026-04-13,4073.0,test,0.0,4005.8259442028216,5252.887860526427,2960.2158551735897
2026-04-14,6459.0,test,0.0,4140.238805501933,5708.086160873467,3111.9589940062656
2026-04-15,5013.0,test,0.0,4517.216217321818,5839.2961808975115,3505.6459600231283
2026-04-16,5622.0,test,0.0,6205.1715417590485,5877.709172286186,5205.557447468258
2026-04-17,6465.0,test,0.0,6789.271704163333,5357.6185730811185,5806.93881083745
2026-04-18,7910.0,test,0.0,5652.300762954817,4517.421937548292,4679.883263130356
2026-04-19,2205.0,test,0.0,3859.3371825527192,4495.3967282381045,2907.012755713922
2026-04-20,5226.0,test,0.0,5949.1283980732005,5456.940855430096,5014.342702585759
2026-04-21,5284.0,test,0.0,5702.7013389760505,5907.422632357549,4783.418220194741
2026-04-22,5774.0,test,0.0,6839.357849817636,6033.881589582479,5934.518661580734
2026-04-23,6487.0,test,0.0,7417.393218782004,6067.620024242772,6522.478340926009
2026-04-24,6642.0,test,0.0,7015.531587119269,5542.7838307945,6135.838465612082
2026-04-25,7320.0,test,0.0,6355.162521256523,4697.883353860566,5482.776935763425
2026-04-26,7159.0,test,0.0,5693.321051180521,4671.6415809569535,4837.921069816757
2026-04-27,6262.0,test,0.0,6921.139269863633,5629.540714091437,6080.5279830520685
2026-04-28,6838.0,test,0.0,6890.731917867768,6076.417415396471,6062.486728085512
2026-04-29,6428.0,test,0.0,6980.311787153981,6199.401561637482,6164.68982972692
2026-04-30,5772.0,test,0.0,7055.423993705489,6229.90103024548,6248.219108748816
