date,actual,split,pred_baseline,pred_max_temp,pred_sunshine_hours,pred_precipitation,pred_temp_sun,pred_all_weather
2023-01-01,596.0,val,367.10630926771717,564.8597949563273,591.4713579966549,380.6461904576553,639.3863589202297,615.2981834021542
2023-01-02,1085.0,val,1075.3403669893362,1189.7407704342227,984.8807023464976,1105.9716584956682,1001.1588052684074,1009.5492954716077
2023-01-03,884.0,val,1193.0554459648201,1242.926866825095,849.903480649019,1127.5161854873695,877.1480805140656,861.0824308581145
2023-01-04,1018.0,val,1194.8056818729751,1268.9229179957142,1122.4216369683265,1189.8718149372296,1120.8588498102872,1135.0628497965956
2023-01-05,725.0,val,1102.6967575599142,1148.2101993868305,901.7339581360734,964.6671789480325,936.3359269225635,913.5489606944097
2023-01-06,616.0,val,774.2471192168682,829.4010780320857,873.0494268611509,829.4516835314798,867.8676577024775,939.0909557791299
2023-01-07,764.0,val,185.8205473531532,236.3847741440252,513.0135788704961,203.70570418065302,489.8800682557912,474.97029477190017
2023-01-08,516.0,val,194.9499416911708,169.12202155338912,109.29838370183808,186.2360677547764,138.70578713152742,176.90631540442917
2023-01-09,1491.0,val,1114.708591164922,1003.9533671289508,761.8291587111567,1090.1972703722636,735.287429999342,774.1990926659763
2023-01-10,1545.0,val,1241.7283254004028,1046.9006044186533,938.2465275814873,1213.196357049984,879.2854917293251,883.0070484249172
2023-01-11,1427.0,val,1259.3205784319528,1356.057487047427,1054.939227064325,1018.7973319187429,1110.8430398230144,1032.1764755394624
2023-01-12,1540.0,val,1167.1751021347425,1121.4962081549468,978.1703165830833,1173.3602601097084,989.1364310632754,1069.3235631362218
2023-01-13,1157.0,val,808.5684351698443,907.4725867925337,624.481727663853,762.3923179121172,712.4103056312451,804.7110142050507
2023-01-14,760.0,val,159.48995838820565,215.73538222260186,240.54826939514643,120.23915174277136,283.3819368398585,309.70811911539045
2023-01-15,327.0,val,194.54916652441318,399.4292898675537,31.158574975591932,80.91246753846588,200.44456861544694,237.712112078792
2023-01-16,1628.0,val,1127.9047116977908,919.9227363024738,1060.9937599440325,1124.192187433186,964.9458994808447,983.6826901243376
2023-01-17,1717.0,val,1260.8871712069213,990.4957605927699,1141.675461411699,1234.1926582534952,1038.9865368677338,1027.0919299357852
2023-01-18,1555.0,val,1281.2145993842869,915.4156469004627,1068.978273340995,1216.1459685076393,941.9881133624887,950.1260432821623
2023-01-19,1061.0,val,1190.227076875654,685.9543951553658,1096.820359757024,1175.8311001054135,906.6344839982098,934.31270548116
2023-01-20,796.0,val,831.770000436183,265.33209835899424,566.969618960615,668.5818325927426,392.06242759598297,384.0410562488046
2023-01-21,150.0,val,182.17740506356347,0.0,59.379634206947856,0.0,0.0,0.0
2023-01-22,97.0,val,217.6285898431962,0.0,40.602601451447356,163.5690230543828,0.0,0.0
2023-01-23,586.0,val,1152.6718843580766,628.8233356169171,761.6914436451425,1106.8964843482954,595.2740684808687,628.1265757129304
2023-01-24,745.0,val,1286.2537846522473,846.8134045350643,888.2581742851937,1243.8556494175996,770.6404870149398,792.9895292246813
2023-01-25,961.0,val,1307.0896397320982,782.790917680035,994.0994148201955,1263.9255936517413,824.623036473128,858.8565045093366
2023-01-26,988.0,val,1216.5276043066551,599.6054569439926,947.8364532763649,1174.2446252583704,747.7147653868003,787.2637128259519
2023-01-27,531.0,val,858.1916936026519,265.3410262488872,576.0888361814488,816.413856572074,401.53301724364604,476.05183810581246
2023-01-28,274.0,val,208.38128227206107,0.0,71.78713520571762,149.47314611722186,0.0,0.0
2023-01-29,229.0,val,244.66591626204206,0.0,53.73645499689957,190.74603196853593,0.0,0.0
2023-01-30,1004.0,val,1181.8975826523942,788.5003307021268,892.6419327625949,1148.9048313937237,773.0535067698179,813.8638480973606
2023-01-31,1192.0,val,1316.5944010384055,962.2488574936864,1059.5440046836015,1261.5446588018679,961.0031436168831,964.6187844418373
2023-02-01,1154.0,val,1338.4513553133988,1005.1219828837935,1004.2174201552039,1282.8517741207947,928.7183133039262,981.1108839838894
2023-02-02,810.0,val,1248.8159268145691,883.3384998539073,958.9284140058687,1019.7456369993658,879.2592517647935,835.6955888881337
2023-02-03,740.0,val,891.0864745526738,650.551881148634,595.6658809009982,668.7962772738538,585.1193375724746,587.773866307691
2023-02-04,419.0,val,241.52585770072346,0.0,140.90588337611672,183.97157982407123,87.01462868544276,131.2347042413594
2023-02-05,393.0,val,279.09493893793797,0.0,279.31013106592445,147.01172117656893,193.13848315184597,167.30975580857213
2023-02-06,1191.0,val,1218.9491836737952,612.0142997386957,1000.0298984059809,1174.1214312089246,778.6482706126994,785.3319551163015
2023-02-07,1356.0,val,1355.1742895413945,877.6736446660574,1455.1838347616522,1288.3126312458173,1243.970321231061,1171.560014351252
2023-02-08,1194.0,val,1378.4456038178776,749.9763824113364,1567.2650825303922,1311.0673462102714,1273.795908319709,1205.8873234346077
2023-02-09,1204.0,val,1290.1091368622556,906.4345402298195,1517.382608520914,1237.2630957511071,1343.180873910923,1318.900446887374
2023-02-10,1019.0,val,933.3363384350698,568.2571770721108,1145.510614991396,904.7013321815568,995.5977305664919,1020.5387253181837
2023-02-11,522.0,val,284.35244450385505,69.34601045290827,216.22143911319046,214.98900617961976,202.81964903709743,246.66919575312716
2023-02-12,584.0,val,323.51045634864556,181.1816105050449,355.7357405687558,245.78441049608148,372.1518801926271,398.5436883733829
2023-02-13,1378.0,val,1266.2685025753422,749.5914996172595,808.7078632989303,1209.7074900047796,673.3465786185758,724.9960641688306
2023-02-14,1559.0,val,1404.2750785784478,1051.5675279412947,1339.1628577930503,1325.655220091673,1215.9082675395628,1178.6470900931067
2023-02-15,1570.0,val,1429.18594062035,1176.8744698968928,1474.8317461324245,1350.052638258737,1376.5804558137347,1361.7691611482587
2023-02-16,1588.0,val,1342.3442542297878,1349.146883550573,1512.7324635234697,1277.7668593405244,1524.9735582995113,1539.953189694086
2023-02-17,1062.0,val,986.6928665488956,1011.3501897712276,706.1147507774965,920.6848115073029,819.3612978547485,943.51695113145
2023-02-18,580.0,val,338.4179893187497,467.1419942030423,425.88274478037573,65.65231074567419,542.3570063791722,469.1921328760585
2023-02-19,427.0,val,379.2654423247112,307.31295630440036,209.49690032053343,289.7822633192555,297.5819101796061,361.4758998640359
2023-02-20,1552.0,val,1324.9952040366902,1381.7403370256407,1333.966021574083,1256.8065866065567,1374.3676359429132,1390.715138911938
2023-02-21,1760.0,val,1464.8139249420908,1618.9359820642917,1553.8856451854658,1374.597301428678,1631.3575336876725,1606.9948615682008
2023-02-22,1635.0,val,1491.3580960364534,1618.7116641075265,1517.4058884244475,1400.69794285108,1594.1436168041191,1610.8920273565568
2023-02-23,1455.0,val,1405.9670714469275,1276.925101267469,1044.055634560157,1304.2927491379296,1093.3526647565627,1167.6782644390928
2023-02-24,931.0,val,1051.3539313521671,888.801175980116,736.0804851009651,559.4619254009021,776.9820416622973,633.2550904150563
2023-02-25,417.0,val,403.6651065730604,26.63376902282795,246.56984484158005,123.26311795944832,187.4846876744365,110.65431852531921
2023-02-26,187.0,val,446.0406698842961,0.0,250.45108933596032,308.4469406584212,99.53042483405711,92.21535101845909
2023-02-27,1041.0,val,1394.5424881618153,670.5653701953718,911.5365948682149,1315.4221518333738,697.1282336822026,725.1560933729503
2023-02-28,1225.0,val,1535.9316620618856,993.9683396259175,1241.4933816724106,1434.9286621391004,1082.185619323824,1058.2128491772548
2023-03-01,1372.0,val,1563.826770916728,1125.109223300195,1447.6492780180754,1462.569825688643,1302.7878006306328,1289.4062675498217
2023-03-02,1969.0,val,1479.5634914225516,1292.8370381313257,1667.0700870035696,1393.1875523628494,1598.3047201313043,1583.0629935588813
2023-03-03,1727.0,val,1125.6251385740052,732.9505236522359,878.2679928804571,1063.846601495455,809.9438566117885,897.6503414287813
2023-03-04,759.0,val,478.1188293399243,97.18617156202066,784.2764450307268,375.7014354263972,647.4622223100148,601.1905221235882
2023-03-05,435.0,val,521.5815989849334,0.0,219.02157207721683,411.2030581721805,118.88558274727608,154.72315819293743
2023-03-06,1523.0,val,1472.3785534734388,878.197029185244,923.555786195208,1383.9055736156745,782.3008196818167,828.9102501048709
2023-03-07,1949.0,val,1614.8228755488444,1262.1601367838916,1599.5636232565398,1504.7473856532301,1478.84054413884,1419.0859955007036
2023-03-08,1386.0,val,1643.5179514791125,1458.6570334385137,1247.3410409434903,1278.9086719564284,1267.7308477968872,1165.9971558414122
2023-03-09,1273.0,val,1559.7972896001158,1444.4222746408389,1433.3780328833782,1465.0321623108794,1455.1989022877306,1496.5891747213254
2023-03-10,1077.0,val,1205.9158192018795,1040.1822518015429,906.6331839388337,1069.9477991068663,952.3388624424022,1025.1277421854716
2023-03-11,741.0,val,557.9431826410035,45.2552976651786,741.1819235670337,447.7910536786205,573.063986999521,534.3346966685186
2023-03-12,342.0,val,601.8174474809075,288.9131004049095,292.01455298699443,334.17919379264305,313.8251565264733,280.61941646216906
2023-03-13,2176.0,val,1554.209644043046,1683.7153867874567,1373.786176662664,1253.5139915922846,1492.2425877601008,1410.7289394595389
2023-03-14,1499.0,val,1696.9839660343978,1502.3136782732909,1133.7675227714171,1298.65291850846,1183.0224746402862,1057.823527564735
2023-03-15,1394.0,val,1725.7325888236983,1203.8143531809217,1524.7480595702912,1596.2995717361773,1365.871298423568,1344.9424113846253
2023-03-16,1824.0,val,1641.7895745842475,1264.3992483914558,1734.5578615402069,1541.4871587317598,1606.1602192889022,1584.153334068327
2023-03-17,1819.0,val,1287.184002830641,1212.0633155890368,1388.728399186091,1212.336976019039,1408.8710169970782,1458.6076998376084
2023-03-18,1363.0,val,637.950973704719,715.0043108384288,776.8345561391859,523.1239051588915,882.7546204503856,903.1080350980536
2023-03-19,619.0,val,681.4346821694551,518.9313228484893,414.4307746594976,314.45557398238003,500.68325384543385,415.213131808466
2023-03-20,1939.0,val,1634.6157137316168,1384.094765472269,1164.309256843133,1535.6816552466769,1170.0281008222905,1229.3551466365207
2023-03-21,2387.0,val,1776.909058090875,1675.972514391376,1390.3780895012176,1657.256564334436,1454.1647809923002,1477.4825344431802
2023-03-22,2682.0,val,1804.9004353465612,1840.4295118944822,1919.0848538115715,1686.2750006385363,1955.499420951206,1936.527517775334
2023-03-23,2230.0,val,1719.9278601101853,1692.9706304333538,1247.5984679497947,1591.8793127224526,1377.4495895074133,1468.1092135322788
2023-03-24,1076.0,val,1363.797674052267,1169.9806447437752,886.2121369141546,1128.1147614828883,960.2164026595224,1003.017342400678
2023-03-25,646.0,val,712.513839581717,398.68959458396847,697.1956752717643,596.5785086903743,662.8698790689946,677.2658255800224
2023-03-26,277.0,val,754.8321410426021,282.0771511046628,403.6768461350854,384.8148485803954,372.99147408375615,275.3516384015199
2023-03-27,1793.0,val,1708.046603217353,980.4507280455023,1212.8401144402267,1445.3700655330165,1016.4581023895557,939.6379038074416
2023-03-28,1727.0,val,1849.122930409274,1245.950577643763,1668.2009793042084,1693.0606962766642,1477.953444128298,1400.5383260900344
2023-03-29,1659.0,val,1875.6451674785453,1605.7561299258919,1366.183712429504,1441.0983850259706,1381.071735161608,1251.8671094129022
2023-03-30,1194.0,val,1788.9585847983155,1598.0428435347503,1368.3123164674873,1426.8121619686272,1420.7695512982023,1346.4376834334043
2023-03-31,1083.0,val,1430.6496838341632,1118.6681126802166,1088.725136729964,1161.2053430883916,1091.4227078581052,1080.9326145072216
2023-04-01,492.0,val,776.6943610141507,375.5935524070244,573.0706297228421,572.9241695797716,538.7006386440046,526.9379703183799
2023-04-02,442.0,val,817.2650037624035,363.4991899734215,486.1580351517008,506.1566516965027,465.8014709722949,404.6240870370905
2023-04-03,1347.0,val,1769.9723921911861,1016.0087744389655,1261.9216202502362,1674.674291962073,1060.5777704499721,1086.78209368675
2023-04-04,1515.0,val,1909.332174219888,1144.0623164595918,1807.8059765214034,1794.2754767823503,1536.0228291168307,1456.8082766984546
2023-04-05,1472.0,val,1933.930703128932,1235.0985633824084,2074.5303568241443,1820.8972693035764,1789.7758947778043,1707.0712778646857
2023-04-06,1365.0,val,1845.1228989929355,1326.7444495538628,1920.218517949976,1749.347585939889,1745.024372965619,1719.211802231091
2023-04-07,540.0,val,1484.2773032254843,981.7768267163547,1099.793598684732,1415.4843431153877,1030.3837731876342,1133.9021382660092
2023-04-08,299.0,val,827.3436972157423,85.3672173983245,504.8157129401913,682.7935854962336,346.00498712761276,363.3802146560672
2023-04-09,503.0,val,865.9148680576418,324.13642318837367,946.7636097720663,752.6162004444831,820.5752309139818,803.2298849397482
2023-04-10,1102.0,val,1817.9203536828145,1470.597338271196,1838.60308323286,1729.2861740103701,1728.6567641847969,1704.3802780329202
2023-04-11,1002.0,val,1955.4235667539301,1511.7832496304397,1466.5272061258872,1635.6044755146695,1408.883709913486,1301.6653711437048
2023-04-12,1007.0,val,1978.0156690592273,1566.2482619994507,1477.9016828776876,1460.010706877907,1436.4374363400063,1244.4565265433528
2023-04-13,1252.0,val,1887.0620624875614,1232.881642875132,1495.3114802635391,1467.9221550213629,1345.9685732769544,1193.246683542983
2023-04-14,755.0,val,1523.7135769090014,856.1089489062803,1107.4851012838735,1100.7278084800882,975.1874504457965,855.3467387156368
2023-04-15,477.0,val,863.8941362831546,240.42432049007078,577.0610192748414,569.3070026963879,469.68062551127844,402.47912599278686
2023-04-16,483.0,val,900.6189791268023,210.8293601871717,528.0616265533188,770.1098740539464,421.1867472842273,461.4420974915024
2023-04-17,1870.0,val,1852.1366101239896,1337.0905816613106,1311.2629694351713,1706.1102530389137,1229.887475479904,1254.5714996837432
2023-04-18,2117.0,val,1988.0541903856956,1407.7909716458666,1340.5136038098517,1852.035329786481,1254.128217034925,1275.7117351974089
2023-04-19,1332.0,val,2008.9683301468508,1355.4671471194233,1430.7218145601253,1542.8998508110594,1299.9029299627896,1133.0496371528598
2023-04-20,1394.0,val,1916.2538620041682,1112.0055497869703,1389.4900991048933,1811.8427074437004,1201.3420066719057,1251.6154825350368
2023-04-21,2355.0,val,1550.842256919765,1334.3843194056735,1647.5387054389744,1499.5527863547038,1629.1480538869814,1687.8625885127994
2023-04-22,1910.0,val,888.6299403415641,868.7580208967092,1245.1967612439453,798.712482555537,1296.981882546882,1298.66415047703
2023-04-23,1184.0,val,924.0547640651123,636.8733530354203,699.7014820301042,489.87171800462437,749.9197976148437,617.6597805461147
2023-04-24,1795.0,val,1875.6825312703406,1314.7172792485208,1472.4777832081916,1633.2155814763503,1350.7287952839356,1290.312998810318
2023-04-25,1484.0,val,2010.6582764311445,1420.5195881500922,1482.7954428226558,1651.3686531314227,1374.7532552896375,1240.3243148362792
2023-04-26,1947.0,val,2030.5828794770032,1393.1123732443825,1669.4605773247235,1930.3304762278412,1511.33575263038,1532.3416753710594
2023-04-27,2336.0,val,1936.837773897502,1472.157054655631,1667.9005944352182,1842.0995772196725,1588.4057031819714,1631.0307208661907
2023-04-28,936.0,val,1570.1316960098547,1043.3575674612653,1062.8212703117317,1047.7252101639347,1017.4580367815763,868.1609735751877
2023-04-29,1257.0,val,906.3302630977385,637.5965329307963,1077.0510953893431,825.8605460410099,1056.415227607403,1076.8833098395767
2023-04-30,1185.0,val,941.2925042633441,562.1565566973436,882.4216445018855,855.3318777397033,867.8966429096627,913.6570556477836
2023-05-01,422.0,val,1893.8983287681665,1276.4251995683157,1299.6390905511628,1528.4263557244894,1190.391111284482,1084.7739011610763
2023-05-02,1921.0,val,2028.8233232852274,1488.5638509541368,1412.5514564566497,1768.1767393052437,1345.6756607073546,1292.5956770834873
2023-05-03,2390.0,val,2048.67011083422,1648.1008305161745,1857.5544205301055,1970.7500650178968,1777.9551437029402,1805.3199016513067
2023-05-04,3117.0,val,1954.8226443682902,1692.1428274645646,2190.0716096637616,1894.4760120220578,2115.0932202587474,2110.4246817255002
2023-05-05,2208.0,val,1587.762402663973,1470.261925546531,1569.3466408615107,1174.2610738122173,1623.3754354251098,1493.250707166419
2023-05-06,1134.0,val,923.3198495435792,706.3170769369219,906.1565795281072,850.9999879738186,946.2836870570736,1011.5569056507071
2023-05-07,1617.0,val,958.7728395899339,828.2702951759634,1160.9746647084967,880.6764617394643,1215.4561660525933,1245.4135321563945
2023-05-08,2087.0,val,1913.311399672804,1443.3601059178175,1499.839491434202,1860.0892360208559,1428.014091043523,1495.7762931395182
2023-05-09,3084.0,val,2049.133672490674,1822.9330568656392,2021.3507191176627,1671.5649448229024,1993.65416510768,1796.6885878793355
2023-05-10,1092.0,val,2069.840960382216,1539.4631307408997,1532.8158449814844,1568.2434571094332,1460.0601245771732,1279.357316710397
2023-05-11,778.0,val,1976.8152494333294,1140.4687150239502,1439.613727426455,1507.0711810549683,1250.1032349886998,1080.8598134472547
2023-05-12,1331.0,val,1610.3059698028846,929.2993812504158,1097.7157866101052,1583.4494224803814,993.4348676768883,1136.346252558929
2023-05-13,743.0,val,946.1039582168045,362.49893844905483,668.0062416640101,866.1787945870293,596.7113530033068,673.0707235988936
2023-05-14,756.0,val,982.9035586074418,525.9397977376555,791.0530023858273,910.2152035061612,775.1638552324664,850.7159457227378
2023-05-15,1882.0,val,1940.2010824790816,1440.7602712338685,1420.933214642585,1825.8917607016522,1358.5369409323935,1406.4197914001952
2023-05-16,1429.0,val,2077.7095245949954,1403.0600472440087,1401.0896926866346,1647.1575557081626,1292.491094881043,1137.8108018529483
2023-05-17,2060.0,val,2100.026244144758,1443.641785588742,1828.934163398098,2033.305375401506,1657.3879591140533,1685.7103626122216
2023-05-18,1053.0,val,2008.527354309294,1353.502638190596,1783.0021747315877,1958.6242594195683,1622.6319064162121,1672.2803920575889
2023-05-19,1678.0,val,1643.226164729904,1027.2392389161812,1294.1558237887289,1619.7336983896598,1194.1325872748225,1318.0075689263194
2023-05-20,1244.0,val,979.8702679916913,819.2488773299583,965.9344124483957,916.1768991558233,1040.26414716097,1120.6249158978344
2023-05-21,1613.0,val,1018.5691548375052,1034.4836184888834,1234.2354236307142,948.2275921790069,1360.8412922039217,1411.4976746647144
2023-05-22,3073.0,val,1979.1227101966656,1886.043468386027,2115.2805217841155,1932.9669991653057,2121.5494898051475,2134.659815396272
2023-05-23,2447.0,val,2118.752319216324,1829.6843222049597,1687.0111557031862,2051.9131699642994,1709.575016398132,1769.3545645754996
2023-05-24,2434.0,val,2143.0501461531685,1518.5115853425964,1643.1944293163665,2051.6921827720307,1529.513981513212,1586.553111473993
2023-05-25,2691.0,val,2053.3840097911984,1681.793482514463,1748.5678924353797,2004.0720766142806,1731.1558172634082,1821.036888494466
2023-05-26,2395.0,val,1689.5286213252941,1432.1150109317962,1838.9526378795745,1666.1857128786198,1814.3031966578087,1884.8955563319903
2023-05-27,1410.0,val,1027.1864098676756,775.8520423577247,1526.0340244260324,963.0884984232196,1475.3112758015884,1461.2527396178016
2023-05-28,1496.0,val,1067.8824674014566,810.7733924019294,1530.7460873763964,996.6781991471746,1498.2412556630802,1484.1664575152242
2023-05-29,1629.0,val,2031.719424541201,1790.6203020706291,2190.708961600035,1984.3488468042174,2131.5846826262296,2128.4298984359048
2023-05-30,2510.0,val,2173.4225537038974,1922.2370886217973,2195.227932048075,2104.9093597517976,2158.7069741029018,2143.6902083951586
2023-05-31,2688.0,val,2199.5796104532187,1914.8192505428133,2428.7325874166636,2131.793448721109,2341.157397373399,2317.3753866134375
2023-06-01,2680.0,val,2111.549797273368,1902.522700950573,2264.8339127864406,2059.740144752544,2242.764970403596,2267.222473387483
2023-06-02,2085.0,val,1748.8689025973704,1547.54442844282,2064.4433391177727,1722.6385484229202,2039.8231094549171,2086.166624666106
2023-06-03,1278.0,val,1087.1944718240338,831.0576029029125,1518.9599372180141,1019.7149076673953,1482.9928537967785,1480.5802132749263
2023-06-04,1309.0,val,1129.4698900892222,876.9578909608974,1461.53728465878,1054.4938092234952,1459.0833429687953,1468.2739582259649
2023-06-05,2177.0,val,2096.1019667289547,1742.560193847288,1790.7363342489443,2044.6832367676302,1767.5187605025176,1833.7874575212218
2023-06-06,2435.0,val,2239.3176289243265,1900.287654073086,1951.2196502490574,2166.379935011425,1934.0552599719044,1963.6504758735755
2023-06-07,2420.0,val,2266.703292845166,2024.6357502334372,2427.132155648623,2194.1576170415333,2374.3460111015756,2364.4572401738164
2023-06-08,1095.0,val,2179.611498921783,1947.2036068851603,2212.4779568174417,1828.2083721966253,2205.1179664857436,2067.0319657356245
2023-06-09,1601.0,val,1817.3410490621072,1572.1164386890114,2020.4227478792573,1785.761067804745,2000.5880667466517,2060.5814599105433
2023-06-10,1249.0,val,1155.5071202907673,931.0073405454125,1443.4917926292264,1082.2914744812833,1451.9226945167925,1476.1361138122952
2023-06-11,1341.0,val,1198.476285823198,982.2291359287934,1605.66957349109,1117.48712215755,1611.212903500229,1609.359717794891
2023-06-12,3212.0,val,2166.9631219113344,1864.0946501298235,2323.6538709091797,2109.3731102581924,2246.017102365357,2234.26231072064
2023-06-13,3583.0,val,2310.6960719720432,1961.5247514269936,2449.3370978757976,2231.3329391332154,2356.7226346382267,2308.9213965732633
2023-06-14,3396.0,val,2338.2653179815734,1984.9346535459958,2441.067504635596,2259.0852186578877,2353.1060279008498,2340.4775026082493
2023-06-15,3209.0,val,2251.0206518058703,1856.803701763241,2071.221089999195,2187.3410643366024,2033.5921218171081,2094.341291442576
2023-06-16,2425.0,val,1888.0277000829906,1541.6031237553086,1880.9568295127665,1849.484722273161,1857.7375276532302,1942.2512477159012
2023-06-17,1552.0,val,1224.86356965615,1015.5044256353349,1617.4221776866132,1144.432779867995,1619.4051238826974,1624.86188391644
2023-06-18,1538.0,val,1267.3246015939706,1202.4663382816302,1606.6051054412683,1178.9796264028596,1696.149924431587,1717.311493012447
2023-06-19,3044.0,val,2236.4383008542995,2135.1740914967622,2003.9097105562116,2067.0085196622654,2087.9332901089438,2094.507830700348
2023-06-20,3403.0,val,2379.4359399268183,2403.601162781043,2226.40749856786,2040.3040041458376,2353.928980960164,2232.606791469805
2023-06-21,3179.0,val,2405.9179066903325,2199.243454656502,2395.569337772634,2319.1758719138365,2396.1984386501963,2412.572015183867
2023-06-22,2627.0,val,2317.2363606818467,2382.8603437364427,2365.051491620203,1815.2989202957147,2494.757275716424,2290.7339601146045
2023-06-23,1598.0,val,1952.2286307323188,1496.3283136546452,1536.142312901467,1858.6970966615413,1540.716072588575,1654.2634335915727
2023-06-24,1496.0,val,1286.4389768529186,953.3924236769931,1354.5930962305688,1198.2789739934599,1363.9291629224683,1412.4526113259683
2023-06-25,1543.0,val,1327.1008696675794,1098.866631610978,1780.4970538999423,1231.0213320971152,1782.847888307563,1767.6637553136916
2023-06-26,3239.0,val,2295.5605339566937,2207.8499082093417,2161.517819433677,2222.973032843825,2238.4038902887833,2289.4547141280395
2023-06-27,3395.0,val,2436.553853940025,1890.0233705445246,1984.4226753693288,2187.4097191895908,1915.8610041395496,1852.378970650982
2023-06-28,3012.0,val,2460.6981838498455,1936.4585042371764,2174.5201120592887,2366.4076359812893,2086.8985293960263,2119.7543470607516
2023-06-29,3434.0,val,2369.3533267506104,2078.146905492073,2470.8705114860113,2233.529778681818,2437.183040140665,2416.5984913957755
2023-06-30,1231.0,val,2001.1331901989308,1391.4553475315402,1440.2294012697325,1532.3098855473095,1406.5088542753585,1304.5390277806716
2023-07-01,1366.0,val,1331.554249423181,856.3714053999636,1149.6368140274717,1072.270589331997,1144.9572443863174,1122.6912106979996
2023-07-02,978.0,val,1369.2941472543534,869.0712466898797,1250.9219404640603,1078.0016659249952,1238.193001358269,1181.884245295863
2023-07-03,3281.0,val,2336.02313810433,1820.9697943669237,1862.557627326776,2209.0349993657583,1813.9856216865078,1854.6653579525528
2023-07-04,3373.0,val,2473.9828550376214,2041.293330404209,2143.4621482846483,2372.6133549161627,2107.4875862425306,2124.4958781681535
2023-07-05,2715.0,val,2494.813584339966,1914.4519969219255,2117.5166869363593,2239.086662662014,2024.6240742430414,1971.4280340113455
2023-07-06,3328.0,val,2399.8870981997115,1897.8736027503849,2394.3330159566813,2314.580460815558,2289.790675668961,2301.348478296651
2023-07-07,2690.0,val,2027.5976588184435,1723.473597543886,2278.911308276909,1967.7032584908309,2241.854354378612,2276.6793094707355
2023-07-08,1563.0,val,1353.437772844382,1170.7918157377153,1544.4760735940395,1251.62171652932,1608.411401943161,1645.927998705351
2023-07-09,1273.0,val,1387.5349143942663,1343.092635457676,1746.870712475805,1278.0865340524085,1856.465669344512,1871.0297010489003
2023-07-10,2986.0,val,2351.88715631191,2168.045565307826,2081.6256052250524,2200.2640308950135,2147.523291810508,2168.87063116186
2023-07-11,3145.0,val,2486.2413619008194,2517.8804338351392,2491.670421656412,2069.849859801271,2605.3581598948685,2414.986106096647
2023-07-12,2464.0,val,2503.264944397688,2157.215805066058,2018.8207726392902,1992.9775693364722,2051.5809477128405,1884.1714895973928
2023-07-13,2660.0,val,2404.3440829550814,1805.8660988696088,2051.0615345651445,2313.8182757733125,1968.1211567635346,2029.8569625453215
2023-07-14,2704.0,val,2027.6551750667618,1634.4026365177003,2170.748044342922,1962.7709718827232,2116.976168333297,2161.53813439468
2023-07-15,1081.0,val,1348.6684814337211,1422.3961750223095,1781.5008244058406,1061.6226739299784,1920.7198533459593,1829.1478825600152
2023-07-16,1431.0,val,1378.9647860757095,937.3695879637219,1220.68268069634,952.3864687146241,1249.7118686625981,1129.0033502480517
2023-07-17,2527.0,val,2340.8715056747833,1953.4113223567301,2044.7116657668084,2251.062717499541,2028.4251337670103,2076.015219526357
2023-07-18,3379.0,val,2471.6378749984074,2135.4752917226397,2192.12824346878,2323.501132933332,2196.0935512116866,2188.145095761687
2023-07-19,3289.0,val,2484.9602350213518,2166.8166487502476,2447.694080528722,2374.512929489334,2417.223123535344,2420.1839781120025
2023-07-20,3324.0,val,2382.239162682936,1849.3334730335232,2172.1125437838427,2287.985867686626,2095.9274843015114,2138.260169025085
2023-07-21,1960.0,val,2001.4324835677075,1418.9937495643612,1547.7111922139627,1592.8865495071598,1518.3083180687026,1442.5035589551344
2023-07-22,1596.0,val,1317.987417945536,852.1149519788687,1590.3269334326033,1207.8908879980154,1523.0502165801431,1522.9002394655486
2023-07-23,1434.0,val,1344.9390054189498,1057.094994985814,1499.5122132606625,1104.339975673706,1545.476769377539,1500.6997019940727
2023-07-24,2211.0,val,2304.9429888312707,1831.0677244174235,1770.4895094677713,1997.3345748303145,1760.7065422583823,1711.660644165971
2023-07-25,1779.0,val,2432.7455699627144,1709.8463274600217,1753.7037187483156,1948.2103304840743,1659.281175851291,1484.0687390020798
2023-07-26,1501.0,val,2443.0712939673977,1518.541001034696,1885.5989485824934,2084.974749486252,1680.7442884447569,1571.9116375127219
2023-07-27,2675.0,val,2337.3326251344997,1634.1631571807493,1884.6843012520283,2240.672003347702,1778.2372645484234,1848.3223990434121
2023-07-28,2036.0,val,1953.2656442406517,1404.7537474160335,1565.3898545818959,1691.0223595917328,1542.3579212819996,1549.64456948433
2023-07-29,647.0,val,1266.2913181251129,811.7013239317287,1095.7850933983063,796.1594538555802,1114.723453153389,976.6305734138903
2023-07-30,1219.0,val,1290.8975294843249,754.238935854503,1389.3654617096267,1016.8308945378997,1338.587260876121,1264.9158509817523
2023-07-31,2788.0,val,2250.0650368647784,1700.6571348742987,1868.6390499048348,1983.1919678120944,1801.1294730024856,1746.3243372593397
2023-08-01,1450.0,val,2376.029383797477,1645.2959545401268,1740.4244814980614,2125.797019356162,1637.056317539489,1598.921441339195
2023-08-02,2174.0,val,2384.5404698587477,1933.4200401934436,2014.633827134795,1982.481683826762,1988.3016517160622,1864.2908596236184
2023-08-03,2632.0,val,2277.018104779202,1731.5654542094917,2208.7492126514157,2002.4708432622965,2106.7089108500168,2018.2242212771553
2023-08-04,1440.0,val,1890.971525411822,1169.415255763546,1389.063121698978,1771.5810234265346,1312.0671668308155,1413.5626755320952
2023-08-05,537.0,val,1201.7904205605428,425.09855066635015,857.6940592361152,732.4714586649847,767.8258425914773,635.814425250075
2023-08-06,362.0,val,1225.4124171353637,328.1525394909846,931.8935481205433,723.3722615413802,793.5014293488666,621.0884375871003
2023-08-07,1384.0,val,2185.138419924159,1352.2095830547219,1563.0406778121512,2089.349012782676,1414.5542811213177,1483.493883756012
2023-08-08,2521.0,val,2310.6842607703193,1681.5147961322627,2125.389655130353,2119.0689520694514,1989.730093015542,1921.0853459344848
2023-08-09,1315.0,val,2318.8210658226385,1592.6157632332415,1684.7326199763734,1931.0321693622602,1584.8811669957097,1493.8227200612096
2023-08-10,2570.0,val,2210.970316783418,1624.1111018615975,2357.4075024944595,2111.669174476452,2201.1717235805613,2181.2297656757046
2023-08-11,2002.0,val,1824.4083290781386,1522.1518304703086,2046.7614422085312,1751.2723622055742,2030.3392050394978,2074.318916129217
2023-08-12,1290.0,val,1134.4876689098824,1000.8363479738074,1339.6511444786152,1019.557849232486,1440.6108270918935,1489.7966302061193
2023-08-13,1029.0,val,1158.591953291577,996.5441365372752,1391.6062427298089,768.7698595967462,1488.6977894889833,1362.0991506292326
2023-08-14,1882.0,val,2120.336870976,1978.1578931930917,2054.9188209575746,2023.3530921999964,2116.0858247699,2151.5976949803257
2023-08-15,979.0,val,2246.909157076125,2123.1052240849103,1978.2718777446235,1948.3924250505554,2082.2194150402047,2010.3660357259714
2023-08-16,2679.0,val,2256.0968805666444,2036.4090630182704,2350.677521589812,2138.9538370892433,2348.473809615458,2343.384079051065
2023-08-17,2418.0,val,2149.317533002535,1964.1983736896918,2120.4680258149715,1827.8040520617392,2174.1530568758344,2087.3966959198615
2023-08-18,2045.0,val,1763.6086111323539,1566.6860788451959,1951.3396930939725,1689.0627596490483,1989.5582146752804,2050.978221204343
2023-08-19,1063.0,val,1074.2800633459917,1087.6098154616047,1536.2933170045358,957.7557360590881,1659.8043522133844,1680.6143039591004
2023-08-20,1089.0,val,1100.1582622983933,1126.3147893104126,1492.2458064012667,976.4548446525496,1647.1948461753623,1675.8016313611724
2023-08-21,2150.0,val,2065.169000919509,2061.1828412198165,2131.229495443805,1966.4829850216622,2232.118617028604,2259.088135973994
2023-08-22,2333.0,val,2193.961371528436,2234.316191779456,2205.916562137795,2073.963078863591,2334.567931263511,2340.3878714954435
2023-08-23,2222.0,val,2205.3371070473236,2105.0725333525575,2148.0024241464344,2086.2443019250077,2226.591487500415,2260.079706725004
2023-08-24,2097.0,val,2100.705203974336,2151.687461767069,2150.802782057621,1813.7835586479296,2296.4039355987015,2240.7055391074746
2023-08-25,1389.0,val,1716.8597493326258,1509.602903067893,1467.3241001928106,1274.7356077999768,1579.5174734864127,1495.0816958868695
2023-08-26,709.0,val,1029.0640289560854,745.3884647362993,947.6608068886356,472.3783849750895,1037.6454341125327,862.6936697162378
2023-08-27,163.0,val,1057.5855278121135,318.0710890016955,745.0225529184745,442.47206155398806,687.4376699110783,475.8269607270272
2023-08-28,497.0,val,2026.6571828723565,1171.2537407046987,1354.6520852925128,1397.0986360719662,1210.1097102382719,970.0206559639214
2023-08-29,641.0,val,2158.3837348962907,1231.6467418657244,1460.3427115204654,1549.8383027664354,1287.162335745139,1036.6864147756867
2023-08-30,1580.0,val,2172.5792618867195,1488.8414054231205,1761.9584203224451,1960.1653544282008,1645.7666218093802,1635.3517089214033
2023-08-31,1738.0,val,2070.64182538572,1377.0401942730382,1618.0382725861857,1784.486677170436,1523.873240594075,1493.226659238771
2023-09-01,1560.0,val,1689.1196743612197,1322.7625159113854,1607.4111202165209,1609.1650838502567,1621.5598369231286,1717.7673531426308
2023-09-02,1296.0,val,1003.2276393411425,798.0378324696396,1501.963864224179,880.7862121819999,1527.2612606585953,1527.4015749849784
2023-09-03,1296.0,val,1034.6750084732278,701.6384283817443,1187.0891613534354,904.7257373668093,1229.9921988194137,1273.2579904934998
2023-09-04,2604.0,val,2008.001303684534,1674.8159422992933,2101.7089075846407,1902.9398950501727,2055.242053115437,2051.0058001733673
2023-09-05,2811.0,val,2142.7626595015417,1824.0821034149822,2209.701111360663,2016.0186368459479,2172.36027648995,2139.4276374096635
2023-09-06,2741.0,val,2159.7866897243016,1892.4826900648272,2294.7563380239826,2033.6259565762446,2268.172826516431,2255.425384471094
2023-09-07,3070.0,val,2060.4606260472674,1788.4396521191186,2251.773354658435,1950.389511760484,2232.288849013704,2237.3784572212053
2023-09-08,2402.0,val,1681.087022170597,1514.581395815388,1928.6892688983783,1596.7111957578302,1975.138828952886,2032.3803956127904
2023-09-09,1334.0,val,996.8330476530674,981.7823321702065,1488.2667994535918,869.7008918397681,1601.257643181897,1620.78929379538
2023-09-10,1513.0,val,1030.8530793019513,988.8514335050236,1475.6328193278105,896.0393970561374,1598.2196409919015,1617.7508305566403
2023-09-11,2868.0,val,2007.9952506428335,2000.7914281756355,2061.135887254431,1898.0013126006281,2167.390672196976,2199.0485875334025
2023-09-12,3020.0,val,2145.2653976215533,2152.5944243871454,2113.3361895840794,1999.9859261937029,2238.6420140850087,2243.4349857719058
2023-09-13,1448.0,val,2164.508401573197,1769.2662777249857,1624.0800933891576,1605.0857704417583,1660.575532825081,1492.796702776196
2023-09-14,2461.0,val,2067.1032690642337,1647.0607606402086,1825.4166481336733,1951.6283145544232,1817.6533923710813,1884.4276855714986
2023-09-15,2311.0,val,1689.1094505194144,1349.5852558697895,1719.1674617317371,1599.1977581621707,1728.9553312228672,1808.4970304727422
2023-09-16,1458.0,val,1005.6496381812307,878.5237490625543,1513.312651393022,872.7345898419564,1576.207683385494,1583.8354336216944
2023-09-17,1595.0,val,1041.328904974191,1003.3418632935204,1369.973168829879,900.5841220249589,1516.9642418639974,1557.637369045909
2023-09-18,2105.0,val,2021.3082622167044,1674.8467260563027,1579.3564751250392,1800.8798125927415,1623.896954401119,1647.475146020131
2023-09-19,2770.0,val,2160.043699172898,1843.380017298153,2001.0931059647276,2022.060102617968,2006.5491515105814,2012.5607643456015
2023-09-20,2997.0,val,2180.4031494769797,1945.5341869217496,2313.3730826954097,2042.7279523055936,2303.783675601514,2293.337400536323
2023-09-21,2914.0,val,2083.761943249005,2026.0894766820477,2164.5227941350668,1822.0951427538687,2261.6026178295224,2218.391537300236
2023-09-22,780.0,val,1705.940848106086,1144.0630150227855,1283.0264914131608,1240.0413469444009,1275.6035793997212,1188.348667650956
2023-09-23,802.0,val,1022.0229689918115,385.62503845459537,924.5205930909649,882.4611039413434,870.6587012195795,938.583347749812
2023-09-24,1477.0,val,1058.0712623430609,556.4746496928111,1415.4430267048094,910.5719615111215,1354.60848776587,1349.7618992501534
2023-09-25,2618.0,val,2039.5653252642082,1597.6299299552807,2134.635251999139,1916.8484464915855,2044.146460246973,2029.0969909503447
2023-09-26,2966.0,val,2178.4130466418915,1872.544492484641,2227.488305394639,2033.5678256102474,2202.3034320910624,2172.3516530576835
2023-09-27,2725.0,val,2198.512352140144,1949.577832716573,2302.9502340813274,2053.8989571053553,2293.2340466169203,2285.3789360878272
2023-09-28,2743.0,val,2101.240445843365,1964.3929171016005,2269.1762329695885,1972.4302700251926,2317.0803330307454,2335.773841839756
2023-09-29,2249.0,val,1722.1846793473612,1656.7664114329937,1947.5941576009295,1618.7939887712623,2047.5326412282943,2115.631668639791
2023-09-30,1031.0,val,1036.3941490141142,710.6534584109296,1123.9092625257547,889.6299669047389,1177.1415148908218,1240.2901735317876
2023-10-01,1383.0,val,1071.3974135199528,896.0922481539341,1527.5311241404497,916.635350271664,1595.7757685497554,1602.4456219548115
2023-10-02,2106.0,val,2052.998730683434,1977.8629644102512,2138.683608422528,1923.069356144485,2213.3482572654075,2231.102031469575
2023-10-03,1617.0,val,2190.5598333920057,2216.7594912204377,2177.7619653800666,2025.0208225227884,2311.262402057225,2311.9671343208406
2023-10-04,2479.0,val,2209.0156211362137,1758.069722621621,2210.8664610300225,2057.0992658419145,2130.8276496558237,2121.7181740024607
2023-10-05,2400.0,val,2109.7505995620304,1640.4312806905416,2014.2290458236273,1973.6317754938282,1962.3804310020514,1996.1706956242665
2023-10-06,1934.0,val,1728.1236861457398,1406.7230213310363,1951.5875383780221,1617.4231486978092,1940.1610207443618,1985.0018810620948
2023-10-07,1219.0,val,1039.155103217988,826.6762485462816,1243.2171650338014,884.9664195060062,1328.1665571113058,1380.9861923846454
2023-10-08,910.0,val,1071.846132215227,813.7789053819549,964.8088115160484,909.646056483232,1097.2744793643571,1194.1130822304262
2023-10-09,2318.0,val,2052.3310122753633,1884.6776584313625,1593.3788426708468,1889.3899732448483,1723.8931241306782,1811.1526338343888
2023-10-10,2760.0,val,2187.4263546633288,2131.9354718968902,2170.8123877984053,2027.9498976761558,2269.75308327714,2271.0731566884733
2023-10-11,2825.0,val,2203.1099665174925,2190.741019361123,2298.6051992868197,2043.8531726686522,2396.9551742008407,2408.9741955633144
2023-10-12,2540.0,val,2100.7778925460807,2085.979329402374,1943.6885472759755,1957.3574691565907,2104.5381708961118,2187.72443016459
2023-10-13,2260.0,val,1715.5642732206404,1829.4453687431549,1937.2162493724827,1597.6046555470755,2119.935349246738,2202.3709205850287
2023-10-14,596.0,val,1022.4641391851495,852.9508359788413,1043.5028090586243,613.4406782647792,1181.5115784836953,1119.1497900384202
2023-10-15,408.0,val,1051.9570451033112,323.12253381451075,1084.4840545489087,737.4855533483272,986.1960111330876,929.3052666544668
2023-10-16,2127.0,val,2030.5108461975383,1311.758986876108,2127.0567688732667,1886.0760982372622,1917.5294418446822,1874.9301065169755
2023-10-17,2094.0,val,2162.3962692441883,1369.9342907947935,1692.2339204379402,1995.7797205613108,1545.6444210903137,1559.9275844820968
2023-10-18,2005.0,val,2174.63807566598,1557.1679334294845,2006.0835041677792,1873.7623527779956,1883.9685889497155,1805.6704661572144
2023-10-19,2108.0,val,2068.64610895361,1721.902385245683,1705.3075401320184,1892.5477729141126,1756.364206855647,1829.5234430038636
2023-10-20,1739.0,val,1679.3313320075688,1527.7175465307807,1489.320752222677,1554.4441188331753,1628.0993645822714,1757.8097331441609
2023-10-21,1083.0,val,981.6651388237257,779.7144111407802,1250.7839305600028,598.3154248358426,1332.7542324611497,1244.8005210239226
2023-10-22,1155.0,val,1007.6087231335451,680.7674069765716,1351.3958027959404,831.2062161751405,1378.014956589599,1391.2240651946709
2023-10-23,2333.0,val,1983.9649535614144,1566.557147580565,1759.0399202721235,1832.8030753469288,1740.1251533419413,1779.1773707489851
2023-10-24,1819.0,val,2112.4556257904196,1531.1332015082546,1602.1006323166846,1743.9812820383884,1556.5800983587246,1477.0884499026522
2023-10-25,2179.0,val,2121.1541954612358,1851.5417542691366,2107.5054108049785,1837.2178341017484,2112.6905145540813,2051.8903073938027
2023-10-26,1486.0,val,2011.4842357698728,1544.05946642806,1641.7655791071552,1446.0676321341707,1641.2786445587626,1471.288581812739
2023-10-27,1100.0,val,1618.1327925043595,1164.8814274652684,1504.211779051866,1382.4190241006902,1497.401767231333,1523.545924350137
2023-10-28,957.0,val,916.0468400723007,660.3724405557225,1367.7599637553644,741.1940654039191,1395.667993537314,1402.9626534410104
2023-10-29,1056.0,val,938.670253012081,856.0448843938102,1211.2099129093094,755.9907462590379,1359.9823107431796,1407.8283410886743
2023-10-30,1788.0,val,1913.1400051815704,1583.4863357570275,1663.9012093105769,1413.252975975313,1688.9464264424482,1531.2322618110084
2023-10-31,1141.0,val,2038.6236341393865,1540.2474096334704,1560.3976306966497,1784.6342903253874,1546.5057638661137,1542.1015049465368
2023-11-01,835.0,val,2044.2427972512191,1741.71809632634,2096.3614850200065,1865.4430028761933,2076.0581838252224,2068.464829369649
2023-11-02,1084.0,val,1931.4325440426683,1380.8134618888198,1587.0303181550298,1385.6345576398633,1545.9615151974003,1379.6464934748246
2023-11-03,913.0,val,1534.653138350833,806.7444285344156,1263.3581692827381,1206.1718700389406,1163.798002224144,1140.1949063448624
2023-11-04,685.0,val,828.8242955776446,344.20736578905274,1206.4774769507517,498.4716348483215,1147.8282656386393,1057.7997198910975
2023-11-05,385.0,val,848.8716363726029,496.8362192061767,989.2564784800675,635.0473502493855,1043.7244035354229,1076.4721082797514
2023-11-06,2061.0,val,1822.2634380387335,1474.8287011634334,1723.8999875534316,1555.3117177069303,1715.4910477682213,1675.5480650819975
2023-11-07,2017.0,val,1945.6058463703675,1484.6788765731096,1547.8414200574307,1704.0960831351517,1536.9783904955843,1533.172251785093
2023-11-08,2123.0,val,1949.0665288090936,1502.0563259628138,1798.320621688069,1765.2596950735183,1750.3287821902318,1765.5751985064608
2023-11-09,1993.0,val,1834.0881634667576,1431.179279938456,1839.6635975746203,1666.5926548934328,1803.175142543786,1822.9675009617918
2023-11-10,1272.0,val,1434.8998856607348,894.7373042612141,1296.228672248606,1218.6342320054114,1257.5310688357622,1299.3680237304459
2023-11-11,509.0,val,726.3899498368987,227.54207830977776,876.2869225436389,391.37825471581584,853.0156094267659,802.9408715398271
2023-11-12,457.0,val,744.9635524747174,161.14658680596278,818.3483738259715,133.33606296990104,783.7655625577452,570.1286807489068
2023-11-13,1047.0,val,1718.4163629852321,1496.2056357796853,1294.4949484441154,1161.2711451026732,1399.5095756944495,1253.8309958474179
2023-11-14,1223.0,val,1840.785018579485,1600.1144752029206,1381.1454019129078,1257.4991746109226,1479.1918580651725,1300.9288113814628
2023-11-15,1586.0,val,1843.2801647554777,1378.5562067712708,1502.845968289887,1500.787714526265,1481.000068600033,1434.292108607905
2023-11-16,2081.0,val,1727.3475560637653,1225.1125481716313,1508.4167049948078,1067.1735615744774,1468.16220838063,1221.4330299517403
2023-11-17,913.0,val,1326.980287857852,742.1126130047003,1092.089622686727,1052.7544018145588,1051.7300223680459,1074.4911951528304
2023-11-18,627.0,val,617.0305284997296,168.55622739527672,823.0490331803001,0.0,814.0401699524886,584.1828978831043
2023-11-19,516.0,val,635.3806018178008,474.0018327073401,781.6200502704623,391.869997409254,922.8588969413493,962.3354254586741
2023-11-20,1977.0,val,1610.1495193176,1289.1937572892446,1415.3532289175055,1311.166121239749,1437.6013173955216,1404.191164586698
2023-11-21,1625.0,val,1732.7962894081477,1301.2673335698214,1333.9115086508,1309.0255103896557,1337.7363442078756,1232.7313862869844
2023-11-22,1485.0,val,1735.5716473661623,1118.9361030440768,1351.1627274679302,1544.8614467609855,1270.7380231707753,1313.937074155023
2023-11-23,2028.0,val,1619.9201514719443,1040.0357783714544,1633.341853396971,1445.8748284463882,1518.9460734259758,1524.296507471901
2023-11-24,734.0,val,1219.5943598072945,661.6644558996192,993.9660273510426,717.3541439938546,965.3120916497899,853.325453508028
2023-11-25,241.0,val,509.40627601009544,0.0,640.8802202945685,141.8296534734949,515.6169044288235,436.011243778605
2023-11-26,256.0,val,528.7135804499284,0.0,582.6507104048834,330.253357972961,498.50330429487315,537.2632253641094
2023-11-27,1242.0,val,1505.9553757497,874.1189368687462,1248.4824691322708,1002.8509142756524,1145.5816912828857,974.678768186984
2023-11-28,921.0,val,1630.0058331938064,1011.9801969848075,1184.5251011069734,1149.0395075022427,1115.1274913191282,970.2191511964346
2023-11-29,943.0,val,1634.1539220765312,930.124314090817,1472.994117284607,1441.6860718347386,1315.8862830429105,1314.7072391887243
2023-11-30,771.0,val,1519.8398694017765,729.7586234314897,1203.3484436472254,930.3886777598759,1055.0966691619192,849.1367404237013
2023-12-01,380.0,val,1120.5724367545895,325.56588165534055,895.1132864395973,458.88479668919535,763.2807548476185,536.4637624980129
2023-12-02,14.0,val,411.12071689916866,0.0,482.1126763401451,0.0,340.0905548726451,199.64206535660014
2023-12-03,22.0,val,432.31739824838706,0.0,771.0897090181923,232.66197900206055,579.7670276118081,560.7175362096536
2023-12-04,116.0,val,1412.9199226525775,457.5838677317229,1020.6880217381699,1149.5709186221006,799.985501936905,773.0134143021379
2023-12-05,91.0,val,1539.2119803224145,1044.6763719749197,1153.784417902845,1297.4579813171026,1129.8102701403207,1134.0302073132161
2023-12-06,99.0,val,1545.520553509038,897.4479147081388,1167.095766277444,1352.3915868913084,1074.263848518157,1118.0436753282806
2023-12-07,171.0,val,1433.2800900291318,863.7094442374098,1585.1359454381147,1257.162835488938,1453.7326759871687,1440.4490714541462
2023-12-08,211.0,val,1035.754028213694,388.859085609831,813.8282920161264,595.2556292899419,748.8433757412723,672.0034772869952
2023-12-09,129.0,val,327.66757373020397,34.7770869147206,710.3845913721589,0.0,746.0931681320628,596.7381333951148
2023-12-10,195.0,val,351.32987567769646,47.48583922533879,598.3446098757152,0.0,665.8184773350749,593.1594639197914
2023-12-11,975.0,val,1335.816781180508,1032.1296453777632,933.6038638949127,1149.468693837703,1004.6970483468706,1086.4307168328235
2023-12-12,1012.0,val,1464.8176775896493,1135.7714376371005,1022.3978915131163,893.1025347943262,1083.261516390151,913.7958439079605
2023-12-13,1117.0,val,1473.699169728002,1130.412804675343,1112.5303327915312,1057.0762146776392,1153.1678114674905,1087.2649074868132
2023-12-14,1039.0,val,1363.8902990859585,870.2790747497329,1049.245855979104,1003.9598221519834,1035.0861765071284,999.8688356976471
2023-12-15,909.0,val,968.4094576632988,410.9052043871252,748.5888420833132,806.0215975979585,725.0437656383586,827.7084459887006
2023-12-16,475.0,val,261.93876661940806,0.0,522.9857370926087,69.61263296253594,550.4263992146507,600.0248745751203
2023-12-17,415.0,val,288.267036521587,0.0,782.2341330245324,89.02476285328783,811.6467825311238,821.6405787741095
2023-12-18,1323.0,val,1276.7902895898742,1112.4721824357175,1330.1769763912412,1104.631605448004,1385.1770697584486,1411.5116866306207
2023-12-19,1498.0,val,1408.6014363944312,1313.0120618686524,1432.4890949894134,1149.0128075382895,1516.7423056825105,1479.682737865209
2023-12-20,870.0,val,1420.1099115191828,980.6902401693906,1040.7708714832302,1123.6700616076655,1044.1166043117662,1048.485626410231
2023-12-21,734.0,val,1312.7412534381535,948.3615378798611,997.4739415837315,828.6143666570559,1042.6779569176251,945.6321964411659
2023-12-22,337.0,val,919.2705427465218,504.67898943473745,706.6180550774855,388.167233591407,747.576258377949,639.5483616915478
2023-12-23,116.0,val,214.33899859373594,0.0,301.2291037640238,0.0,375.9736732190895,380.55346592470585
2023-12-24,54.0,val,243.21959218884,115.14992144949537,280.70912102208774,0.0,468.7126836880823,412.42994676467015
2023-12-25,225.0,val,1235.6314964560856,1093.5632862930372,1185.2792649630458,1064.5464153638618,1270.7967670963353,1320.1437794093317
2023-12-26,294.0,val,1370.0700757313548,1068.3165063364097,1035.9583161450398,1177.708515856018,1094.0909142797063,1144.271729984756
2023-12-27,667.0,val,1383.9918133818674,1150.6179807590001,1366.2744242025713,1193.0596607693597,1399.577864240928,1425.9053547848257
2023-12-28,624.0,val,1278.8215537634583,1073.8142355955163,1146.8619579225365,1105.1020182619236,1232.7455672950437,1309.1276037204916
2023-12-29,543.0,val,887.093598434988,650.9481003393212,733.0322773947763,740.1688962426331,845.429723853228,979.1896800154399
2023-12-30,518.0,val,183.4111342561763,20.26416980438836,694.8545785504429,0.0,774.8105611704622,806.7816103650027
2023-12-31,334.0,val,214.5363695498271,0.0,313.58387815774915,0.0,449.5059624933133,412.86270178536046
2024-01-01,261.0,test,1127.5571288957285,903.3555170737288,1131.2234259413258,1196.499871947115,996.8688847985993,1004.8492921430626
2024-01-02,590.0,test,1157.5706582286668,1161.7543206268365,831.3162880245852,1088.8417473094623,855.3555168372233,880.7605292832887
2024-01-03,714.0,test,1169.8208126341074,1246.625257474213,1005.1576387333755,1029.1987054271012,1064.210193330662,1019.4081566123821
2024-01-04,729.0,test,1149.8411357645423,1020.3655153082766,931.2770486195282,1142.946796067005,919.3877333063737,1004.7957053626014
2024-01-05,631.0,test,727.4715441687742,573.1723224051138,514.4998486934965,364.0493550242453,529.2988479639037,408.3995206827079
2024-01-06,175.0,test,170.94956271341482,0.0,12.701362823690204,0.0,0.0,0.0
2024-01-07,78.0,test,139.55618426627268,0.0,4.58112541174529,0.0,0.0,0.0
2024-01-08,346.0,test,1151.7493535564176,405.24392740668713,784.4167726687856,1125.363136863492,519.374452315764,552.5798367904146
2024-01-09,255.0,test,1241.7722383793614,419.6351669978241,1056.7687191570305,1215.5836633613083,717.8271922696683,716.722842458116
2024-01-10,227.0,test,1224.3261270187108,445.7349646913343,1055.9517128118619,1174.295201560794,762.207196772233,734.0262470407379
2024-01-11,240.0,test,1219.8539802460282,369.30298578482484,861.0525528714156,1187.7454334769864,574.3681652321713,631.8041460435985
2024-01-12,270.0,test,757.1551944185602,2.0759956303665206,879.1148188241908,742.1571735216133,594.8595989113743,601.8496362998409
2024-01-13,98.0,test,136.16681234667863,0.0,0.45449673526150036,86.6520801361172,0.0,0.0
2024-01-14,117.0,test,126.39589641316331,0.0,374.80408186709894,68.25767184677841,179.38888479465285,187.20294943277142
2024-01-15,508.0,test,1156.5356612938722,604.4912467426632,854.4756090241417,951.2023698885442,686.5517101712471,645.2006527330816
2024-01-16,435.0,test,1254.5945800730926,649.6784306375614,932.2421386535827,1058.4575183846123,732.3280388205662,692.8167920049437
2024-01-17,229.0,test,1240.9423694236116,1039.339450934058,791.3771566888199,832.3802479129953,818.3380769640223,689.3886428454416
2024-01-18,674.0,test,1238.3631275831017,1157.6205383234258,915.2720315594335,969.8838008030391,977.0552771741975,966.9949863333153
2024-01-19,318.0,test,776.0272739679458,100.79275528765415,642.9724497560198,741.7341181771454,452.24730252172344,511.98808577725936
2024-01-20,93.0,test,154.79970620014558,0.0,511.39166686741885,87.48207470368425,325.5884647638435,332.4989358218586
2024-01-21,117.0,test,145.52356536977982,0.0,402.98793898560456,70.7027249540073,287.81870042115276,309.1782051415884
2024-01-22,730.0,test,1177.616466161691,1045.3159229952967,793.0137769448639,837.1257201700796,835.4256393232026,772.8666581961443
2024-01-23,1016.0,test,1276.3277708111425,985.734671987143,940.554544485516,1041.141678745023,891.4407692078454,867.1198372922705
2024-01-24,1154.0,test,1263.2208381647752,1300.7224408865113,823.7300122223795,978.6469153060343,963.4182168709181,937.8126815816897
2024-01-25,1500.0,test,1261.2649615774897,1061.8701184281433,1074.8489962439046,1136.5500750988624,1068.3924941496127,1119.4357963808638
2024-01-26,906.0,test,798.9628263959709,706.6369747495513,540.2188949037493,489.76993166808677,637.6073456098271,610.4524938957086
2024-01-27,724.0,test,177.6089385342907,0.0,527.3049177264577,97.10489210473509,455.4756472915701,483.778575950797
2024-01-28,760.0,test,169.1448147816502,15.105893990479842,517.7407752691911,81.43176697453578,503.6944090938164,530.2551246732244
2024-01-29,1372.0,test,1203.5989930875903,1119.89746862344,1278.8446480828266,1109.5555434595412,1269.0558329300857,1287.3933724268236
2024-01-30,1837.0,test,1303.403373685553,1313.627426367797,1277.1121647554448,1219.5028379001794,1313.3368949907867,1359.7054573881899
2024-01-31,1716.0,test,1291.2910099601393,1170.5690329975112,1115.110211142951,1189.562890094528,1144.9433444742936,1176.7951268633005
2024-02-01,1135.0,test,1290.4046845850753,998.2672566861021,871.2088922511746,947.0477218424094,870.6310741481431,825.7225289361945
2024-02-02,1080.0,test,828.57284768777,567.830970172748,523.5866556929616,755.2902917751502,561.0615968393557,675.8303206416513
2024-02-03,866.0,test,207.5176129850721,191.69410888149093,554.4428999082587,78.09413650181057,620.894144608649,651.2385809931218
2024-02-04,619.0,test,200.27909640029793,49.06945000474548,96.45188763090027,74.95294708276401,170.11457926370974,257.63297685513953
2024-02-05,1941.0,test,1237.4967690283033,1231.6019149503318,1234.4790939163358,1131.4756400509505,1278.5646616687163,1314.397348175935
2024-02-06,2108.0,test,1338.7803055488316,1199.4303971456698,1377.3747355254284,1242.9189594924594,1341.6210511301167,1360.4033502836774
2024-02-07,1694.0,test,1328.0333277506127,1143.048248273598,1037.793990857343,1079.7790985640966,1064.583956414411,1025.4458211678982
2024-02-08,1405.0,test,1328.5714478455143,1249.1045317355383,921.194718133878,1223.364303577852,1017.8184662552359,1138.187235977997
2024-02-09,1224.0,test,867.5468806064788,768.6336438545181,559.0707778371309,795.7298267661415,674.4506529247284,808.7481432460784
2024-02-10,712.0,test,247.1087908120345,256.57507274794017,57.72635054105723,2.7771189702109496,235.8915378839988,295.55936775030864
2024-02-11,441.0,test,241.3961800945567,0.0,32.91877494126629,0.0,88.86759042545698,93.60122507266236
2024-02-12,1197.0,test,1281.6589494273494,981.5791505696507,885.5387878460015,1040.2301152900025,873.8080962081494,872.8152432097844
2024-02-13,1376.0,test,1384.679075738522,1101.715968120178,1282.7047080017878,1276.6482265445575,1213.2799073769334,1239.533673634477
2024-02-14,1472.0,test,1375.5309182813737,1283.2247831997977,984.6505892065517,1236.1658131623954,1075.128614355767,1131.1341135251032
2024-02-15,1696.0,test,1377.70163447483,1400.184349688258,1335.44648363953,1273.689952711985,1418.0806384229054,1487.7485186377953
2024-02-16,1410.0,test,917.6646989472056,1025.9095347394712,895.6257136534508,557.6734890395339,1057.8822073949605,988.3973502837547
2024-02-17,620.0,test,297.99540646577685,135.665193871444,127.26112315252595,64.0183015351231,232.46735998632857,283.6153346747882
2024-02-18,1006.0,test,293.93171137070357,201.42634899154882,414.8327255859076,0.0,488.0182229750058,438.1920515056576
2024-02-19,1535.0,test,1337.3333638635759,1014.5191238618349,964.9562275178524,1038.7797361677503,944.2204866805462,905.1415055029848
2024-02-20,1430.0,test,1442.1492267328263,1044.6539501915966,1005.8806573553876,1224.2668345205911,949.5734342737686,959.3695427785663
2024-02-21,2051.0,test,1434.6247653449896,1297.3875209960827,1314.0904346596212,1230.2566397502565,1342.3014751668145,1310.7078186185702
2024-02-22,1140.0,test,1438.4177258237562,1182.9067485396,939.8743634160735,971.1983687073468,984.6209258706191,890.075807620989
2024-02-23,1108.0,test,979.320788265992,526.1895344843796,606.8231535127197,883.258203282374,587.8855853251004,693.0601981402111
2024-02-24,764.0,test,360.33502690272496,0.0,493.30261892862285,231.6482703393006,459.0718692835218,506.42181203567964
2024-02-25,910.0,test,357.79809883925185,125.68851954336492,569.0769404672474,221.97104592089602,571.157841551481,601.4613584413044
2024-02-26,1846.0,test,1404.17980899256,1182.4208937651838,1099.0812052605222,1261.8936785072763,1116.5153991041293,1172.2312459521318
2024-02-27,1920.0,test,1510.5913654795263,1046.5800071106173,991.2036834023136,1378.6132795259093,925.273265999678,998.1580489087644
2024-02-28,1820.0,test,1504.450681493621,946.5088863179316,909.0219397461757,1354.7001581353175,839.6541678419298,888.9755214718016
2024-02-29,1865.0,test,1509.5861875966107,1094.559558935197,1157.8795026348143,1382.0548262262007,1111.435695799812,1186.289658191093
2024-03-01,1246.0,test,1051.108838573893,583.783312858199,643.4945720501855,886.8503305954264,630.1095832645733,700.8958045631874
2024-03-02,1042.0,test,432.44632824481494,222.49699395182608,666.2388444728249,292.8541569480735,692.1631623297567,732.379191579845
2024-03-03,1140.0,test,431.03801487155636,495.53123237498284,633.8186231423335,284.53121399726894,775.1459423641425,829.3372992988682
2024-03-04,1849.0,test,1479.9652586025763,1033.8514348410993,918.9165814764558,1327.1934754777012,887.4832539029121,963.5708608621015
2024-03-05,1798.0,test,1587.4983993228138,1150.277414028872,973.1810191502325,1143.9996243330334,941.1051748724599,845.0935969371727
2024-03-06,962.0,test,1582.2305049884794,934.0472342604579,955.5462834585485,1142.6585753194072,857.044031390423,729.5414991341629
2024-03-07,1971.0,test,1588.1621707418165,981.0232625341066,1043.7529219681244,1451.0447907302996,951.4256615249038,1038.7268059346106
2024-03-08,1659.0,test,1129.7230902678475,666.184667156978,1200.417665456552,1013.3519719585104,1110.6166446470702,1130.1500483865104
2024-03-09,1151.0,test,510.7698177595056,394.71857196398844,725.4138225067426,362.31420278146555,802.7921365500208,851.7505916968059
2024-03-10,874.0,test,509.8468076358664,505.92579396640673,359.8066428749215,341.4173813342802,539.5289439401488,638.1179740726853
2024-03-11,2116.0,test,1560.6498572281562,1221.452665592225,1367.544572245429,1399.7010457014505,1324.421205267875,1343.1833894551778
2024-03-12,2110.0,test,1668.6065762460976,1191.20151982287,1093.8920643093882,1350.559833993952,1042.60358744643,1014.4063474157109
2024-03-13,1629.0,test,1663.4892228375775,1196.2978285071097,1019.4255622846765,1459.4991392992647,1009.4294244845207,1046.287699725759
2024-03-14,2165.0,test,1669.4733237754692,1484.728980865276,1545.7149307269142,1525.4530421133325,1571.7585063458482,1620.7925120864506
2024-03-15,1627.0,test,1210.3090134450679,1062.7207608607432,1053.682667830207,942.5657652119551,1149.4135439611066,1145.8735794847635
2024-03-16,596.0,test,590.285131690176,270.2840206143275,437.6340611658037,267.7722584877341,495.96230052581586,487.0703384103043
2024-03-17,1092.0,test,589.0557471396608,279.7378835519387,458.48296099696915,428.5565035457854,506.6152663951373,582.3658605871653
2024-03-18,1337.0,test,1640.9350283824263,1161.9367402945688,1024.6284640304732,1141.192746632238,999.6294516524688,874.9848109604357
2024-03-19,2233.0,test,1748.5069614325562,1443.5781012741631,1407.6755438355146,1594.0019567590275,1397.2302354034432,1444.996916630268
2024-03-20,2487.0,test,1742.7279236205047,1538.4272652759537,1656.060825772797,1571.5968435994716,1670.0502047902623,1655.4189758636546
2024-03-21,1563.0,test,1747.9519429851885,1402.0831598295642,1254.4939568695406,1336.843884153111,1279.6386434254573,1217.4998713649813
2024-03-22,1995.0,test,1287.252002875458,1084.3531327814408,1340.294064207717,1161.5068410893448,1380.814913384238,1424.4603818458047
2024-03-23,318.0,test,665.3532634336075,330.44880468543886,455.86007759898274,180.11729164280285,524.3285704611662,427.29071500283277
2024-03-24,242.0,test,663.0244324964372,0.0,476.581371339405,295.2071738133726,331.81877470987996,251.85484444859503
2024-03-25,1684.0,test,1715.202382216042,1165.2476978447266,1643.319219596728,1547.70781763037,1497.1872247064196,1476.1665101261706
2024-03-26,2109.0,test,1821.6268615103497,1465.8993798216834,1610.908257391719,1666.1792217619184,1560.8290965117533,1582.7367416121165
2024-03-27,1495.0,test,1814.4434703044096,1786.3858888859268,1357.713696556565,1357.312302421742,1520.1139762920686,1412.835373234052
2024-03-28,1144.0,test,1818.1883638308616,1265.338289206103,1427.6467660771139,1547.4805735174455,1348.7291353184214,1337.6494861008937
2024-03-29,930.0,test,1355.259719518266,1344.1857402266237,1278.3712806762603,1230.205756117124,1432.5427880634468,1517.87600955189
2024-03-30,960.0,test,730.8228728556377,805.1268573814104,810.5331993933212,575.145527561668,1015.9566516247438,1107.8748918938297
2024-03-31,749.0,test,726.7658985508544,700.9312279693239,646.2081226463354,566.016883421741,824.7237545719944,921.6136333545494
2024-04-01,285.0,test,1778.6522873916633,1401.1175540467643,1128.2874386187482,1538.5842021632016,1165.6088444405113,1217.611843054673
2024-04-02,1509.0,test,1883.376395456162,1357.4685701040758,1595.9022823931607,1730.5705403576708,1489.6663645157555,1513.270566011435
2024-04-03,1428.0,test,1874.2774978901684,1363.771106129403,1243.8925333798818,1514.1849671678442,1228.9598711560893,1170.3952672962298
2024-04-04,1624.0,test,1876.076735630636,1537.3709044888842,1456.45650955615,1514.3430163439139,1482.794974957023,1441.7954783914677
2024-04-05,1809.0,test,1410.4989442018355,1407.4668646807097,1302.0761431832345,1289.559622797474,1471.3153721256306,1567.2906542497103
2024-04-06,1565.0,test,783.1525019373437,947.0546351948663,1100.5960551600253,632.0209104033205,1310.609545673229,1374.4827682257019
2024-04-07,1642.0,test,777.0484869958799,886.8408446304752,808.4284716943325,621.2647089785949,1034.0904283927564,1129.142994266977
2024-04-08,3197.0,test,1828.3797312345246,2015.5347906627205,1659.775520001385,1668.3391473961108,1867.9191985484904,1936.8116112720575
2024-04-09,2448.0,test,1931.1927467977114,1728.5610229384033,1273.2199979068605,1569.2386001368677,1380.460681814115,1371.1357999805316
2024-04-10,1837.0,test,1920.0235592732693,1239.2233337528373,1340.5875176127233,1757.6251609785024,1246.8494185022619,1286.915719604297
2024-04-11,2671.0,test,1919.7796900001726,1416.600011706204,1868.3491552323958,1782.3970309184137,1762.737777732042,1781.8630819354316
2024-04-12,2436.0,test,1451.5125530559637,1158.847330492654,1651.014736539094,1337.414738965976,1644.0372832034807,1667.464047934377
2024-04-13,1811.0,test,821.2748246116756,817.6660958106522,1122.298257141347,677.2834496131898,1267.6805340819926,1326.6038311551683
2024-04-14,1776.0,test,813.2025477086853,816.8324092110311,1151.505633655775,617.4638766137591,1283.0680778176675,1294.0172345952378
2024-04-15,1375.0,test,1864.1188850908636,1345.3481197292917,1311.9957160859608,1380.6308451653592,1280.8107828477798,1159.2004852822197
2024-04-16,1371.0,test,1965.2182656216405,1213.8604287367364,1494.199403226266,1503.2191255428347,1331.4261364565155,1182.530222302602
2024-04-17,965.0,test,1952.234720115794,1086.7326051288421,1318.4002210402823,1547.991615761461,1157.838392730436,1045.999214958189
2024-04-18,1066.0,test,1950.261690568548,1026.163330545283,1481.5788448477474,1589.0381468591293,1268.2860563094384,1188.2353111785412
2024-04-19,848.0,test,1479.6752105771516,479.5718684807065,1034.280083194655,1219.3993138520414,833.3639826420113,819.4659074697795
2024-04-20,432.0,test,846.9716174475615,0.0,685.4050102741967,588.3459108429034,521.2749806570462,514.2696616602052
2024-04-21,257.0,test,837.4119847091121,0.0,529.1695093923443,393.1879334206532,325.9900771652884,210.0362201921023
2024-04-22,1350.0,test,1888.4489025152784,846.1639624445577,1260.704902691062,1731.3689945582705,1016.6980328374416,1063.0828450666584
2024-04-23,1235.0,test,1988.4185893674558,789.9761293706546,1274.4942442869958,1783.3178048587206,961.9264194449022,974.2720611605358
2024-04-24,1423.0,test,1974.2524783093486,1050.816912981705,1431.9235605368856,1731.1569837016796,1234.8634695523206,1202.466451508772
2024-04-25,1785.0,test,1971.2276431907114,1080.721457142378,1605.3191144378877,1850.9987850502737,1393.9575371562796,1447.749589726508
2024-04-26,1773.0,test,1499.0409870399462,962.1181153172024,1567.8943193754899,1402.3425276384303,1487.169137082441,1526.7991197943998
2024-04-27,1584.0,test,864.6301313994555,578.4103143981818,1249.4630415506003,738.1001860702249,1267.8744368418756,1303.5491965476074
2024-04-28,1541.0,test,854.3795643302959,718.0557304830868,913.9849239359653,723.493886231349,1045.50944967029,1137.6217791484667
2024-04-29,3086.0,test,1906.3687830496929,1621.561526809755,1986.6162348780035,1771.288123926542,1958.615003302035,1964.6220811433188
2024-04-30,3311.0,test,2006.0681185555186,2004.4584134175861,1953.4806646933139,1884.1395971825893,2059.2631505319823,2115.0507227840344
2024-05-01,2001.0,test,1991.604343077297,1816.572865636631,1972.2627611598637,1854.3856732913953,2019.44205644793,2029.057286068362
2024-05-02,2241.0,test,1988.4345007497038,1755.9842205027633,1557.284685213515,1778.7459883860067,1653.3501396193517,1723.832195914505
2024-05-03,1304.0,test,1515.5713359384154,694.0047448174386,1008.5352648670672,1352.1451834060792,908.4874495207748,984.5365267821909
2024-05-04,1547.0,test,880.3902050746506,441.26119484299807,1193.5509179273433,761.6053729274058,1163.112419271462,1205.311468762413
2024-05-05,1197.0,test,870.3963333333735,490.6431222933019,915.6594160770849,680.821915940933,948.3896942084067,988.8031951761654
2024-05-06,1906.0,test,1924.2926576254051,1587.5921039450143,1719.3718186162548,1338.1727442515157,1723.6606419131954,1502.1641924167998
2024-05-07,2029.0,test,2024.6751109675934,1401.3514341424943,1323.104991404608,1697.8473704765513,1272.9464420808981,1263.8885819194431
2024-05-08,1090.0,test,2010.8630422194567,1067.9558453655545,1284.5557840904496,1602.2344822259126,1121.2456497173894,1022.9071395347295
2024-05-09,1352.0,test,2008.4892324706962,1401.6595000870045,1727.9067350395574,1902.6356572589857,1636.9891161716673,1713.7573237030601
2024-05-10,2083.0,test,1535.87679928131,1061.3772168509504,1820.7108428332003,1453.1084249425612,1740.6780133722789,1761.5607903278822
2024-05-11,1449.0,test,900.8349833650161,536.5894298659131,1380.6539392798613,787.6195408975132,1360.2431757523193,1386.3961728136278
2024-05-12,1570.0,test,891.9869086583612,571.8608720718353,1379.932795320548,773.7699699158786,1367.6680341826013,1383.0535631808234
2024-05-13,2967.0,test,1948.6554631774,1600.429879608344,1915.4013560983121,1825.4560539557242,1889.6788356898353,1921.5903916883424
2024-05-14,3440.0,test,2050.553785026929,1748.3743793450622,2159.0774062718865,1939.8288810134413,2113.913629587767,2126.5280682446373
2024-05-15,2573.0,test,2038.1913012948037,1698.6202524658036,1729.680538492878,1756.7171033891411,1764.8787295016373,1726.979135571084
2024-05-16,2366.0,test,2037.3727009581885,1710.7361570299045,1839.4252225142538,1708.405105124433,1862.8922395760997,1816.1471000330944
2024-05-17,1180.0,test,1565.726550464639,796.1705118945276,1116.8045181337714,1486.0677980182722,1040.526668129186,1166.7536024652063
2024-05-18,1181.0,test,931.4928101470473,549.4438007337044,1152.5925796285824,480.7722391748718,1175.877859855685,1042.5730539515891
2024-05-19,1225.0,test,924.4104893443688,485.1230098356108,1187.608835207353,628.03358649751,1168.416649987182,1106.6698108716573
2024-05-20,1613.0,test,1984.4198974165483,1617.0390985942213,2106.359360792907,1796.7218405136196,2050.1929248332963,2016.5119620593048
2024-05-21,1189.0,test,2088.344063727071,1660.5244796916136,1354.2969452453667,1708.9474973479914,1406.5615227480455,1392.5564158842176
2024-05-22,1817.0,test,2077.8812138606663,1485.9902743419996,1634.8506308451529,1834.5631860692786,1587.1744840658073,1575.9025347723098
2024-05-23,1438.0,test,2079.0054548169946,1559.9703028621639,1659.1080472538924,1571.5732106467474,1641.5028620073813,1509.5724524536924
2024-05-24,1491.0,test,1608.647332374481,969.0225085356573,1538.6299678814455,1208.9848795937614,1458.9044094936853,1338.3388755728874
2024-05-25,893.0,test,975.4759302991403,420.30786376940466,904.0958559426284,864.3525177391127,908.400615573212,1020.0248811642118
2024-05-26,1404.0,test,970.3458048733964,564.0551082717482,1240.115353803886,853.2986928141858,1240.7750815466923,1292.7962354200442
2024-05-27,1819.0,test,2033.8139290302538,1547.0460958805252,1718.5392935609405,1452.0187466409668,1691.6297396805967,1485.372719485436
2024-05-28,1344.0,test,2139.8077651153008,1354.8119225774942,1578.241148612128,2028.3415876615072,1447.5840335460957,1537.46584936715
2024-05-29,1933.0,test,2131.215004120896,1605.1395376919622,1796.8631044254596,1696.5362289617271,1764.4190017325745,1625.7894064796242
2024-05-30,529.0,test,2134.1787002873352,1533.974460757629,1649.269971617329,1625.5102088852586,1612.3476860807623,1485.654939533134
2024-05-31,295.0,test,1664.9299923165688,640.9354049078127,1116.9703194144397,988.0924595767517,956.8098585737464,718.6233034847169
2024-06-01,103.0,test,1032.567633456992,37.10161345882432,670.4458952665225,386.6297625529759,537.4257253667458,337.7035861424638
2024-06-02,567.0,test,1029.0635795655471,358.32215544435223,777.3339423135844,778.9848900978718,759.0612794703534,799.8802059279249
2024-06-03,909.0,test,2095.5929373143063,1217.2387494818067,1379.868991658257,1586.778854550296,1255.5151902309822,1130.6964491348506
2024-06-04,3072.0,test,2203.184392597532,1600.9671993789211,1983.616117637014,2086.893128149172,1879.1543063005645,1924.8704854992109
2024-06-05,3049.0,test,2195.918043900723,1741.039944686153,1909.581043909342,2062.23784009177,1905.4948915692848,1950.1885717357623
2024-06-06,3085.0,test,2200.1077029322623,1816.8012530659703,2102.540234755923,1999.351361984332,2098.841474797555,2113.403862009631
2024-06-07,1900.0,test,1731.2859918466165,1186.0864369468811,1567.0572788122404,1462.2058299910423,1557.055337183659,1544.8564829977245
2024-06-08,1388.0,test,1098.984146087177,788.8738603592863,1221.669945011762,683.6114322126757,1313.0809812396553,1232.591748568881
2024-06-09,778.0,test,1096.2956189637703,495.0726060943009,816.6371523181572,594.2657350576256,840.5932755220679,741.6170480688824
2024-06-10,1656.0,test,2165.0173322832115,1501.687816324716,1744.3960339803284,1947.9977363039243,1668.881598996672,1691.5361995364647
2024-06-11,2142.0,test,2273.2781470510085,1285.4835495102784,1472.7287844964867,2150.0069612546195,1305.1479007574767,1415.2155407535506
2024-06-12,2662.0,test,2266.3556276002028,1440.7480770737948,1716.0714374041104,2125.4374521987947,1599.733853104169,1655.2085939421404
2024-06-13,2885.0,test,2270.738204750828,1476.131572295777,2174.006041504339,2152.932975382071,1993.6281874461688,2024.1531688274508
2024-06-14,2140.0,test,1801.262852007099,1122.1811687945906,1450.249997852577,1704.9733753791788,1419.6348327951875,1535.2755589328797
2024-06-15,829.0,test,1167.8979978819905,396.2143855479087,905.6456709988865,1025.8863398506764,866.966844097045,981.5523631010819
2024-06-16,1461.0,test,1164.8645001834193,566.1012564740803,1070.9764563004248,992.5394136910279,1070.0430909816432,1142.506023722982
2024-06-17,2724.0,test,2234.5864864853597,1810.4846493604578,1925.630879703841,1900.5874780925024,1941.8581491622294,1896.982245328759
2024-06-18,3615.0,test,2342.293539526726,2057.9127135121953,2333.183257343014,2210.801277536205,2343.2444852204158,2374.9570328717527
2024-06-19,3430.0,test,2334.467236530899,2020.8318235531165,2351.4725328721383,2185.2082500601964,2367.358914772381,2366.5887731133134
2024-06-20,2891.0,test,2337.7758538169564,1813.3459046669427,1955.822541939082,2211.5853602492894,1950.2613020983326,2050.5946663238656
2024-06-21,1661.0,test,1866.3648185865193,1246.1616964858688,1423.0885807668994,1326.4710244203402,1440.4804264078855,1309.2613500802995
2024-06-22,1194.0,test,1230.645565413581,629.5554221764062,1323.5546974094595,678.3017458184014,1304.4242353911195,1125.2413703912334
2024-06-23,1215.0,test,1225.9732270078275,515.9055619615771,1113.4769343725266,1082.1226995206925,1073.1420231481054,1159.0788441428629
2024-06-24,3354.0,test,2295.4053446078337,1730.0327604478907,2320.409053727186,2144.5014223075723,2221.068484939993,2219.4926816886864
2024-06-25,3688.0,test,2401.2734300495026,1925.9269469633368,2444.119518626066,2261.279937734826,2366.003316532319,2368.71423765462
2024-06-26,2560.0,test,2391.2701365658813,1902.6541546074516,1971.3865342838674,1907.9189445115405,1991.8162228187593,1850.0650081903964
2024-06-27,2604.0,test,2392.249170403806,1845.1061258161453,2040.4923772373247,2257.6533944557737,2024.7974291665105,2114.6587460997644
2024-06-28,2458.0,test,1917.6687128541155,1528.1384841373306,2014.6913443533576,1804.7074973473948,2044.9524105615628,2102.581428649133
2024-06-29,1426.0,test,1278.3890580907964,1116.157258022693,1443.2766009181594,1133.147207936109,1611.8419528341742,1709.339088300605
2024-06-30,1245.0,test,1270.9063654168613,673.0352651209652,966.3449208973119,1105.5153841902977,1015.6978217921014,1134.4667235606503
2024-07-01,2393.0,test,2338.9175170930407,1604.201604224259,1839.1227282647947,1865.9592485952003,1762.2825394344068,1642.8245919913932
2024-07-02,2924.0,test,2441.8567134651266,1500.9382128312654,1735.7495431304294,2082.1566866635535,1588.352668885765,1548.1783423606526
2024-07-03,1278.0,test,2428.6341483339256,1400.2556813089668,1681.424316065162,1970.2838422926986,1525.6829422874282,1410.71782304499
2024-07-04,2537.0,test,2426.2937847066487,1608.2765576559068,1897.6416373761758,2217.886241832322,1798.2013601268363,1851.9913607349717
2024-07-05,2236.0,test,1947.609944741861,1273.8531400751563,1945.9366706004475,1827.2282025738064,1873.26337241666,1920.8598257385574
2024-07-06,1062.0,test,1303.8965736035875,1010.7214962167682,1414.6631479495381,739.8150174111173,1540.8481819387475,1384.0802488969455
2024-07-07,472.0,test,1292.7964013794267,202.57756822883437,866.0985742966129,846.3331305321129,725.2974501892481,653.8319644282392
2024-07-08,2372.0,test,2358.6502281854455,1597.112551861389,2003.2901997905878,2155.7700724246215,1894.2955168037386,1914.3310889746294
2024-07-09,3745.0,test,2457.9942079771117,2031.8646497763,2392.4196370245368,2246.2177354671467,2365.185765199636,2351.729438801505
2024-07-10,2874.0,test,2440.960923134546,1929.3468926162066,2053.153446621636,2134.2762708468954,2067.6358998221212,2030.7452886251845
2024-07-11,2861.0,test,2434.787677655866,1863.1912632648816,1983.9665142535491,2211.4998211727734,1984.5204406784424,2039.7130359287253
2024-07-12,1892.0,test,1951.5664601864441,1309.5722206286155,1696.9377399270656,1545.2134963893282,1687.7924549493284,1610.4864060779666
2024-07-13,1184.0,test,1303.0676903632234,373.18756514670974,1044.1730478812392,1144.6847739299408,959.3668407176742,1060.8111929000106
2024-07-14,1638.0,test,1288.0841459221083,708.3263389732356,1345.5065902801439,1123.3494854827316,1351.2584474342473,1415.6395123365553
2024-07-15,3284.0,test,2351.6029611911626,1940.9590633133853,2360.9631888255376,1810.5926411098926,2347.8358744928623,2132.358632340398
2024-07-16,2308.0,test,2447.259258168484,1794.1936619256853,1733.0845328458042,2212.5664002709464,1723.845891599751,1791.409305076765
2024-07-17,3080.0,test,2426.410540045058,1569.0848130190675,1604.2954816468978,2249.1594352953603,1546.5223966837734,1636.0866225177328
2024-07-18,3390.0,test,2416.488154560815,1799.0865810771463,2396.1995689431233,2263.056926013873,2305.292198970529,2326.995470366053
2024-07-19,2495.0,test,1928.9008457729578,1445.3379972794892,2010.1514238631567,1797.8487705158318,2016.865122344387,2065.841585872644
2024-07-20,1172.0,test,1275.8758538895017,769.3125421632587,1247.5861233527019,764.4049015634345,1314.801153719553,1201.9556302753704
2024-07-21,1177.0,test,1257.3569728265566,825.8280203599168,1465.773379889475,797.4112626913453,1515.9570501584242,1391.0383698717433
2024-07-22,2333.0,test,2318.9775565850387,1584.395223202076,1795.252434917905,1928.587342222451,1736.7164218895985,1679.763292533838
2024-07-23,3100.0,test,2411.4661609315312,1704.1282035432341,1959.7462330959816,1963.928583255659,1884.6300199252264,1775.2643189553703
2024-07-24,3185.0,test,2387.4052021621656,1568.9409014162534,2099.5114089076133,2206.4565610044806,1969.224975269999,1970.5492766126004
2024-07-25,3456.0,test,2374.4182438945145,1672.107596248041,2312.7710220073363,2217.50097430004,2195.5011038555394,2217.6311328638476
2024-07-26,2612.0,test,1883.2273645350776,1297.041194084019,2093.308517036009,1748.9147697887574,2036.3751234674107,2055.2245527781033
2024-07-27,1379.0,test,1226.5144966125238,882.1650688868377,1555.7427707564675,778.8216292204704,1636.8597302207195,1518.8994925197712
2024-07-28,1090.0,test,1205.3729899288537,454.07985036737034,1224.8673550289539,824.8665806292381,1171.7799096115866,1103.6888383235544
2024-07-29,3260.0,test,2266.0799284939085,1607.0229112779643,2338.2603784619646,2087.6733720222896,2212.4929305545993,2191.305075547667
2024-07-30,3423.0,test,2356.449450347477,1893.2691463131387,2351.160733669646,2189.869225197227,2309.458010642438,2318.473375392455
2024-07-31,3020.0,test,2330.2866435899323,2015.3816935372058,2195.7998260646664,1894.4214323511999,2264.8946929856684,2132.0844616784198
2024-08-01,2542.0,test,2315.4033092041373,1755.5934821753526,2079.1029730402547,1953.9345255131338,2059.026647651008,2002.5027073291485
2024-08-02,1856.0,test,1821.8293809411743,1072.6707877688332,1595.1435894291435,1245.5543215028845,1546.7222189751044,1361.2401131074826
2024-08-03,1003.0,test,1162.6974033103734,561.8076877642432,1174.1573081488373,757.1098243544367,1202.1038051949092,1146.228410809175
2024-08-04,1311.0,test,1140.2469831644216,457.17699580139697,1165.237422086691,966.1617375671404,1145.9538967144385,1212.6917639621413
2024-08-05,2519.0,test,2201.3947255493817,1465.8031625419567,1819.2984018093505,1995.134103651275,1742.9396243893839,1780.2346786581506
2024-08-06,3127.0,test,2291.030900612402,1783.4008519322379,2303.9676049728987,2122.333136775339,2242.836519627732,2246.9061158783356
2024-08-07,2596.0,test,2264.1795715998082,1699.792501101579,1912.2820777645322,1841.0515225067286,1912.500248010752,1806.7841690356108
2024-08-08,1886.0,test,2248.8354822703322,1516.9140926087807,1662.7220602319344,1839.8872034176372,1631.125142218734,1594.4924091112975
2024-08-09,2141.0,test,1754.3297720846565,1187.9342179876553,1917.9204447624634,1615.721491804104,1885.469657234661,1918.6206874686086
2024-08-10,1181.0,test,1094.2405013308917,662.8104795809598,1436.1545918489994,924.1331473219946,1485.2546720707896,1534.6015320359438
2024-08-11,1116.0,test,1071.94937762629,731.3243149320308,1525.7629311254855,895.8886068169545,1586.9589434025495,1612.6334157667934
2024-08-12,2289.0,test,2135.007620465768,1778.2175764771926,2032.869642018777,1952.3630644773357,2078.1539711507485,2118.3353477557866
2024-08-13,2162.0,test,2225.3716411184773,1931.427569886365,2063.0314909377694,1943.5887155347416,2130.2757357243445,2118.2195387387173
2024-08-14,1895.0,test,2199.280415388923,1824.6406815663431,2035.4264400887134,1782.0674855390025,2089.5817669541575,1975.3742001965293
2024-08-15,1148.0,test,2184.906135389745,1674.2066040383847,2213.071538894565,2021.3134707751192,2174.484071151912,2203.8261790085744
2024-08-16,1243.0,test,1690.874464220615,1266.2825073225315,1687.7151178675338,1493.0233021688844,1750.5932091471059,1792.8468510288346
2024-08-17,849.0,test,1031.204021068252,475.56406907237056,1013.8552740087812,686.5550734425144,1075.0116469391135,1073.7107039456178
2024-08-18,236.0,test,1010.4147677045654,233.82682515169483,713.4748283088206,266.52800493658276,717.665102482564,493.74324744580736
2024-08-19,708.0,test,2076.6881078393562,1017.1394366425334,1362.8459469663326,1623.7527688227642,1207.7553141302594,1131.3565700081454
2024-08-20,1906.0,test,2169.0372377281924,1284.1361919429557,1458.1088491768667,1995.7048604632164,1363.2318093759504,1463.9870103322373
2024-08-21,2041.0,test,2144.9127894698704,1366.7271604347932,1640.1023478361353,1907.026918065074,1578.474689731577,1600.9399526866741
2024-08-22,2102.0,test,2132.6598729741245,1471.3338810583723,2136.5163137357868,1966.29201332965,2038.3708042935123,2060.621747979095
2024-08-23,1706.0,test,1640.1931105282767,1242.3191144389757,1845.5220986220256,1496.5886748089474,1886.8455397756675,1932.3054639471725
2024-08-24,1149.0,test,981.9679940506403,736.3611325592078,1452.885289503513,806.6423556756442,1569.2613518448993,1618.169653258809
2024-08-25,288.0,test,963.6403103170333,316.01724157796343,734.5718307139634,494.72745606101796,787.7849908530441,735.3944509081257
2024-08-26,1396.0,test,2034.018772704461,982.4696893346022,1342.6716242100747,1779.3899645439308,1190.0886784575505,1235.1460009000964
2024-08-27,2245.0,test,2129.165687332207,1514.9573486453155,1745.7379049487745,1952.3647571766967,1715.9176111426095,1785.4274915055978
2024-08-28,2452.0,test,2107.7419011065977,1842.7323289978806,2103.4298002557116,1913.5873882072362,2183.6346445569243,2195.1306020028314
2024-08-29,2272.0,test,2098.262841377423,1824.3354949624,2158.745801484573,1928.128442216725,2224.6387653545617,2272.525989142845
2024-08-30,1759.0,test,1607.928562799532,1320.4608840498813,1849.1390398466629,1460.4532168307737,1936.096349342035,1986.674373497048
2024-08-31,997.0,test,951.6298842665451,680.7379364198199,1352.1654383375878,772.2593065801603,1473.405861181983,1534.2801664938647
2024-09-01,1248.0,test,936.1582214769094,631.6549533814392,1218.7152211649354,750.4288445101663,1337.7104932377372,1403.8641402466824
2024-09-02,2036.0,test,2010.9490366034372,1554.5087219494972,1814.6543557180735,1818.047193401685,1841.2090570659207,1894.3664182544696
2024-09-03,2684.0,test,2109.1084486088666,1757.2242716045905,2018.753554217265,1927.700811451367,2056.2678328676216,2099.097059688289
2024-09-04,2339.0,test,2090.5085257103146,1724.766053744182,1797.561562452454,1615.5755010845871,1886.5321836921385,1772.1998610126939
2024-09-05,2435.0,test,2083.834909149194,1800.062781836748,1959.1223834250152,1908.7651141442946,2055.7809841482717,2135.5794315364506
2024-09-06,1720.0,test,1595.5720943495837,1031.1535852439629,1400.4039843194041,1443.0476566347581,1444.5214747247642,1547.258062631822
2024-09-07,1303.0,test,941.0472483076346,610.4215790260239,1426.9090764394518,756.4480227841309,1510.4198482965558,1552.5636245496532
2024-09-08,1090.0,test,928.1898061985264,458.0684375313467,973.613980893107,305.7342812879579,1064.7566722232182,896.0879746595059
2024-09-09,1184.0,test,2007.0640109895635,1162.7313092857312,1436.128142045012,1616.9052958756645,1359.7097475430974,1327.5027601229199
2024-09-10,2087.0,test,2107.8170792520777,1282.3193306915296,1567.6221777946691,1920.6246867391535,1477.3660207299454,1556.7799795649387
2024-09-11,1864.0,test,2091.5358824089617,1277.446213016416,1694.6162587574672,1561.0114874545836,1606.2295879146595,1440.6582982270984
2024-09-12,1667.0,test,2087.078719505963,926.2682865350855,1449.1405011188333,1679.309904509349,1250.6451467397792,1204.2745145844954
2024-09-13,823.0,test,1600.2160441528424,350.6455530837792,1159.1759435440586,950.9143742864206,946.5159597260385,733.1548310541563
2024-09-14,150.0,test,946.7148566291436,0.0,746.3444924165019,277.3504344851014,541.7744844736443,330.1728941282353
2024-09-15,695.0,test,935.647409893675,0.0,911.4868975679349,374.71900606502686,776.032222862789,613.2516126391572
2024-09-16,766.0,test,2017.711098547134,780.9060494655112,1395.297734278783,1285.2066068317756,1157.1671084791194,894.903377845326
2024-09-17,1756.0,test,2120.093775375826,1255.313296936205,1758.6108380533055,1828.47478985947,1622.3422390274982,1607.622863291269
2024-09-18,2320.0,test,2105.1028720278737,1453.638420500276,1898.6672005859937,1893.1956478214827,1851.3957931566088,1865.1559854603224
2024-09-19,2563.0,test,2101.7738660100113,1451.800994243441,2149.6065698336074,1913.5355307187774,2059.2656251193193,2076.446227409677
2024-09-20,2060.0,test,1615.16665658075,1018.018524760509,1879.5615974676684,1449.312812122813,1834.637322340303,1854.8540658997442
2024-09-21,1468.0,test,961.4934218229605,493.0337975866372,1464.072218567424,763.2802701788249,1490.913662262004,1518.7653001078206
2024-09-22,1623.0,test,950.9757708633995,449.26405177843674,1272.8250714275455,745.960763968219,1308.9631471991418,1353.0237079496524
2024-09-23,2433.0,test,2034.9502320376505,1476.425557090654,1736.376611984484,1383.7852527430412,1744.1062051217525,1538.9045192518247
2024-09-24,2484.0,test,2137.6463026288884,1447.0457489637633,1967.2739988942324,1935.995937251359,1877.163964563774,1903.3238043526655
2024-09-25,2603.0,test,2122.599069491549,1544.7887144446522,1963.5199453850653,1866.0150030009122,1943.0890572618364,1931.9864687197137
2024-09-26,1492.0,test,2119.026899616254,1507.7909397216195,1528.4989530482671,1612.0824283194227,1569.8105916133788,1510.6816085176888
2024-09-27,1259.0,test,1631.283663836576,942.3043977850521,1288.5088336192737,1154.6626917082883,1312.4514362091998,1244.6137964721945
2024-09-28,535.0,test,976.0329493160417,63.37868989924732,874.711913615603,581.9738662574085,814.6085329793116,793.3191557021344
2024-09-29,1151.0,test,964.6529906046422,84.79863480274605,1293.5240860383124,751.69074483188,1164.8657201676174,1174.3061039710753
2024-09-30,1779.0,test,2049.126001830262,1339.5799397535516,1648.9944938818967,1668.9759606382831,1610.4548595088413,1578.6391660602994
2024-10-01,2018.0,test,2150.72453397502,1405.4794523489275,1717.2434711272567,1655.4129628819671,1651.7255798146143,1543.7935567792997
2024-10-02,1620.0,test,2134.2186706322896,1270.325976075534,1683.4727213728845,1849.3235160625359,1590.2177451541197,1591.3743551475693
2024-10-03,639.0,test,2129.015460446426,1086.0400555507726,1563.5015951951113,1706.9367516334194,1411.980392525335,1366.1038458292721
2024-10-04,534.0,test,1638.7671881149433,544.0694912939733,1277.2540398612007,1142.9966654839418,1127.9557590308436,1020.2042792131867
2024-10-05,371.0,test,980.5948379124422,0.0,875.266967901432,571.1517529783807,767.4357838731737,731.8071243258864
2024-10-06,1016.0,test,967.040137022682,157.22875990379987,1205.6745704179002,582.1247531881094,1127.3514437968265,1058.6271176711277
2024-10-07,2317.0,test,2050.73697654096,1643.592470274309,1964.4751565204526,1821.6340618447553,2007.176643592345,2043.6961871128324
2024-10-08,2213.0,test,2150.0016474695976,1612.0420968814226,1770.8260340170389,1568.7174637458575,1789.9299955915258,1642.5013005064798
2024-10-09,2414.0,test,2130.8457064062427,1646.490933864191,2045.6669651872867,1894.7810571074713,2058.4981345292517,2063.65799131113
2024-10-10,1305.0,test,2122.8696619677426,1465.2464546133385,1594.270938668995,1678.3444111934302,1609.0108083173222,1580.894678184006
2024-10-11,1432.0,test,1629.027497953521,718.8532366594218,1358.5083370722764,1391.7284070414194,1277.58874924976,1331.9263623699496
2024-10-12,989.0,test,966.9022933610838,253.69411746225944,1116.970228878947,744.5243774589194,1107.677214770185,1174.2897594974627
2024-10-13,499.0,test,950.204716760888,246.0383432114429,908.5243111105326,591.9456775979367,929.4982409881195,939.6753757293334
2024-10-14,2039.0,test,2032.224785216143,1433.5281974860243,1631.8053949043788,1635.6918552459658,1647.393422308359,1623.7746116128033
2024-10-15,2197.0,test,2128.321551201714,1369.3139800479858,1549.7673532807917,1902.2521682462948,1508.4818462216483,1596.561854702604
2024-10-16,2341.0,test,2105.752756657427,1476.7890378347865,1682.9566327698933,1861.6346485391657,1693.3529276861957,1743.6800841796844
2024-10-17,2570.0,test,2094.3152830849635,1691.3320708123897,2120.6597292958954,1873.9517947932727,2152.866016347179,2191.5598454078336
2024-10-18,1692.0,test,1596.2661406889993,886.1542089153686,1387.3125421594727,1351.1127843569884,1386.6818051110863,1447.5060168012774
2024-10-19,1144.0,test,929.6531635015604,442.7244282047227,1167.2619653068223,699.4721904968332,1245.8379655882854,1317.252170226217
2024-10-20,880.0,test,909.3593019630794,240.4960633303641,857.1975806984929,672.368860164034,898.9024049578027,992.7649165937452
2024-10-21,2568.0,test,1989.3329759837986,1471.630187275862,2051.424210382149,1744.362995512398,2024.0417497144113,2024.0529994210196
2024-10-22,2443.0,test,2081.9727885217944,1646.707658860002,1596.6173310847162,1688.9528680930298,1684.390276760812,1687.3493295232615
2024-10-23,1515.0,test,2055.785112319266,1271.9960519410774,1501.3699307973359,1540.5260579172782,1468.566020456399,1367.383145839499
2024-10-24,2082.0,test,2040.763812849998,1276.7294156881885,1548.925440289822,1812.925603779252,1514.5134499216547,1610.781995486514
2024-10-25,1712.0,test,1538.4679278208407,846.2995908289745,1314.4517222793534,1333.3600097777548,1326.921747612519,1420.7335719664432
2024-10-26,864.0,test,867.4103704900806,126.80085007626792,844.9864659268578,629.981847337943,860.0801500243299,954.7072086562353
2024-10-27,899.0,test,843.6473769909302,229.21813817311374,1107.314928549441,599.498051942372,1120.8660555119186,1165.4527677770122
2024-10-28,1897.0,test,1921.7857175270692,1307.1929406921818,1793.166737751471,1669.6925556991487,1758.6691342508454,1783.23547325771
2024-10-29,2139.0,test,2011.2580161958056,1514.724261508963,2002.7185930863857,1757.1108670407416,1981.935147907508,1985.7593597227644
2024-10-30,1874.0,test,1981.8194406331638,1399.3234194986048,1713.8120868418384,1723.1848264742684,1721.8672862238236,1749.469199611244
2024-10-31,1523.0,test,1963.6592061382655,1194.3225463582003,1492.4966008202082,1729.0425452124407,1454.17311390837,1546.4314826738168
2024-11-01,895.0,test,1457.6351798367223,977.3580681922031,1630.5154614953553,1232.5003886712996,1669.5170119337117,1705.4779646812292
2024-11-02,602.0,test,782.7235387852252,0.0,785.3285292180482,525.3752628788995,765.7629708516631,842.2255420286365
2024-11-03,517.0,test,756.1527366653016,0.0,756.409145929631,505.6163240466075,719.1128797193849,790.5172626273601
2024-11-04,2102.0,test,1833.1858432838233,981.4428323546522,1452.9988574955369,1574.764889844885,1360.0178229453802,1407.8432730007207
2024-11-05,2297.0,test,1920.282052183857,1171.3085958040438,1624.7240383984063,1673.3650534336286,1544.839042029148,1584.8502571944841
2024-11-06,2110.0,test,1888.4436671821857,1033.1166364510948,1540.4072969677616,1610.3069956358663,1443.9595216617504,1453.997537256865
2024-11-07,2047.0,test,1868.0518926805917,951.6955978127319,1413.969507790157,1614.100055962879,1309.709678385343,1378.463400044459
2024-11-08,1556.0,test,1359.2586039969126,393.7970877422175,1118.779404180347,1141.8203006462884,1018.2473057781001,1092.2594649839652
2024-11-09,815.0,test,681.4999173950962,0.0,826.312103664844,431.97590730497103,779.8743818441847,840.3670695234989
2024-11-10,517.0,test,653.1740456646397,0.0,674.1866385019047,397.17540787916334,586.6134519650302,646.1593844717945
2024-11-11,1795.0,test,1730.1970388476072,749.6776476635594,1301.8973143023316,1466.3923752732433,1162.7123092380878,1208.611054503211
2024-11-12,1925.0,test,1816.0460595002505,796.3594859104323,1315.880354048406,1563.9024713795134,1154.4215677770837,1207.096176611541
2024-11-13,1670.0,test,1782.967880072169,671.2953197376659,1281.7113718427938,1446.9731649018072,1100.9675922605666,1084.1402001865486
2024-11-14,1661.0,test,1761.5314571010558,880.543634520432,1562.3972290139263,1479.141327652954,1431.208216362664,1445.6734449414346
2024-11-15,1429.0,test,1251.1771122913128,395.98113033258414,1031.0458456071465,1029.030876764871,978.2823609814881,1059.9329990497408
2024-11-16,882.0,test,571.7969779016331,0.0,1125.4223160568145,317.70878325608203,1119.0640375491334,1132.3594473439662
2024-11-17,577.0,test,542.9561112438522,0.0,799.4716154637513,42.51467790476812,804.3511180268177,705.0696446696123
2024-11-18,1542.0,test,1621.2199078495291,934.2462182125743,1348.0495328271188,1270.3321344302285,1313.8807295863503,1309.9153274475038
2024-11-19,1441.0,test,1707.0747180340882,1171.3747516960475,1274.6902799175457,1080.2109868785399,1317.7263229041557,1177.128730545769
2024-11-20,1006.0,test,1674.0090844891743,999.642625126365,1470.5383424386278,1232.071878094799,1433.251197991798,1343.0124362602696
2024-11-21,1260.0,test,1652.7755861375185,683.1642560790876,1289.7062344555002,1123.6156702775465,1150.422780132741,1039.1655823707965
2024-11-22,469.0,test,1142.0976730216603,65.8756206985237,1243.6052596920822,890.6807288438551,1039.4518872814585,1032.342007355216
2024-11-23,334.0,test,462.3199522082793,0.0,838.8860048071784,204.78457830371423,784.2728131374764,814.3245664053866
2024-11-24,549.0,test,434.171927225852,116.72679259189238,755.1805706738578,157.04654346094316,903.0843305664089,963.2789547293685
2024-11-25,2001.0,test,1514.8653487044407,1212.4623626670007,1565.8083562473157,1075.4419379940896,1647.4762865592143,1571.3282708514337
2024-11-26,1793.0,test,1601.8877352890827,1050.622730585959,1256.5640025479458,1342.5744596927043,1280.0552257011054,1350.7091770251702
2024-11-27,1879.0,test,1569.9675919806602,1070.0246309592965,1361.0317800262499,1072.397808115641,1404.4002998040005,1300.6082332289584
2024-11-28,1020.0,test,1550.0379933359686,1030.5459813184161,1123.1600343315563,1034.5423400135005,1196.6781265181755,1148.0938534500042
2024-11-29,1322.0,test,1040.1013096974891,250.97782725249448,964.3206468135751,811.8962446216483,921.2324683859704,988.1857425601788
2024-11-30,622.0,test,360.95229665389746,0.0,810.5777745998039,101.10909799620902,748.10805163886,768.7971137430449
2024-12-01,336.0,test,334.48381774667706,0.0,405.63666220440837,68.62231604165243,273.82224712071593,323.56614097996516
2024-12-02,1478.0,test,1418.55238795473,691.4400281777765,1030.0353669501037,873.2128881781063,1003.9337768395817,905.9142709500053
2024-12-03,1344.0,test,1507.640148123074,797.0966907144035,1171.504719239117,1070.0436009878613,1125.850440168856,1076.0573150681462
2024-12-04,1438.0,test,1477.7153127332958,584.5631222960768,995.4596812213074,1199.2399523332301,915.7749394953021,961.9829133250867
2024-12-05,1478.0,test,1459.8899432255237,641.1086659139428,1410.1019688181152,1014.7377677092009,1288.0061564364714,1194.1689199731125
2024-12-06,762.0,test,951.4427950203506,325.3112054256297,770.6957905690208,471.9506674016758,821.4058378740087,771.6374604260403
2024-12-07,371.0,test,273.61816917503756,0.0,373.30306290225366,0.0,427.37061041918685,417.3834619049211
2024-12-08,398.0,test,249.47296698594823,0.0,356.52655194726424,0.0,377.6885619054026,287.62058332948146
2024-12-09,1112.0,test,1337.5086702931765,419.40478449684065,922.1902278577368,848.2172928048574,819.5763700753096,747.1600966384411
2024-12-10,1288.0,test,1429.1973032586204,490.4091148525979,950.4646958207871,1153.6695085051822,832.1083177085305,889.1019983762063
2024-12-11,1429.0,test,1401.7483652679932,470.1092798503031,920.8482272697139,1122.4751495234025,827.0822233616991,872.7947720469223
2024-12-12,1334.0,test,1386.4532253792581,436.492895034027,963.095764029973,1132.2805682968253,851.7201776124973,930.6350011129604
2024-12-13,1086.0,test,879.8663109614664,0.0,678.9800139526303,649.8112481829086,575.4874619988765,652.5654176375716
2024-12-14,463.0,test,203.68267554898756,0.0,280.34117369373257,0.0,287.631604027784,379.36474049193043
2024-12-15,388.0,test,182.12572432185482,0.0,387.10975177973523,0.0,377.5363751965667,423.2270927608911
2024-12-16,1572.0,test,1274.3438641671614,812.8946417885738,1078.7445098538778,999.6574759283201,1143.047092271619,1206.797380417671
2024-12-17,1861.0,test,1368.7959719601613,768.8583704641451,1184.2180544515884,1106.5201873768256,1167.5972481321269,1214.7706797215003
2024-12-18,1677.0,test,1343.9360762988376,930.995800211856,932.540361153636,1064.5468871913845,1059.4107655384735,1142.010768943472
2024-12-19,1432.0,test,1331.2367855396383,918.4540000846708,919.420148518609,831.9925178390893,1047.0309749753621,1025.0536226926354
2024-12-20,868.0,test,826.5290317778963,0.0,627.7497731289194,549.1975204782285,577.3185128076506,638.4524177705366
2024-12-21,474.0,test,151.96130607006762,0.0,435.31211415891335,0.0,468.658367309868,386.3665583929732
2024-12-22,118.0,test,132.92738619025886,0.0,245.0736547061175,0.0,286.7961839989859,149.18401947858084
2024-12-23,398.0,test,1229.225880658202,330.1467760224215,1005.0449110317642,857.0697449182361,884.6824139899613,858.8029922498822
2024-12-24,147.0,test,1326.3007105424867,403.25324025616146,847.7261805950146,1050.757032592391,743.600542419177,808.3027513996085
2024-12-25,178.0,test,1303.8548145327068,485.6748242163968,1284.106428263317,1024.5985393072006,1166.8363267519103,1149.3098564371464
2024-12-26,152.0,test,1293.545007459019,221.94798043736938,996.5230939138071,1039.516949865252,816.4445853106039,868.932966688377
2024-12-27,318.0,test,790.4804894310394,0.0,593.3753990519215,560.723233908469,424.5087535618128,493.21168854469
2024-12-28,277.0,test,117.26670014454908,0.0,560.7865518821125,0.0,459.1501711001173,484.27852652005
2024-12-29,252.0,test,100.47237626412289,0.0,649.3624539620394,0.0,603.0922115712208,615.4050346185802
2024-12-30,352.0,test,1200.5502085793507,51.31464441655396,791.7983294856242,925.9746472657621,597.2686587586775,643.8717048325194
2024-12-31,269.0,test,1299.9278360157969,392.9288413174638,1218.220931008185,1037.7333588492183,1055.5881934836352,1064.0622106788442
2025-01-01,295.0,test,1279.561863294994,859.7187713854005,1264.960435298953,1000.1312981794156,1326.8936146573392,1346.4877287291313
2025-01-02,433.0,test,1271.2965352614663,738.2638822769909,846.5459606668412,620.6284312055174,930.9834711241823,814.2512625190222
2025-01-03,225.0,test,769.5212211654166,0.0,867.2782818028136,539.4821424300388,712.6547760421261,745.4574703085024
2025-01-04,172.0,test,97.30184444710835,0.0,538.9678290129075,0.0,396.8274233950174,193.3396882330183
2025-01-05,85.0,test,82.38659719778093,0.0,168.49095120794806,0.0,289.462037708291,185.45289368597847
2025-01-06,391.0,test,1185.8859287139048,798.6765010050675,1058.330000365639,806.0840341203668,1155.6664371776367,1159.4767056009732
2025-01-07,1416.0,test,1287.2095462052562,642.0883197711797,933.0949715372627,933.7342458129517,938.2470818233882,964.2037378025836
2025-01-08,777.0,test,1268.5720531742327,787.0608163600305,785.6009520485289,671.0600267700556,906.5848729323576,811.2176175830134
2025-01-09,1356.0,test,1262.0078173452348,873.4284821581143,1053.9609534010842,758.9920258759292,1168.3992518417947,1119.4824211185137
2025-01-10,1003.0,test,761.18764423095,0.0,726.1097389936983,529.7621890302048,638.4578151211506,704.2119064071744
2025-01-11,418.0,test,89.64074736301598,0.0,372.3727233938755,0.0,233.0181700584284,276.663878067037
2025-01-12,330.0,test,76.29845116498575,0.0,285.56479508646385,0.0,163.43996421786503,211.30361281074659
2025-01-13,1233.0,test,1182.9317319286795,80.31299629054702,1150.3883799955324,905.4699951270427,919.1284731277249,908.8477556272891
2025-01-14,1286.0,test,1285.929719005274,207.32403583175136,1083.7350133662735,1020.4747955707332,874.9100499193016,892.8595102845309
2025-01-15,706.0,test,1268.7682842759477,201.9515907943496,781.9111190913369,773.8382199485652,649.0664556447109,568.3484204378574
2025-01-16,774.0,test,1263.6734770891173,233.82753960443222,832.1483470320493,1005.3123605664168,706.526122792231,791.6018145717164
2025-01-17,833.0,test,763.5976083634928,0.0,564.3545533418751,529.1117287882803,438.37762604485863,519.3887117453739
2025-01-18,393.0,test,92.53473756236986,0.0,242.42218876026368,0.0,144.44204487910184,215.0221365229027
2025-01-19,520.0,test,80.60170171593472,0.0,646.3348086143105,0.0,566.6615285598119,573.8784982681584
2025-01-20,1384.0,test,1190.23143488177,438.27520790242687,1088.3204407015076,908.7708094030312,1028.8071647569066,1061.8104049075564
2025-01-21,1497.0,test,1294.7884649323137,420.12849053864574,1247.021844060747,1025.047675829229,1105.7532172827498,1115.0402515068802
2025-01-22,1355.0,test,1279.011808536004,289.6206541659223,1049.842596552815,991.2410594731778,910.441143452978,920.953783139768
2025-01-23,1188.0,test,1275.3193436216666,504.06664204111183,950.8439318633468,937.3587120976199,925.186467620578,968.6359772813416
2025-01-24,1183.0,test,775.9435336318014,307.11403143835474,904.1900689098779,536.3153551846742,1000.3627643691893,1079.075994663614
2025-01-25,723.0,test,105.34341984156072,0.0,337.32633715541743,0.0,585.2813942058783,712.2506195552187
2025-01-26,490.0,test,94.82232135667834,0.0,246.6473187592565,0.0,325.5270096983872,420.34068141321023
2025-01-27,1457.0,test,1207.4751645563279,712.3808722182173,882.1117737730056,567.634156815573,980.0226977688977,858.9307399492186
2025-01-28,826.0,test,1313.636472024022,478.45690405878406,810.9337200339792,647.0289283942378,771.5251162904302,624.1431654181272
2025-01-29,1487.0,test,1299.3089413574698,646.5104582542923,1058.221651186532,991.2870817494633,1074.2816463879747,1106.9805031849219
2025-01-30,1561.0,test,1297.1011223211076,564.3374744931298,1132.5554591397529,1026.7380710209964,1100.391936414153,1163.2862745905845
2025-01-31,1031.0,test,798.5230184848959,0.0,581.1086849223564,551.5240226860024,563.4316318136233,664.7207351645579
2025-02-01,514.0,test,128.49758478130104,0.0,235.94931435331785,0.0,197.83305013589128,282.70296899545974
2025-02-02,366.0,test,119.51444910233909,0.0,192.2433850076912,0.0,92.93081880745262,160.66581281403148
2025-02-03,1407.0,test,1235.3294870990703,80.397393228862,785.0446218800109,939.3146269377269,617.9000612517295,672.5696289846736
2025-02-04,1600.0,test,1343.2407994130892,346.9306685586111,1071.6876227883974,1058.3552484144707,925.2194141170891,958.7194486540548
2025-02-05,1524.0,test,1330.5143744921988,420.0833788370479,1233.5103932205332,1026.947190237839,1115.066378074968,1105.6821115103926
2025-02-06,1270.0,test,1329.9474319173926,217.8001484923841,859.0877818806159,1050.3773177554522,717.5952117269632,797.113850997483
2025-02-07,1014.0,test,832.324143757432,0.0,736.2624209281612,575.909606748414,665.960579342379,736.0568051467673
2025-02-08,1336.0,test,163.02964581508172,0.0,728.1588889293224,0.0,732.6069356227249,758.8616688271652
2025-02-09,521.0,test,155.73913430289076,0.0,408.95803852043616,0.0,393.929407166058,449.57143283397465
2025-02-10,1484.0,test,1274.8679221220204,408.3272579970125,1039.932963637016,878.2492902697505,967.4848308718996,951.647470670478
2025-02-11,1275.0,test,1384.6708968596233,423.6754051517816,849.2138354956351,857.2188802331356,769.5705522006782,706.7503719278471
2025-02-12,1201.0,test,1373.6766862252116,739.7875889333822,856.6189250605657,914.4774762362655,939.0126046654741,934.6253249313243
2025-02-13,996.0,test,1374.8690197690667,553.4799523196251,880.5076892156162,866.5892607166098,876.5726237482579,848.8970832818011
2025-02-14,708.0,test,878.3028136830826,0.0,621.8975770982221,465.9931474825006,476.7926751390153,460.9229842554551
2025-02-15,475.0,test,209.82370895847845,0.0,461.33494488303756,0.0,342.2424526529114,382.5383515527934
2025-02-16,200.0,test,204.29189560311175,0.0,247.05703404680048,0.0,92.31377643591333,62.55517727227419
2025-02-17,728.0,test,1326.7808833362974,106.4683255931474,1383.0524435309712,1009.1217396182055,1108.2525012076317,1061.550932625905
2025-02-18,1137.0,test,1438.4959251465102,268.9353786627459,1268.2120263541256,1131.6763145229208,1037.4060880516317,1029.8060852299375
2025-02-19,1129.0,test,1429.2281184346314,328.45410576565786,1409.4194221063117,1103.402350839819,1203.220713678576,1155.4854034004256
2025-02-20,1363.0,test,1432.1461240675212,748.0673887495188,1353.6049601594436,1130.1459131161844,1342.522549450892,1382.8217926725977
2025-02-21,1336.0,test,936.5728557886516,431.1926483499621,1189.787629509572,657.6423402114696,1268.6195279553017,1309.4778160512155
2025-02-22,933.0,test,268.8135593596685,0.0,807.7480649778015,0.0,893.7220279729792,929.7700889784821
2025-02-23,594.0,test,264.91371189788777,0.0,295.2244659932927,0.0,402.2529520157487,502.94847660014386
2025-02-24,1903.0,test,1390.6047329481798,807.5146864382834,1262.2980016502606,1061.3030904763386,1307.0222797538452,1343.663407989996
2025-02-25,1913.0,test,1504.0368470285534,930.1785208492624,1108.1832682534764,933.3646028145653,1185.6953442864244,1111.1936646276854
2025-02-26,1475.0,test,1496.264564492573,556.2530215296358,1083.6606412294168,1158.9199611230913,1022.7628230199552,1052.632051655543
2025-02-27,1423.0,test,1500.6410801400307,547.4318532283505,1138.2810481038366,1130.1703089783805,1063.3033108965847,1089.6009045520937
2025-02-28,1122.0,test,1005.755802554948,0.0,740.8618597588024,715.6283244264237,689.8009772893715,770.9918006007046
2025-03-01,491.0,test,338.3739860505283,0.0,517.53504761635,15.241747049725689,452.65697098691106,503.3834014518201
2025-03-02,672.0,test,335.72804489600946,0.0,945.3401316467998,5.252966580646103,879.1528249444762,860.3450464065945
2025-03-03,1515.0,test,1464.2084210249354,673.0516285959893,1536.0199984915757,1124.1404954454815,1459.2473059788445,1438.7255984067215
2025-03-04,1582.0,test,1578.906345111872,856.3949408464355,1549.9127534542567,1249.9750497826956,1502.9071216040584,1501.2053277729394
2025-03-05,1711.0,test,1572.1421498345921,981.7635633736104,1572.6712422337246,1224.4772371457493,1599.4237652581385,1584.5412692985228
2025-03-06,1757.0,test,1577.4546514852464,1088.843246600034,1622.32672336087,1254.049777073378,1686.8713528406888,1714.2154690954499
2025-03-07,1526.0,test,1082.6997469161627,569.1813083883503,1359.7981488704352,782.8917837370595,1442.4656931772713,1470.5438259422276
2025-03-08,1234.0,test,415.10460632840994,0.0,1024.1614951210856,82.58682929440704,1150.776375934352,1175.8850489696874
2025-03-09,1296.0,test,413.0917330817796,44.40288663171975,1009.3612030749196,73.54848355910491,1165.2968266620478,1188.4994097130343
2025-03-10,1691.0,test,1543.7131936018795,749.232739782534,1062.0514255615713,1194.8544468231619,1086.7147132503544,1158.629014530336
2025-03-11,2302.0,test,1658.9987219265297,992.7954860373932,1566.242460993897,1321.6522262721828,1561.0846364502981,1572.359930048607
2025-03-12,1582.0,test,1652.538326312125,739.3300228545357,1036.7676528652921,1054.2531747439675,1034.6118066596161,947.7387712660691
2025-03-13,1206.0,test,1658.0589383526813,523.0127716732295,1086.8323660743379,986.8740064185047,979.3426408255744,846.7981005390757
2025-03-14,1138.0,test,1162.6842977234128,2.155434625757266,797.4613550340716,798.6405295340533,712.8146483460182,758.3991556063246
2025-03-15,409.0,test,494.10671051314273,0.0,441.24121519316793,64.49145446356607,359.6809076219435,377.2127659081949
2025-03-16,317.0,test,491.9431769533664,0.0,432.7353194383112,109.1721353083347,341.2925256145305,381.08635353230227
2025-03-17,1668.0,test,1623.911179388391,407.3588642566943,1272.0158204427707,1232.2158792027335,1093.2461428934332,1081.6772466717243
2025-03-18,1890.0,test,1738.9775618962176,645.1187822604907,1735.9773956287502,1396.2179058882814,1531.8828007919938,1488.7827033089136
2025-03-19,2069.0,test,1732.0069010236166,920.306694765272,1725.304758273896,1371.330964905501,1667.0328398399497,1630.4803030720739
2025-03-20,2248.0,test,1736.9176897876948,1167.033012628567,1775.2360981437391,1401.4631899482333,1816.5461387636014,1834.4807887357942
2025-03-21,1834.0,test,1240.1037249928127,689.956933455917,1429.6513332367758,929.2805233707651,1523.7700400370481,1561.5511013097844
2025-03-22,1287.0,test,569.7264347967139,67.56835924278971,1104.1162940627514,227.11243253827834,1229.5513581536422,1261.3125738357057
2025-03-23,595.0,test,566.6023908953457,0.0,530.9752719168109,143.19388800920677,620.5332598705778,669.6934787644733
2025-03-24,1790.0,test,1699.118843502523,834.9163985328244,1222.976841867332,1104.5039024633597,1227.8381386270835,1147.3576674943602
2025-03-25,1687.0,test,1813.1787973026105,985.8152989429891,1231.3179713179136,1273.3450059504116,1252.5810828932072,1215.2020217227978
2025-03-26,1562.0,test,1804.9266301548944,770.4257392655988,1128.1755608264152,1234.2550428310417,1094.8428250941329,1029.0843797769355
2025-03-27,1533.0,test,1808.4760655774924,647.6168849311208,1154.3352294203187,1406.015092922617,1061.6983463859945,1108.7643618944278
2025-03-28,1588.0,test,1309.4932755388013,410.7525488497058,1333.807619631081,789.8108267203693,1309.008333587859,1219.828178522292
2025-03-29,285.0,test,636.6127836305573,0.0,554.4293678309231,67.6484911880217,540.4153564579169,493.26137861077353
2025-03-30,738.0,test,631.855676262568,0.0,781.4538109016091,283.92141783173076,785.1392168604923,838.9863082290781
2025-03-31,1366.0,test,1764.2830706074985,562.0999647120125,1170.076554051969,1273.7780757492228,1052.245467008541,1028.0866704507619
2025-04-01,1667.0,test,1876.7328018088938,747.0175304892521,1217.6997287019706,1520.3820854882745,1124.7761495525638,1187.9959947358036
2025-04-02,2147.0,test,1866.6337906712788,948.831996380396,1810.8209385350533,1506.7528102436738,1726.0468100674348,1693.6120335028484
2025-04-03,2498.0,test,1868.2980485860382,1157.49479264146,1927.9157703151595,1534.712487501805,1914.9201022097868,1921.8901995175322
2025-04-04,2081.0,test,1366.6657110075705,691.6612059636327,1692.8857063285682,1058.8212812930578,1720.2430061279128,1729.7248019496305
2025-04-05,1438.0,test,690.8475294920371,70.14134680859024,1167.7984050478417,352.1685551338826,1264.2195001835746,1303.3316288799138
2025-04-06,833.0,test,684.0730986600147,0.0,1307.3364818437494,340.253303903184,1117.8679151724195,1071.8238992240333
2025-04-07,1983.0,test,1816.0804442267442,612.275619040674,1904.9194921220665,1464.585770413637,1672.5171786052808,1616.8439095473095
2025-04-08,2332.0,test,1926.639734156599,911.9681466392353,1933.8319905922529,1588.6082693672176,1780.791050723095,1752.082803387309
2025-04-09,2315.0,test,1914.4679175954998,829.9498442683253,1765.3105321451094,1559.8582624253042,1629.0027272706545,1603.634014957387
2025-04-10,2331.0,test,1914.0770004939648,971.7252526687926,1794.4337701068157,1586.1745785034332,1716.2697640973952,1739.5049650037695
2025-04-11,2183.0,test,1409.6812311304857,650.3370012657668,1732.2482521871043,1107.9363939626357,1729.0462956959614,1737.859288779385
2025-04-12,1443.0,test,730.8692048805083,147.95015836912773,1386.3088816645836,398.61636141943524,1474.6530783968515,1492.9409005328257
2025-04-13,929.0,test,722.0814294755496,49.67827865457423,700.7415882987465,384.99441368461805,864.3738973847796,983.4054412017415
2025-04-14,2069.0,test,1853.7342248032214,1137.850834025276,1547.4708162415027,1509.1958585155762,1605.981736041189,1668.235030508727
2025-04-15,2351.0,test,1962.525871678506,1320.58300893871,1718.868827404688,1631.7310787868244,1780.4137063262756,1834.6039092291471
2025-04-16,2480.0,test,1948.463068561731,1419.107381410587,1583.6625558728815,1601.311136194722,1736.343862692585,1804.1120000226151
2025-04-17,1574.0,test,1946.257713223447,1030.2970028790683,1513.2646596361362,1626.0682472848844,1507.3820091222324,1594.1243579469544
2025-04-18,485.0,test,1439.3964704112852,233.31962060634396,1128.4780590203093,1145.6189502227114,1044.839156174117,1131.4533737115598
2025-04-19,1050.0,test,757.9455261660559,92.59240929607233,1439.906868906568,433.8192790257034,1493.5387790825607,1507.900469717797
2025-04-20,883.0,test,747.5568217612658,200.35219610807349,1156.4502866556204,418.7311773411054,1306.4425754092495,1370.0659034823916
2025-04-21,842.0,test,1879.3244633391953,966.2341091193302,1486.2642084679528,1543.0949212264954,1478.5275294727367,1546.0333532591433
2025-04-22,2204.0,test,1986.868724487239,1178.7741278550488,1823.3845628074841,1664.483733842491,1803.0356843063757,1836.2602617529014
2025-04-23,2045.0,test,1971.48589285897,1150.6672512357936,1808.1437049790243,1632.7824498114285,1802.1601475533607,1817.1315560963676
2025-04-24,1502.0,test,1968.0857912734098,811.8704185508382,1321.642264382652,1345.4925645298708,1252.483242841304,1173.2817810605695
2025-04-25,1340.0,test,1459.4239670352385,351.9474589628933,1190.6739357052834,1174.2334897932037,1149.0648482462125,1244.8856433327658
2025-04-26,851.0,test,776.042145951271,0.0,840.5275617669115,460.4745337488206,836.4350267353412,931.7508252011653
2025-04-27,1567.0,test,764.8024732641263,0.0,1466.5520803102825,444.481868909785,1417.3441544992204,1407.9416185130076
2025-04-28,2888.0,test,1897.4746373400708,1140.3359673888358,2034.6004753747102,1569.6090000788554,2008.413885567204,2005.4913961301022
2025-04-29,3426.0,test,2004.593144212743,1358.0683223973474,2071.261002858757,1690.485162370299,2087.5000948498973,2102.597109429163
2025-04-30,3232.0,test,1988.7421509863254,1345.1753211692096,2038.2163547309515,1658.167600843509,2078.7159200383035,2080.0072614073047
2025-05-01,1865.0,test,1985.0259566567897,1405.0478899421237,2121.2868509084833,1681.3699920379656,2175.017682509244,2207.5212286224796
2025-05-02,2244.0,test,1475.4640605757138,1030.5948981280703,1858.6914415087667,1198.1732833140252,2001.4180355804865,2050.0664301719257
2025-05-03,1063.0,test,791.0703779404972,147.12200146692282,1008.850145056489,400.4343054518358,1165.795488816496,1228.1158264099151
2025-05-04,362.0,test,779.9148319574981,0.0,712.9296656813628,117.18291786749313,721.3508176688217,623.2082226880491
2025-05-05,700.0,test,1914.4393996625483,494.23149454951897,1254.8386737678047,1208.7245541499292,1080.7610479450364,930.1089428490874
2025-05-06,1573.0,test,2022.084076014302,657.2291037345167,1291.2539373712034,1714.8678808645632,1135.2296183281687,1232.0261910884842
2025-05-07,2214.0,test,2006.718312944457,826.5941039154677,1523.3482229042552,1657.053309343509,1425.4582640143599,1462.9242520587272
2025-05-08,1901.0,test,2003.6367040283428,735.9118279868397,1364.3373659542683,1706.288581732941,1255.380292865037,1368.0256099383978
2025-05-09,1948.0,test,1494.1171642966835,326.4321566684937,1667.8657897446747,1222.8675047085553,1533.418525934061,1561.199182350722
2025-05-10,1653.0,test,809.6419771191081,0.0,1574.9064803330405,507.45265994701083,1505.335919730242,1502.6888371486725
2025-05-11,2078.0,test,799.4860840762582,0.0,1567.5381714057257,491.9442139407058,1542.1823444086103,1540.087455449017
2025-05-12,3019.0,test,1936.7602609985036,983.8608571349405,2118.5542491817523,1620.9131606576655,2009.0060751005449,1993.7385951161937
2025-05-13,3387.0,test,2045.8011845825458,1052.2443600712231,2155.3821722721277,1743.0769259093706,2021.543499364248,2010.7006087885675
2025-05-14,3380.0,test,2031.7611138001632,1182.3742457678645,2134.7626870299564,1711.8306184959308,2085.6275544493833,2071.3935885820974
2025-05-15,2939.0,test,2030.1209820813544,931.4641694058104,1803.4366512182382,1736.455951033358,1702.2138678374045,1762.9313141330915
2025-05-16,2049.0,test,1521.4119510001378,336.0189360062938,1446.583367749146,1240.059272775535,1353.6117071288509,1419.4149158117152
2025-05-17,1107.0,test,837.5813621459952,0.0,1062.5703522528959,455.50350683092,1068.2103257746417,1108.4818759671214
2025-05-18,1349.0,test,829.1070688860611,0.0,1090.8342275140963,510.5652439124404,1103.4340915391701,1174.1524816928018
2025-05-19,3143.0,test,1969.7659461250942,1063.3571946773818,2129.6843820440445,1655.8189753671563,2050.0796871209996,2046.4394921900944
2025-05-20,3400.0,test,2080.783463196609,1223.994554604756,2006.1255056399336,1779.5158387606089,1970.5759117982652,2007.025344396433
2025-05-21,2473.0,test,2068.5932576078776,1128.4575087956882,1497.0634084945743,1712.6961140692624,1531.574653883056,1606.8917650821322
2025-05-22,1593.0,test,2068.859833337608,767.9170259772338,1374.095422835186,1652.477970334406,1270.9727475348625,1322.6156135469487
2025-05-23,1804.0,test,1561.3637367067172,294.30740553159603,1492.189234499922,1170.3119298392846,1367.8841521390464,1361.3554842984754
2025-05-24,1234.0,test,878.5154860419013,0.0,1387.819561052962,531.4976924379448,1309.0692213846608,1316.394345310368
2025-05-25,359.0,test,871.9952828243548,0.0,801.0262744874808,284.273953553868,781.5430989643318,729.850768955399
2025-05-26,1708.0,test,2016.2450498106734,884.8343089448904,1498.3967330240657,1520.624710068525,1443.84211191833,1429.7010154484378
2025-05-27,2568.0,test,2129.3729005689406,961.124046587312,1525.7707075365006,1789.4046548642402,1450.8839528205194,1530.3934547618792
2025-05-28,1474.0,test,2119.0942648267164,912.1944696248287,1421.40434391284,1557.8802395546932,1365.6308218065371,1316.8691784904931
2025-05-29,901.0,test,2121.2563725743994,936.1919660446862,1501.1524637146763,1825.5045187071182,1441.6999943922692,1566.3275510627486
2025-05-30,2082.0,test,1614.8872925694911,826.3393813140226,1909.8963898833783,1344.0939837618484,1939.1518242489385,1987.3680117961112
2025-05-31,1627.0,test,932.8609083679733,459.1727858305542,1641.5669635496183,629.7793882158375,1812.4480891312862,1870.2652161591177
2025-06-01,1119.0,test,928.0613364461107,314.42024128367893,1154.0473074810538,604.867866082707,1344.5820897880296,1456.3728553983194
2025-06-02,1722.0,test,2075.596675467151,1062.32717708264,1446.4816615990674,1412.1209755462774,1469.4291752546055,1385.1716194172982
2025-06-03,2041.0,test,2190.4537467057776,1326.2872735107023,1785.9444847262962,1857.0491744152798,1816.2801313965133,1894.350355848228
2025-06-04,2405.0,test,2181.6324371060423,1454.7101748460514,1918.990266698917,1585.4393375159698,2004.7697592611557,1904.0068636148474
2025-06-05,1399.0,test,2185.1641277594294,1000.2750281001424,1463.76887741464,1657.374816571506,1427.7986793631665,1430.9033103378338
2025-06-06,1935.0,test,1679.3248257216974,885.4887155457473,1604.0078331901034,1099.8503014408054,1701.8599112315978,1628.2506421605276
2025-06-07,395.0,test,997.4542491559178,0.0,912.0830311382953,402.75725050373165,936.2751269983239,898.8038136795317
2025-06-08,527.0,test,993.6442687991836,0.0,1105.2766110950388,677.4951902994917,1110.0517754889208,1206.6753138199622
2025-06-09,1549.0,test,2143.672538311515,1012.473530695607,2144.526036711228,1817.33608391859,2010.646750809729,2014.5712775037337
2025-06-10,2468.0,test,2259.402863024463,1367.6669553724794,2133.0198939297125,1944.6621302257809,2108.151222070564,2149.253074740163
2025-06-11,2805.0,test,2251.1244333318446,1269.2923918297986,2162.9908103285366,1917.5419913517196,2111.1645024895865,2120.0661041947865
2025-06-12,2646.0,test,2255.0563349508384,1369.8055061502964,2364.7182766319593,1946.3792320253535,2321.1513719649492,2342.2392666970604
2025-06-13,2087.0,test,1748.724995265882,1007.3007987418806,2137.8332851583077,1464.5606610261575,2183.4145487749256,2216.204915160804
2025-06-14,1265.0,test,1065.9404351320472,518.166504512978,1730.2020475367644,748.9377098453695,1888.9746614957724,1945.2177935878524
2025-06-15,954.0,test,1062.0080397974355,464.4397328714774,1543.312297788305,478.654313009539,1709.2326126665425,1625.687382140938
2025-06-16,1834.0,test,2213.380228694386,1043.3556493807457,1744.2999221502787,1865.334741759348,1681.5609053183787,1752.5857876312448
2025-06-17,2843.0,test,2328.7977947228655,1322.6060541873123,2348.864167404944,2005.6370295830568,2253.496668516448,2256.297181847123
2025-06-18,2454.0,test,2319.8457090378038,1480.934175943182,2338.2766103178055,1977.6970036687126,2336.6841350503432,2336.871191189842
2025-06-19,1236.0,test,2322.9358315283093,1510.2024128971955,2418.325048020542,2005.6257590034447,2415.034078069375,2441.87557149167
2025-06-20,1697.0,test,1814.848885934145,894.2043169143525,2146.025849929085,1522.0297038997608,2128.540079263616,2152.774020614488
2025-06-21,1125.0,test,1129.8709334466835,353.1030492691016,1866.2052910234006,804.1410255786898,1917.5014058139495,1938.6921014342392
2025-06-22,1216.0,test,1124.5277719821513,500.1843839235114,1862.879750402732,791.5426895263596,1978.3773167475406,2003.366347593798
2025-06-23,2320.0,test,2275.9527954984474,1568.5626986506725,1950.5679634848898,1842.0806065674526,2072.9979368401937,2109.944005206228
2025-06-24,3459.0,test,2389.7646343348224,1579.5013947177904,2375.2154249583355,2057.7355869180815,2378.290473430534,2401.2148110245835
2025-06-25,3120.0,test,2378.851224695735,1741.6516589442867,2409.5249700161667,2027.8223392007594,2500.6305404090476,2513.4849691622985
2025-06-26,2111.0,test,2379.8228227749337,1678.840833987164,1877.2438101489386,1611.612721996641,2033.882255455998,1901.807458902003
2025-06-27,2004.0,test,1868.7187200948163,849.0663136758611,1558.5702805523092,1394.8860856000667,1615.7203133318467,1634.627261650476
2025-06-28,1610.0,test,1180.306995982547,386.53399204172,1687.9008794417668,845.9239742836512,1778.0988820648445,1835.1123056464012
2025-06-29,1274.0,test,1172.3408413721231,481.64153788584235,1890.2541826732877,830.7736759881149,1986.3640003779724,2006.9094995753928
2025-06-30,3185.0,test,2322.6407540827076,1574.8837032828226,2416.811979151761,1970.5825537707888,2453.4538249687284,2466.5369622108747
2025-07-01,3262.0,test,2433.703803782751,1755.8305280680222,2453.2561417263755,2093.2365730236897,2514.4573338716277,2540.421240701572
2025-07-02,2900.0,test,2419.7276765670144,1775.0503034747464,2272.351909676332,1901.0583762852398,2396.8607132646594,2340.4341725598706
2025-07-03,2596.0,test,2417.526086033519,1478.4917591379995,1962.2704924013274,1748.19397814605,2010.7676834823592,1912.1870220758328
2025-07-04,1983.0,test,1902.4004424535701,858.2472907907927,1809.5810537539905,1592.9121712869037,1823.4651303939963,1905.3450296426718
2025-07-05,1501.0,test,1209.605948124325,362.96547512068264,1753.9043994328417,867.4092814144467,1820.3499234995702,1864.7563282006574
2025-07-06,1377.0,test,1198.1291441372648,163.68273530574243,1199.1199012496988,640.29949765887,1275.1284941676795,1261.2017598114796
2025-07-07,2136.0,test,2346.482589360042,1094.9065028068135,1789.4235619806996,1612.3145792500654,1722.9498689256923,1574.5993169066178
2025-07-08,1496.0,test,2454.0410715440166,850.4600218818955,1655.968834999756,1801.628852636692,1456.5936171763851,1355.5077393146641
2025-07-09,2665.0,test,2436.317359358506,993.9315777008173,1823.872211731536,2056.345611430561,1682.4446343483592,1723.7235191212926
2025-07-10,2990.0,test,2430.332098352501,1225.17717112276,2058.1036759418403,2063.418059818242,1979.495335907291,2029.9160000889906
2025-07-11,2035.0,test,1910.650654369257,673.1830043609189,1707.9923128755077,1346.973506003149,1661.0575566980087,1593.132317365148
2025-07-12,1592.0,test,1213.0186272226579,165.33604370828698,1749.203225903941,864.3364052363313,1733.9218502288127,1761.5091808445163
2025-07-13,1709.0,test,1197.6599254915104,292.14528521986813,1785.0504384734065,657.9443374809018,1820.9882130510387,1731.3852506482647
2025-07-14,2255.0,test,2343.782082440064,1081.6481935811578,1856.9845901877695,1751.4289520740292,1778.5928507627423,1706.4773556102014
2025-07-15,2699.0,test,2447.6347367276253,1304.7811883840989,1904.8661599885759,1821.9467895454027,1869.3823376220785,1783.7696969562899
2025-07-16,2300.0,test,2426.0488500431484,1164.1683549191346,1672.5114185743914,1699.2855811764355,1640.4936338084726,1514.0191977562104
2025-07-17,2731.0,test,2416.25317405075,1091.2374609309943,1972.8334256134096,2069.53849077632,1858.4857149217864,1925.9082320096109
2025-07-18,2556.0,test,1892.076498583644,769.2451991870194,2145.448400457182,1570.7071520739294,2074.220527426545,2088.1417696989447
2025-07-19,1592.0,test,1189.755673597937,299.6699237618743,1713.2797052358928,822.658830636067,1775.267999161347,1811.3618946148404
2025-07-20,1489.0,test,1170.75352645173,389.8502191098248,1832.9447473881478,534.4751590411421,1916.265791609788,1769.6616505111328
2025-07-21,1665.0,test,2314.972975980121,967.519943442959,1778.5134184708559,1780.7939933897221,1675.8000991516114,1643.4756120280485
2025-07-22,3294.0,test,2415.5331103876565,1209.8661910679473,2244.244099858283,2057.3494426571797,2120.3901501939054,2131.007636391733
2025-07-23,3503.0,test,2390.583656311008,1219.5605736657621,2038.3302360644057,1736.0780864783574,1980.5425196687852,1839.944318191758
2025-07-24,1320.0,test,2377.5601025612214,873.368485852257,1627.4458911343004,1734.0021852684577,1492.0527797345476,1419.2989237253878
2025-07-25,1748.0,test,1849.551594989412,539.9597375488299,1447.6133849169466,1162.1423027695873,1413.3902461692178,1305.0073257663275
2025-07-26,380.0,test,1143.2845720878622,0.0,1009.2909413994654,382.1543651410869,945.1203367106103,810.1328284223584
2025-07-27,720.0,test,1121.4598491777106,0.0,1207.665199807815,602.9775325630227,1147.1146510837475,1126.379782906913
2025-07-28,1542.0,test,2264.673700057644,666.5743630495817,1511.5317709020753,1688.790738535098,1340.2998705520567,1301.6309664049163
2025-07-29,2182.0,test,2362.9068636573656,898.7248833756336,1658.4713481097097,1878.1994721398664,1518.0202521079445,1524.696115187201
2025-07-30,2165.0,test,2335.626077608133,888.1167651560731,1548.9686915653178,1710.8662895088487,1449.198810011379,1381.3045302342734
2025-07-31,2333.0,test,2320.4699434960403,990.8802627109718,1873.807150467309,1790.322036956666,1766.3730455449022,1728.943395416146
2025-08-01,1327.0,test,1789.7827205170902,369.5760368447235,1515.300103703135,1137.5837209944036,1414.0454155989682,1299.0767463394106
2025-08-02,357.0,test,1080.7766940531096,0.0,973.8722774682569,269.7857249698566,888.4284255991429,718.4241749154733
2025-08-03,501.0,test,1057.3877593649509,0.0,1096.4478899296132,349.54901128235053,1004.0499679036598,871.631570441348
2025-08-04,1501.0,test,2200.9016463256107,720.0449268908606,1529.2672556905256,1719.9925880736728,1399.5071522175595,1418.6649551014639
2025-08-05,2394.0,test,2298.151187984185,1230.5272849805067,1911.603325557508,1600.4414930102002,1894.5505275417013,1755.0796186304588
2025-08-06,2840.0,test,2269.9167562855373,978.7041720664004,2233.8101841393004,1887.7066954136508,2075.192417754166,2042.6494370153391
2025-08-07,2979.0,test,2254.0349494337615,1243.943497532181,2287.366135699164,1897.8502262515383,2240.6458960823675,2257.809324652969
2025-08-08,2210.0,test,1722.0985434070217,915.8414475825762,2068.2472531944477,1391.7718066974517,2133.4851134962164,2164.9790064219515
2025-08-09,1283.0,test,1011.8007232690281,334.23594178035137,1724.5105957342616,649.4364408724309,1861.072514822783,1898.6026629390544
2025-08-10,1147.0,test,988.3085033630505,92.88941490307934,1697.6369570424208,619.5644351646832,1735.9905275546394,1747.024267227107
2025-08-11,2639.0,test,2133.592272729812,1125.0189182390172,2197.305712950748,1754.7585942263918,2150.995424863088,2150.486443176438
2025-08-12,2847.0,test,2231.326656087271,1395.297134278944,2217.144778387763,1864.9544005791972,2240.6967237398253,2262.7755659485547
2025-08-13,2365.0,test,2203.601709531735,1533.7486986812087,2183.05028522691,1818.951902470043,2299.876668447864,2321.8654879451797
2025-08-14,2084.0,test,2188.4465019164227,1427.7570967839895,2185.5006332694566,1829.821848697558,2258.7972370807593,2306.5721855737593
2025-08-15,898.0,test,1656.695485537956,960.0060816388394,1905.36927888861,1045.9946762522343,2039.7929031220187,1931.2566669903463
2025-08-16,502.0,test,946.5177255449719,0.0,1023.1236888604963,447.12608626971644,1081.2533322392242,1111.5518926933999
2025-08-17,1060.0,test,924.3074930816499,0.0,1216.7189298927,552.9948790139051,1236.8608730480612,1304.2692744673202
2025-08-18,2206.0,test,2072.7153060491178,985.1257056890079,2153.144847910217,1691.1632892945481,2072.360629122801,2064.517281973182
2025-08-19,2528.0,test,2172.247705265465,1187.501625772172,2186.112116317473,1803.081302638318,2142.2970826700657,2148.8199606837297
2025-08-20,1717.0,test,2146.301083070652,1096.5722660286158,1681.6123639358302,1270.7640945375495,1711.6110315239819,1482.462409640866
2025-08-21,770.0,test,2133.09221677496,705.816504044818,1415.1156112183603,1519.2054148807238,1322.2925804907472,1283.8963461780108
2025-08-22,1569.0,test,1602.691316940661,336.15677161777614,1553.170625832951,1266.9032932262348,1491.3969656015138,1556.0828264088657
2025-08-23,869.0,test,893.7393907575158,0.0,1009.0790653164403,525.716867544924,957.6614393289702,1044.7663257994898
2025-08-24,1070.0,test,873.8553389922463,0.0,1343.4208276698473,499.24042791667256,1301.441466084983,1334.013360614409
2025-08-25,2209.0,test,2026.36665884064,895.1758717269921,2089.5357990045272,1641.3055950917114,1995.7511371706753,1989.175480135516
2025-08-26,2556.0,test,2128.6034454149712,1206.6476779653299,2113.403789410878,1632.5337695226765,2105.6267485756835,2049.587206795043
2025-08-27,1945.0,test,2105.2667365444954,1244.8623584341087,1755.6870176217544,1713.893121952614,1852.3062633481895,1918.9536183317844
2025-08-28,1182.0,test,2094.758037880887,867.2783340062545,1503.2222518167441,1298.5623939728116,1479.6314597829335,1329.9772330900075
2025-08-29,982.0,test,1566.3792998728777,363.9580213891129,1443.6341951925463,1038.6068734284502,1426.4053816663986,1396.854150270367
2025-08-30,785.0,test,859.2415472391639,0.0,1094.2007633763399,450.09245324388337,1100.960170667614,1162.069180296716
2025-08-31,1327.0,test,842.187800935769,0.0,1540.9478239982254,463.21621557514925,1542.5730941593663,1553.5494929422052
2025-09-01,1913.0,test,1999.2215981008742,872.2094207622381,1711.1595512270892,1295.5827538292278,1684.0109075488506,1548.943364678185
2025-09-02,1577.0,test,2104.490512798476,798.4774570625771,1513.0753687727283,1669.8474264022266,1439.671575102991,1491.2529783523414
2025-09-03,2516.0,test,2084.0009073625774,1081.8004176793618,1918.8030475251899,1687.6848324813222,1923.4169945964782,1946.9901698267063
2025-09-04,2248.0,test,2076.338467194762,1171.2377363572423,2066.5068943381257,1261.82777015806,2086.427733407821,1857.3295763794733
2025-09-05,818.0,test,1550.0353474191359,110.37547737106797,1273.5463252313255,900.4522063491885,1181.6882922431867,1088.1083487494489
2025-09-06,1163.0,test,844.6731943603643,0.0,1591.1456814986855,467.10218034053287,1549.8461089686737,1553.9397577186678
2025-09-07,1369.0,test,830.321201911141,0.0,1504.9448380415843,445.8098087642638,1505.7574289397535,1520.6515910686785
2025-09-08,2389.0,test,1991.6605899549224,920.0118342294788,1680.9428034409368,1596.2255460164818,1685.3850036832137,1751.0688504759707
2025-09-09,1944.0,test,2099.6529205228903,773.3699142226388,1525.6383904756628,1576.3156568345125,1443.2932094584799,1440.2817043951757
2025-09-10,1411.0,test,2081.6131518969933,574.9592098127653,1490.3792296677238,1397.3679564096128,1349.6911721684826,1231.7346932678568
2025-09-11,1989.0,test,2076.3131786892272,924.0531003809488,1611.4871674116866,1624.7447869264338,1604.932529666342,1658.0115776200396
2025-09-12,1606.0,test,1551.5163785162472,223.04829848029362,1277.1680126712506,1200.182982108614,1237.3734607391195,1339.1691662922683
2025-09-13,1396.0,test,847.2781449772169,0.0,1310.6059979180968,185.25082994679124,1347.409106275406,1237.0617952580387
2025-09-14,670.0,test,834.8983761181054,0.0,1007.6348361805271,208.9087691181018,991.2205668204539,929.2045633485936
2025-09-15,2616.0,test,1999.7400395833527,1099.8648023115147,2018.2736183408983,1385.6464834612664,2044.0234961735812,1938.9712134887297
2025-09-16,2400.0,test,2109.577543386731,879.4850674532474,1789.6991091705322,1719.072915414969,1708.3564161656773,1754.8875509353502
2025-09-17,2759.0,test,2093.039996038812,859.2366262848308,1784.964182353021,1683.4234225964888,1718.2371061313354,1746.797264094596
2025-09-18,2921.0,test,2089.0897265233652,1209.8224651030434,2160.8069981827052,1704.9598465354902,2183.8033131355037,2213.1633661550413
2025-09-19,2390.0,test,1564.7244524926684,857.6276447265941,1944.1922162412084,1206.0534411792873,2067.6960994318697,2110.812310714792
2025-09-20,1675.0,test,860.4784399550915,326.6140002604259,1600.1974799289228,468.93252705807026,1818.0229947495823,1874.2210709937556
2025-09-21,1868.0,test,848.8887122706508,175.0400092037787,1534.4422958249522,393.0312469968155,1697.8987248271137,1708.4636390077087
2025-09-22,1697.0,test,2016.0058198607405,653.5376029125285,1431.296793856048,1515.5409035922671,1361.4139751357336,1393.7016874823003
2025-09-23,1953.0,test,2126.4175108220015,655.930326049986,1468.1214360264362,1519.4423080539977,1342.8710605902916,1299.3280925406777
2025-09-24,1204.0,test,2110.074110677609,520.1766120338606,1458.0662280407541,1391.1559224279194,1297.1737449409775,1170.0632691224723
2025-09-25,1834.0,test,2106.1339793844463,739.9761881554633,1661.0100835381695,1677.028072322623,1562.3154915484165,1615.1809023374142
2025-09-26,1640.0,test,1580.8335174540503,256.25650645974724,1324.5426335036052,1214.1068791341913,1289.7477612704579,1388.2245094588307
2025-09-27,1052.0,test,875.1920672390354,0.0,1172.0816486562221,475.50583930342214,1182.8212458215262,1258.2989287081523
2025-09-28,1001.0,test,862.9911257857152,0.0,1128.9872542182427,456.0051842926565,1126.156717556024,1195.6726463984267
2025-09-29,2200.0,test,2030.9754308387182,712.9903869149466,1523.766452752822,1529.770525784993,1462.9792181365092,1489.7065429731676
2025-09-30,1551.0,test,2140.547167037557,720.0828729523772,1519.2312978858185,1476.889566693502,1412.564607112156,1336.8125657618168
2025-10-01,2142.0,test,2122.985393878512,745.069861037592,1951.792786349406,1696.9173785380394,1803.1636212887047,1794.1814161398943
2025-10-02,1892.0,test,2117.6503841339727,721.9431056612859,2066.826994933161,1717.0109126967159,1888.7461175213575,1892.310761114522
2025-10-03,964.0,test,1590.021684048741,251.8137332512199,1943.220588921535,1214.8486057759353,1798.5931484020177,1789.6906556597041
2025-10-04,674.0,test,881.6098757127297,46.140797746039425,1220.4071190806633,235.9971270887464,1382.2299922278935,1336.4522964202836
2025-10-05,417.0,test,867.448076949355,0.0,1008.4592777947307,66.95317074994173,934.3312335262915,771.6812567510129
2025-10-06,1156.0,test,2034.981454245884,478.22628030794806,1502.2845565684397,1278.2119253518485,1343.3208516904874,1202.3506661185606
2025-10-07,1688.0,test,2142.427195768213,852.1011678969868,1570.2608673028674,1727.067467820636,1515.3694218128862,1598.1188737296548
2025-10-08,2200.0,test,2122.399936108648,986.3257520228693,1977.469427919432,1687.7088765069784,1933.9472208602363,1940.9616086977878
2025-10-09,1855.0,test,2114.466912666067,789.8563321327903,1565.4670433696992,1614.8730530543708,1508.9647528268868,1549.1351101509204
2025-10-10,1559.0,test,1583.3543006856976,216.30302935182965,1348.132805598283,1199.6726579411802,1296.985464967055,1386.8668373040114
2025-10-11,1056.0,test,871.0689655982677,0.0,1252.0653081985552,454.39905712398354,1290.5004795536347,1358.1159168253669
2025-10-12,958.0,test,853.9015376554424,0.0,1158.167584362336,429.916988614189,1187.3946896571108,1256.389954946136
2025-10-13,2146.0,test,2020.0024658607435,668.6247251952766,1554.0784250860177,1584.4264001990582,1477.0229830390713,1542.6813284419013
2025-10-14,2350.0,test,2124.402988929524,873.7694769747661,1877.882156556098,1700.5589148925922,1786.1494622982304,1815.3167900802598
2025-10-15,2345.0,test,2101.0585296480594,919.7153694736087,1843.9599447185656,1657.898444598493,1802.7592996864755,1824.696546125982
2025-10-16,2127.0,test,2089.7466019652893,589.5044652999168,1572.2946042073838,1672.1378163409431,1435.22605889268,1508.8460875393516
2025-10-17,1692.0,test,1554.4416501087442,229.5994308356161,1346.7962962671677,1162.4859248033747,1312.3589833743272,1400.8318299328757
2025-10-18,927.0,test,837.6499327936822,0.0,1191.1203077617138,412.75278993843926,1194.288653622556,1258.169187527461
2025-10-19,923.0,test,816.9234682346853,0.0,1318.2695721114023,384.76397081249604,1317.8283544295157,1353.2409562514042
2025-10-20,2198.0,test,1981.1207497258586,835.4162962391724,1534.9977618486685,1471.1856234088855,1548.102786938945,1587.800326341821
2025-10-21,2439.0,test,2082.083948422761,1108.4091641686355,1975.8146308685023,1613.1980624202836,1984.5590802638358,1990.9340818509745
2025-10-22,1684.0,test,2055.112277002046,934.4939224784974,1506.0528734020545,1444.6007450885493,1545.4681532601294,1526.1265330443377
2025-10-23,1615.0,test,2040.194578700656,949.3447522700842,1541.4089202771238,1355.502612693684,1584.6018167089942,1532.8680382055154
2025-10-24,1248.0,test,1500.5529102063085,121.81536366644934,1687.6660511961181,937.037238372507,1562.921049960394,1478.610469514222
2025-10-25,479.0,test,779.193714362879,0.0,1097.6782933848187,111.77439674253066,1124.5585896721948,1054.8995667472652
2025-10-26,559.0,test,754.9319404820624,0.0,1203.768023125341,80.33349410019679,1170.1894828170496,1063.3017783749535
2025-10-27,1025.0,test,1917.3345498507538,451.74545245031277,1477.4752320601954,1204.6048700185795,1350.6388452902168,1242.391034175843
2025-10-28,2093.0,test,2015.0491876870144,903.4548460554058,1724.2336043089845,1575.6092697858503,1706.903169878703,1755.6808262497857
2025-10-29,2330.0,test,1984.71954308707,988.817464909921,1947.9151991294561,1489.1513627717088,1955.078546508434,1932.7469944608297
2025-10-30,2180.0,test,1966.5445497994424,925.038658149054,1748.9423913147252,1533.7269522146605,1767.0704317008558,1828.901817430893
2025-10-31,1691.0,test,1422.9909628112023,290.7169503294367,1500.9957370961693,1016.145636825418,1507.0794429766922,1563.533183091954
2025-11-01,917.0,test,697.5639903375578,0.0,1341.2029526616116,85.65445771108644,1470.1144318775896,1414.1838679595571
2025-11-02,270.0,test,670.3409027638664,0.0,925.4470655617282,0.0,1044.9046826669135,889.9477207403385
2025-11-03,1997.0,test,1831.5954627809178,678.1636139753361,1619.6007687687718,1373.3901048842122,1593.3772781310909,1632.8281675582416
2025-11-04,2437.0,test,1926.7733058220974,910.3731445266374,1966.6956926929051,1480.627781673488,1935.9410808260473,1936.376183427839
2025-11-05,2381.0,test,1893.8613487956447,897.1957578403583,1910.845044928667,1428.6297769006164,1910.6849597943906,1902.2177054487202
2025-11-06,2065.0,test,1873.2655288144194,391.9698619345254,1524.3507904411556,1434.009727034772,1373.4929163090173,1420.047990300822
2025-11-07,1443.0,test,1326.6926312406927,0.0,1188.3147699352717,913.6042873322347,1058.410445724355,1118.2195443244777
2025-11-08,650.0,test,598.1435632662373,0.0,871.9213892589256,69.66383852278183,836.3434124957114,854.2591038324348
2025-11-09,404.0,test,568.9557703149366,0.0,845.4748645794494,0.0,901.2082167005613,839.0116934996056
2025-11-10,2093.0,test,1730.1067287808887,614.5324263314351,1511.6809427492278,1265.9800758790736,1505.9244281407705,1550.920387277431
2025-11-11,2312.0,test,1823.8312728291144,844.6806977529029,1654.783771395591,1371.9189762278197,1679.714922227247,1720.7004083598918
2025-11-12,2337.0,test,1789.4571263683495,814.2434188575191,1758.2987223531832,1318.5792475046,1778.5822005534023,1781.6152145316955
2025-11-13,2321.0,test,1767.593098604764,1013.1734511313323,1778.7746753503072,1322.8751112911605,1888.6586635278238,1937.907184849548
2025-11-14,1894.0,test,1219.1804252080701,549.7939634183003,1355.7797738579793,800.8427876715052,1561.766506449699,1651.2852575524794
2025-11-15,1023.0,test,488.7118732176557,0.0,1074.063943165133,12.215092876558998,1205.2416547353228,1249.3506406606261
2025-11-16,820.0,test,458.78228500539615,0.0,931.150676261788,0.0,1068.788689916384,1116.1302405343301
2025-11-17,1302.0,test,1621.069270518598,381.2375728661141,1242.2659459039965,992.7629494110474,1212.4247306367831,1178.9129145476506
2025-11-18,1845.0,test,1714.5877124565425,302.34528409448734,1511.0060164908293,1257.9650681246487,1353.1881296028732,1363.7059890875482
2025-11-19,1655.0,test,1680.003513413151,260.41255567643145,1527.421503108663,1178.8786380728698,1375.178426483449,1346.3575926211506
2025-11-20,1543.0,test,1658.124155196233,231.08011120827572,1230.2450258437727,1209.0266925021447,1122.4150439312014,1190.272877819006
2025-11-21,1021.0,test,1109.119814091755,0.0,998.0984363636481,639.2523970523337,852.2050681418755,878.6438984437154
2025-11-22,371.0,test,377.9714896736432,0.0,792.6624747907018,0.0,636.4061249197991,664.4792751283971
2025-11-23,329.0,test,348.52899311492763,0.0,1064.5836978518792,0.0,897.3254753517685,698.7368352626183
2025-11-24,712.0,test,1513.1669702182755,164.99834002846683,1114.0737077143615,598.3185758370809,1042.8162356854511,833.2717108265927
2025-11-25,1280.0,test,1607.6718066148692,277.17101655714544,1129.4836558101867,967.1136934919595,1058.8902643689846,1016.4724374565835
2025-11-26,1135.0,test,1574.0456950975536,103.42580676020944,1100.375772990888,931.3791099774751,984.7845635654593,925.3199828130104
2025-11-27,1425.0,test,1553.2914493957833,159.2955894714338,1224.1975749840728,1100.9527221777919,1116.559699953743,1172.4219729898812
2025-11-28,1184.0,test,1004.8036496389625,0.0,1379.9772054171724,553.6261626554553,1277.4476584245153,1260.403565955136
2025-11-29,461.0,test,274.04898644468193,0.0,589.4669652594464,0.0,659.3071905416396,708.0799894874472
2025-11-30,447.0,test,246.13100315861703,0.0,730.0680192855295,0.0,795.9275811927283,739.8583670757959
2025-12-01,1567.0,test,1414.119571611434,96.96356419732268,1020.2766931055269,938.7354138924568,965.006388428841,1029.0961209651969
2025-12-02,1694.0,test,1510.5654050827604,219.2874276216652,1324.9784379966086,1047.9108710795704,1223.5793588399088,1246.3699757417648
2025-12-03,1591.0,test,1478.8065606396285,5.177003062371085,1009.4191333709198,997.5915975477972,894.9148904228306,936.9550209706657
2025-12-04,1452.0,test,1460.0393786902928,0.0,1036.7372834590756,894.5587483192685,899.8175266325017,897.3324404715383
2025-12-05,879.0,test,912.8799070107718,0.0,815.1615763865316,345.6113106362682,789.4639221883931,785.8969573264021
2025-12-06,546.0,test,183.2796476758055,0.0,633.0163825375042,0.0,715.2016913861585,715.7964458114282
2025-12-07,366.0,test,157.5963532465775,0.0,481.8379348356189,0.0,606.4316806922108,450.7745399904879
2025-12-08,1486.0,test,1329.5950657632231,479.02436631459136,950.2062153709953,762.2673691333063,1102.2090706418771,1152.8449793794032
2025-12-09,1949.0,test,1428.5854295003774,692.7292449993498,1400.9194289546406,964.5077770077756,1520.8955646060663,1568.1818570388946
2025-12-10,2048.0,test,1399.2427514302767,544.6789959837536,1398.7531107525133,891.0405388838662,1479.1996357127675,1482.0058429118967
2025-12-11,1688.0,test,1382.9569172732415,278.3829479671688,961.4940934629719,927.3367094195114,1004.7407059078237,1107.7572098856208
2025-12-12,1291.0,test,837.5643337910666,0.0,893.1560582213652,409.1751401745155,906.8455008199123,977.6703465054454
2025-12-13,500.0,test,109.50226169930596,0.0,438.4414936206382,0.0,460.5754301514786,543.9712670667316
2025-12-14,472.0,test,86.38495593915053,0.0,416.5062710299088,0.0,429.13124948113705,504.056320265373
2025-12-15,1528.0,test,1262.6743669658024,0.0,1155.6304609934023,784.9804469430172,1040.3437288431028,1057.8072460303447
2025-12-16,1630.0,test,1364.4354298826875,0.0,894.3013343629198,899.7241823147804,768.9709232833209,831.2304603570283
2025-12-17,1606.0,test,1337.6838150633907,256.90609986869845,871.6752454595073,854.5791177431993,937.5504712748551,1020.1505987621626
2025-12-18,1659.0,test,1324.0046516770478,450.4806689469001,1300.887070109445,867.9250966142997,1380.2293345129706,1437.8368154357668
2025-12-19,1321.0,test,780.4552204646433,0.0,1097.9053823503264,326.06798250459246,1224.7826120409356,1269.0082373483283
2025-12-20,644.0,test,53.96105280768995,0.0,825.8642557472582,0.0,882.3435915875476,914.3847412804519
2025-12-21,312.0,test,33.39669706825873,0.0,368.65682520971956,0.0,304.48977465155974,366.56609992467907
2025-12-22,804.0,test,1213.9241717778418,0.0,825.5058542412967,735.9586996943577,702.3573477766068,759.8140800759599
2025-12-23,601.0,test,1318.3613945410334,0.0,848.7752612248119,796.3303802559072,750.1726222281225,785.4579880682538
2025-12-24,88.0,test,1294.0687662863565,0.0,828.6569138041037,676.1917513677753,735.4602307975242,707.0935551508718
2025-12-25,89.0,test,1282.8295162152103,0.0,1052.6557096128822,826.556907141156,917.2996780351623,963.3122900472382
2025-12-26,114.0,test,740.923372732963,0.0,651.4875734979712,312.073620797432,542.720335301283,614.6563944044271
2025-12-27,250.0,test,15.767609036306226,0.0,567.66711726965,0.0,489.44011427751644,528.0751042825195
2025-12-28,185.0,test,0.0,0.0,337.4691054561836,0.0,254.84228015970237,315.5471754951893
2025-12-29,434.0,test,1181.9916743122317,0.0,794.0706163333916,678.0468393322602,598.4208695120707,628.1895568517217
2025-12-30,300.0,test,1288.806710173458,0.0,819.3344119395008,823.5157034509691,681.1997533511609,745.6594655764038
2025-12-31,170.0,test,1266.6568386934257,0.0,1268.03078519042,782.8760884624901,1068.524283265654,1038.728556671054
2026-01-01,148.0,test,1257.5266476557752,0.0,1263.4055671012302,800.7747710764735,1150.9722328232426,1170.9940667558499
2026-01-02,283.0,test,716.920170399584,0.0,629.0872706372679,128.26468490283514,568.668604119204,555.2565833724109
2026-01-03,153.0,test,0.0,0.0,796.4393460604133,0.0,664.7386358239264,660.4264540039756
2026-01-04,106.0,test,0.0,0.0,792.8210167611837,0.0,634.8533304400789,617.1549537548556
2026-01-05,257.0,test,1164.5201411839084,0.0,776.3346923141655,685.3002679796551,570.0309169594857,615.2396642029803
2026-01-06,99.0,test,1273.3527793437866,0.0,1073.9099664361527,806.9861922613695,841.6150652452831,851.7214771931458
2026-01-07,694.0,test,1252.9876018096954,0.0,1115.271348343664,754.5323163551367,906.3827968548683,887.507474217559
2026-01-08,640.0,test,1245.6134150368243,0.0,823.9437652451334,476.5538088532742,734.5746779645309,630.4261613253245
2026-01-09,465.0,test,705.9599079273952,0.0,739.5072570016005,275.10463050896146,777.6318049135501,865.5484460722196
2026-01-10,254.0,test,0.0,0.0,327.9562190731462,0.0,340.8973278911553,276.8343910186737
2026-01-11,86.0,test,0.0,0.0,567.7337414908924,0.0,411.4530380659876,425.6644361844821
2026-01-12,362.0,test,1159.1228515198904,0.0,769.0429421639101,384.9172149477665,789.000335939586,702.2066051010806
2026-01-13,1097.0,test,1269.6792838556858,241.87549492049592,958.2465292396564,800.8958989433471,1020.303600419669,1105.20876503275
2026-01-14,1382.0,test,1250.8222958840233,315.50340411928346,1087.2857271927357,763.107846037031,1181.896332800451,1235.8548644993134
2026-01-15,1483.0,test,1244.946725754035,356.7721330097659,1131.0276358753263,783.92104542937,1237.355320304151,1319.2812355201422
2026-01-16,1184.0,test,706.0081490572752,0.0,1066.0352136148917,272.071246000594,1100.4356088005852,1142.9487397063444
2026-01-17,396.0,test,0.0,0.0,328.6672248261032,0.0,241.49130141411945,311.748637118769
2026-01-18,321.0,test,0.0,0.0,316.0122020218478,0.0,246.78559156546555,313.897911936182
2026-01-19,1452.0,test,1164.157195520843,0.0,1235.9919860441335,678.7363915871824,1149.661964353489,1155.98360937908
2026-01-20,1445.0,test,1276.291887826169,0.0,1293.4503310432656,803.2316170250645,1176.4709531730923,1179.9379625917252
2026-01-21,1450.0,test,1258.8214476598998,0.0,1279.4174070629883,766.508189090001,1153.201491824264,1137.3218613507731
2026-01-22,1230.0,test,1254.347167912149,0.0,932.0517231072648,788.4570966279761,678.8117541672377,717.2363602674936
2026-01-23,928.0,test,716.0493315961614,0.0,989.942987524845,277.004729274493,781.7676222062004,787.1632142130331
2026-01-24,370.0,test,0.0,0.0,370.1266652612819,0.0,287.73732196286915,353.9737961274026
2026-01-25,247.0,test,0.0,0.0,323.7604105194902,0.0,272.0761616065205,153.0924393437228
2026-01-26,679.0,test,1179.1077095074031,0.0,804.2720893406085,674.1218438213904,756.4708707264656,822.5410699235537
2026-01-27,1326.0,test,1292.8399631558273,64.54844043151704,1259.8625315749184,813.3268279607976,1194.125956278737,1212.914871210955
2026-01-28,1364.0,test,1276.7960146082416,0.0,975.8970877251394,484.9017366645037,921.5243166517231,784.2359190649345
2026-01-29,595.0,test,1273.782683613208,0.0,830.729139791483,646.1291896922609,749.9599957265763,742.9206315782584
2026-01-30,857.0,test,736.2024652946099,0.0,1115.1371088770356,289.82457679011475,1024.330233790251,1036.2882498629926
2026-01-31,478.0,test,13.96727768306505,0.0,756.857405968637,0.0,728.4317923186554,752.6473586686843
2026-02-01,345.0,test,3.5918894077685763,0.0,526.982766584888,0.0,532.5816153332169,586.9810270688936
2026-02-02,1641.0,test,1204.4986808067722,0.0,1092.314931136768,704.5709921738598,952.7162465656857,969.4359079640799
2026-02-03,1574.0,test,1319.9630498521606,1.3721740488716136,1116.4812376923064,818.3787647277961,1045.7820067808836,1075.7709567832296
2026-02-04,1450.0,test,1305.4891023872851,0.0,810.3725096666506,797.405976729783,703.5914981419585,757.7116811550742
2026-02-05,1472.0,test,1304.0873087845014,0.0,1207.39147161528,821.8946008421628,1043.7805010692905,1062.8878098110906
2026-02-06,1038.0,test,767.3790124801016,0.0,698.7002366566259,298.14436327376734,746.9013580775236,836.6061481468433
2026-02-07,561.0,test,45.77438935039629,0.0,434.9981835265821,0.0,549.3232421534906,647.3565475682067
2026-02-08,573.0,test,37.065514059162524,0.0,574.8162224654748,0.0,629.3781643498369,687.9248790379916
2026-02-09,1469.0,test,1241.3855011812088,0.0,804.5722601412965,731.1522956350098,743.3738559304074,816.3303048893696
2026-02-10,1608.0,test,1358.7330878286139,91.0784060224695,1071.5253124595897,600.8928914180096,1043.2593590813294,939.1625262981606
2026-02-11,1596.0,test,1345.9727438652535,234.0146646776187,979.6497146734212,716.101904193652,1051.5832185236989,1051.301355433265
2026-02-12,1309.0,test,1346.3164241608943,213.5005590402551,979.978216614335,562.1690845595432,1042.3039633121236,961.5872193840232
2026-02-13,1267.0,test,810.6007702799697,0.0,819.0632625527393,343.71761847274433,887.3411307349356,973.7940210863248
2026-02-14,387.0,test,89.73252570225475,0.0,396.63071380885583,0.0,460.92985962278453,377.595685882296
2026-02-15,233.0,test,82.78054264565378,0.0,387.8314037620818,0.0,297.9881354342736,196.26280543336287
2026-02-16,718.0,test,1290.5873995227353,22.564596178604404,1013.8696090182912,563.3514745188393,1010.332233158787,942.3678279143086
2026-02-17,884.0,test,1409.868297221126,40.30911517228819,959.2062579873287,687.6636652617284,919.9814605823058,859.788323546204
2026-02-18,858.0,test,1398.8479012315288,0.0,1122.0679061671017,793.4139556367521,997.6655856906658,962.7370399443438
2026-02-19,684.0,test,1400.9379389297796,0.0,904.4692458148145,461.32022823475427,763.9384558959972,567.902145941649
2026-02-20,283.0,test,866.1873539566117,0.0,705.4894633433559,264.1358936460118,642.3066047625617,645.5588806966955
2026-02-21,174.0,test,145.99842312926626,0.0,424.04004975916723,0.0,481.6791578881026,382.0570625858695
2026-02-22,322.0,test,140.71700124895818,0.0,445.3467154082086,0.0,595.4928680484813,540.5285745100978
2026-02-23,1290.0,test,1351.8947046615235,187.28099958382768,914.7275963899249,456.84133521886383,990.7300038977091,860.3070167003074
2026-02-24,814.0,test,1472.957246876766,140.07026983135353,895.7302734351244,597.169170909174,900.573524699643,774.7423729234747
2026-02-25,2040.0,test,1463.4903372891913,364.8112644918988,1486.2347629917906,920.7867341724045,1506.8190310837638,1499.1964263413215
2026-02-26,2118.0,test,1467.1048558880984,587.4671530166302,1523.1703839495058,950.1907794273228,1634.4146170396411,1670.8789293498949
2026-02-27,2259.0,test,933.060214540481,124.24812049249772,1349.5190928510542,442.56510690963194,1513.5597937113994,1551.7453891169125
2026-02-28,1333.0,test,213.25441997356063,0.0,1001.6471024667554,0.0,1150.9914487630376,1151.2620083068387
2026-03-01,636.0,test,209.31184661107227,0.0,476.92505720448725,0.0,571.3001533175087,644.7840838065047
2026-03-02,2026.0,test,1423.4940664852459,253.39735020016587,1377.2395815490127,878.2101144411952,1388.1348122147078,1405.2191204691903
2026-03-03,2089.0,test,1545.9327358272521,191.2902175035307,1169.1448909606145,1012.3220918429602,1135.0810740290187,1183.5787770110603
2026-03-04,1955.0,test,1537.5768852648073,178.9714846350467,1219.3172841878772,983.8885567095097,1190.647668660175,1215.2572725068492
2026-03-05,2191.0,test,1542.2373849733501,411.68308807093814,1476.0805309213115,1014.6106828924325,1503.6925732621512,1535.2484101372243
2026-03-06,1768.0,test,1008.3837596473293,3.2678190026286984,1373.669260885693,507.49803259261466,1466.0250881381608,1492.216560782536
2026-03-07,1218.0,test,288.4114386189814,0.0,1126.2360917110063,0.0,1250.934273565647,1269.8848870954419
2026-03-08,1120.0,test,285.22633770284466,0.0,1046.1596295900756,0.0,1146.9635194091975,1164.9922830792566
2026-03-09,2164.0,test,1501.8024048459142,409.6676260355614,1144.2826003891337,946.9325057967606,1250.3569557162618,1324.9740416050865
2026-03-10,2598.0,test,1624.9741541988174,644.9414977534698,1582.1554698268296,1082.1296905962085,1661.220587365386,1681.693974610524
2026-03-11,2012.0,test,1617.0576921224988,531.2932431898869,1397.0092234671458,776.5210775917624,1477.8022859215644,1337.345432923264
2026-03-12,1381.0,test,1622.0661658906392,334.7653671770781,1274.0943984944336,922.1847115972461,1287.9007075895142,1252.0106243425807
2026-03-13,1907.0,test,1087.6802714950652,56.348758935959495,1461.4577277599756,578.7710515170827,1547.0505705992723,1567.2173179120982
2026-03-14,655.0,test,366.79592873176404,0.0,801.3097699601126,0.0,875.6337831785207,873.8050074572393
2026-03-15,590.0,test,363.60494432866267,0.0,589.3348065833808,0.0,591.3174689734107,661.0763344602631
2026-03-16,1539.0,test,1581.7973325043797,82.88039822242314,1186.826301096304,748.136007517008,1125.8664044790885,1004.009296922005
2026-03-17,1583.0,test,1704.9085788284897,70.32034947354612,1071.8783166908675,1142.2772577257883,971.2902618491682,1026.8363282894356
2026-03-18,2192.0,test,1696.626757054611,283.6351329482153,1411.373940638347,1128.1145359252193,1365.1102319734523,1375.366149404971
2026-03-19,2463.0,test,1701.1706360494932,408.9874656025823,1593.8294257041728,1159.652519959591,1569.4601269081718,1590.249870727136
2026-03-20,1795.0,test,1165.434113692397,0.0,1517.357057839473,651.6727644981265,1492.7571167463589,1492.3980811989084
2026-03-21,720.0,test,442.8175535443272,0.0,755.0303356593852,0.0,812.8987614969599,887.3016723599312
2026-03-22,1213.0,test,438.80379509008503,0.0,1292.0355146435056,0.0,1308.7917346547733,1294.035053781035
2026-03-23,2178.0,test,1657.803300658055,293.96557494132617,1385.8990728670178,1092.66753026041,1369.430780470915,1404.1503111606778
2026-03-24,2413.0,test,1780.0512198962656,512.3794010836161,1679.6465864129486,1227.936994571574,1654.1688381018853,1658.5573521371202
2026-03-25,1615.0,test,1770.6129661024675,487.3652325112329,1339.1230635905713,1023.3047437696657,1382.1472433883646,1322.8141529919562
2026-03-26,1258.0,test,1773.9166407492426,0.0,1221.439880646619,1058.2429983127101,1059.9821263666374,1010.1605028605369
2026-03-27,1222.0,test,1236.071624181174,0.0,1087.9300379444278,721.0485947050479,976.3470357470933,1028.397612712394
2026-03-28,709.0,test,510.98681277449515,0.0,1346.2365483266576,0.0,1234.0095237938651,1063.7813267071017
2026-03-29,250.0,test,505.4412393318942,0.0,684.3843112459573,0.0,591.7995160887107,571.5695824080084
2026-03-30,935.0,test,1724.5700938800978,1.6564896795035793,1276.481961132058,887.6759739863705,1138.5202023885258,1009.2725528909675
2026-03-31,1095.0,test,1845.3066520012326,47.30644727306043,1212.1309264715487,1293.9115113146017,1051.940205131697,1104.880447616594
2026-04-01,1382.0,test,1834.0986970110143,172.17003125612172,1325.9668197084443,1264.3744234807946,1221.2565655679973,1252.6280576646056
2026-04-02,1396.0,test,1835.586910205601,168.71182276418511,1253.2713787180373,1293.9477583884268,1159.051780246995,1233.855411633207
2026-04-03,699.0,test,1295.0978506442236,0.0,1482.7569141897243,601.9992288926547,1448.361309340536,1362.2589554124966
2026-04-04,457.0,test,567.0523381805604,0.0,750.5676545883084,0.0,824.7238665251978,884.4495854136271
2026-04-05,839.0,test,559.5299484491227,0.0,1366.6509294038242,0.0,1550.6863927148793,1546.0853442304403
2026-04-06,941.0,test,1778.3939553102964,456.02266413003395,1742.1692539341975,1217.0236740757985,1715.3755102961302,1720.391539329527
2026-04-07,2383.0,test,1897.2731828472722,682.0006684167597,1929.9746255783102,1349.890684959345,1916.8843342223672,1910.718376792825
2026-04-08,2597.0,test,1884.001681573762,578.4810069544294,1933.191704749151,1318.6817233373129,1894.490375365494,1866.0319309914548
2026-04-09,2246.0,test,1883.4347253282685,482.8751245949478,1674.6833548129143,1346.6374353875294,1638.8482659614322,1677.8168960078312
2026-04-10,1007.0,test,1340.116417989504,0.0,1039.723023313458,682.7509847351248,1032.5950294416916,1042.6534878766652
2026-04-11,1366.0,test,608.9814781137471,0.0,1315.8426294273395,70.4915148746321,1403.392418909376,1438.9648065707488
2026-04-12,524.0,test,599.4128780986281,0.0,766.9095219845525,0.0,780.687068285863,825.5180646365511
2026-04-13,2114.0,test,1818.0037599001798,240.4709712601085,1196.4230360201611,1262.851833565633,1165.7013142287713,1256.175993285123
2026-04-14,1926.0,test,1935.0742705122623,233.4146358553055,1227.1800423831946,1357.2793004426658,1135.087910870341,1198.561491535766
2026-04-15,2473.0,test,1919.8469255090533,320.4504124894897,1217.590469708135,1361.3044063320795,1186.8441186806103,1269.6010791729755
2026-04-16,2594.0,test,1917.391849369137,592.0203189170592,1654.634145991918,1387.6606153012222,1667.5606014329028,1729.4070179375144
2026-04-17,2380.0,test,1371.4692553957498,178.52374401407155,1785.5719909778572,871.3723850014549,1824.6383699504977,1842.4418743196193
2026-04-18,1900.0,test,637.5279006932413,0.0,1370.4750011703495,106.5897124553387,1500.8685649330296,1547.9230105687295
2026-04-19,675.0,test,626.2551466412416,0.0,975.8638492473357,64.48194218983144,1050.1477078958596,1118.4238800971582
2026-04-20,2498.0,test,1844.9739055103541,310.7367505963964,1851.2316685569388,1297.6116339902178,1735.5863440594312,1728.7275934972245
2026-04-21,2582.0,test,1960.6895211264289,262.7801408282385,1748.1223792203648,1427.7596969954793,1576.7996497212557,1584.9092109838434
2026-04-22,2655.0,test,1944.0132798188474,369.3583780264981,2025.4832040963815,1393.465959439343,1874.1252763206414,1831.1010405051725
2026-04-23,2764.0,test,1940.2285281328964,615.1758879882541,2075.2183043072955,1418.5995113675872,2024.4182533922287,2025.0702934801047
2026-04-24,2458.0,test,1392.3082816993117,140.1133198729458,1894.9906830695177,900.4218942545192,1898.4319518394561,1903.6587500794087
2026-04-25,1665.0,test,656.2136330419683,0.0,1630.0960587671343,133.49328055403635,1712.2497852301065,1723.5017022886248
2026-04-26,1658.0,test,643.9355184949264,0.0,1505.375350203689,116.0302673961092,1551.1761701142832,1565.7945854876052
2026-04-27,2887.0,test,1863.5247594926377,559.5243489969403,1991.636431211291,1324.2422704815142,1962.3674033000862,1962.5036256320486
2026-04-28,3043.0,test,1978.6640518441816,683.1098860958134,1824.2167935176803,1453.7604294882954,1826.4924655535092,1867.6491265378977
2026-04-29,2889.0,test,1961.3521104917713,542.4983632681342,1922.3360948355853,1418.713567281541,1866.8273372014044,1866.1634252922959
2026-04-30,2482.0,test,1957.0822949674387,400.00214101094815,2109.512675221899,1443.2820228488515,1958.8570555279211,1943.6698310014158
