date,actual,split,SARIMAX_K0,SARIMAX_K1,SARIMAX_K2,SARIMAX_K3,SARIMAX_K4
2023-01-01,596.0,val,298.9557468202704,438.53304811175235,411.39705568257136,369.26614795170497,367.10630926771717
2023-01-02,1085.0,val,954.3564194813947,1148.7136465633132,1107.488906885711,1046.1977672859266,1075.3403669893362
2023-01-03,884.0,val,1048.5873903946615,1269.4718475073655,1219.7033081273244,1147.8441635290208,1193.0554459648201
2023-01-04,1018.0,val,1032.4351919914,1264.0155850083588,1209.3563495228213,1132.4707297705709,1194.8056818729751
2023-01-05,725.0,val,931.3381864172919,1166.0270713913228,1108.411132440399,1029.7063380729905,1102.6967575599142
2023-01-06,616.0,val,586.3490861772805,830.703081398149,767.9809916175334,685.8295275616124,774.2471192168682
2023-01-07,764.0,val,0.0,242.48692611660897,178.93168217206073,95.84580530991809,185.8205473531532
2023-01-08,516.0,val,0.0,255.36663283468528,187.83048511377626,101.05910129765721,194.9499416911708
2023-01-09,1491.0,val,893.4780338560539,1165.592985590705,1095.1987489448088,1007.2748322741539,1114.708591164922
2023-01-10,1545.0,val,1013.3215791461029,1287.3064503691394,1215.3645659615454,1128.0366708090546,1241.7283254004028
2023-01-11,1427.0,val,1023.9198522254256,1299.1495700559974,1226.0351980438895,1139.923581729398,1259.3205784319528
2023-01-12,1540.0,val,926.2659712303462,1202.2521777236304,1128.3408290355733,1044.05337563195,1167.1751021347425
2023-01-13,1157.0,val,557.186188525785,837.8645834254521,760.4395251193516,676.3606752805191,808.5684351698443
2023-01-14,760.0,val,0.0,189.37436022491767,113.23312799378414,32.430597151567326,159.48995838820565
2023-01-15,327.0,val,0.0,221.6943421881748,145.35583937706917,66.78938964200472,194.54916652441318
2023-01-16,1628.0,val,860.7098218916575,1145.5516989791831,1068.7668210226086,992.9854584530254,1127.9047116977908
2023-01-17,1717.0,val,987.5323449434075,1273.9036824801099,1197.10612535171,1124.417519020366,1260.8871712069213
2023-01-18,1555.0,val,1001.9673813089717,1290.0746784777284,1213.2688287085439,1143.8153130508827,1281.2145993842869
2023-01-19,1061.0,val,905.7281377035971,1195.6928587233374,1119.0416767833915,1053.0811084345855,1190.227076875654
2023-01-20,796.0,val,537.0051889638537,832.8090556573679,753.4988574635842,689.2753998694328,831.770000436183
2023-01-21,150.0,val,0.0,184.97870744035242,107.76754915537094,48.23971837724446,182.17740506356347
2023-01-22,97.0,val,0.0,218.65225371587007,142.0200647749075,86.06910755295587,217.6285898431962
2023-01-23,586.0,val,841.5220259229737,1144.898657382896,1068.5680073486187,1016.6667133581766,1152.6718843580766
2023-01-24,745.0,val,968.5445598472816,1274.5358957998285,1198.9482447717778,1151.3442394856638,1286.2537846522473
2023-01-25,961.0,val,983.0079293033709,1291.805967789323,1216.9635388747065,1173.7318043175792,1307.0896397320982
2023-01-26,988.0,val,886.642992129849,1198.3593462237857,1124.4235706365941,1085.7532684827938,1216.5276043066551
2023-01-27,531.0,val,517.4311004286754,836.0461408525321,760.2008341773885,724.262871063816,858.1916936026519
2023-01-28,274.0,val,0.0,188.4056091661718,115.4158262452919,85.09911617956152,208.38128227206107
2023-01-29,229.0,val,0.0,223.15785484447196,151.48453958247262,125.58674894821229,244.66591626204206
2023-01-30,1004.0,val,822.3255479643428,1151.6500321166695,1080.993802486424,1059.90257432695,1181.8975826523942
2023-01-31,1192.0,val,949.5065228675084,1282.4844476096018,1213.2950252759983,1197.1812838700803,1316.5944010384055
2023-02-01,1154.0,val,963.9803659779479,1300.8008922518047,1233.075155680566,1221.930753520622,1338.4513553133988
2023-02-02,810.0,val,867.4802542020718,1208.2518938140443,1142.1452689885132,1136.0747724128132,1248.8159268145691
2023-02-03,740.0,val,497.77473607297594,846.4799143791494,779.1683373840212,776.255131572132,891.0864745526738
2023-02-04,419.0,val,0.0,199.0023733412396,135.25229681960127,138.30278111109953,241.52585770072346
2023-02-05,393.0,val,0.0,234.8086448196396,173.0561949179979,180.77320668512164,279.09493893793797
2023-02-06,1191.0,val,803.0438389565795,1165.5228636965803,1105.440875380038,1118.1172661290095,1218.9491836737952
2023-02-07,1356.0,val,930.3832575107306,1297.5281367596672,1239.5688595384015,1257.2909076685028,1355.1742895413945
2023-02-08,1194.0,val,944.8674846370617,1316.8627859082662,1261.0120576514905,1283.682184779925,1378.4456038178776
2023-02-09,1204.0,val,848.2319744092061,1225.181215242545,1171.582835916566,1199.216384140616,1290.1091368622556
2023-02-10,1019.0,val,478.03215829970316,863.9178490230487,809.7343494826397,840.3242240581221,933.3363384350698
2023-02-11,522.0,val,0.0,216.56819295639218,166.56200935813126,202.83082065558915,284.35244450385505
2023-02-12,584.0,val,0.0,253.39253092714,205.96960885891258,246.52574325683355,323.51045634864556
2023-02-13,1378.0,val,783.676390781235,1186.2923360100012,1141.0924696282852,1186.1360366262197,1266.2685025753422
2023-02-14,1559.0,val,911.1744599738076,1319.4286050876262,1276.9015131804667,1326.4378877867275,1404.2750785784478
2023-02-15,1570.0,val,925.6690842302047,1339.7393770556628,1299.8548910435832,1353.7024496362128,1429.18594062035
2023-02-16,1588.0,val,828.8979974245776,1248.8809446666075,1211.7664041023934,1269.8582902542146,1342.3442542297878
2023-02-17,1062.0,val,458.2032338760711,888.0794334099462,850.8792688061704,911.1265538638644,986.6928665488956
2023-02-18,580.0,val,0.0,240.8084197299055,208.2765116219632,273.32826877451924,338.4179893187497
2023-02-19,427.0,val,0.0,278.600778748098,249.10844531719817,317.4904094459842,379.2654423247112
2023-02-20,1552.0,val,764.2230886515159,1213.6357005223927,1186.7853936095653,1258.618269746859,1324.9952040366902
2023-02-21,1760.0,val,891.8800168897468,1347.8491725427343,1324.0840167670822,1399.3071450752207,1464.8139249420908
2023-02-22,1635.0,val,906.3850519316251,1369.0801473082788,1348.3500345441078,1426.7140668327995,1491.3580960364534
2023-02-23,1455.0,val,809.4782104451713,1278.9868255910008,1261.3988697060595,1342.772492158925,1405.9670714469275
2023-02-24,931.0,val,438.2878492636833,918.5867783161118,901.2637186784682,983.4952822520322,1051.3539313521671
2023-02-25,417.0,val,0.0,271.33164193597526,259.0154025087877,344.70088688767254,403.6651065730604
2023-02-26,187.0,val,0.0,310.0285708954649,301.0525662207008,388.6567434533263,446.0406698842961
2023-02-27,1041.0,val,744.6838197730236,1247.1348557161314,1241.061095559778,1330.6481639518151,1394.5424881618153
2023-02-28,1225.0,val,872.4998157438717,1382.3585752400563,1379.6207582422524,1471.0880975177986,1535.9316620618856
2023-03-01,1372.0,val,887.0152752474627,1404.4407976919622,1404.9662029346694,1498.021887957842,1563.826770916728
2023-03-02,1969.0,val,789.972500744495,1315.04165512805,1318.9146921636077,1413.389117432656,1479.5634914225516
2023-03-03,1727.0,val,418.2858908825572,954.9699115969725,959.2893497631402,1052.9952591222577,1125.6251385740052
2023-03-04,759.0,val,0.0,307.65525658155855,317.1489979682694,412.6572749351961,478.1188293399243
2023-03-05,435.0,val,0.0,347.1808178700014,360.14245483076087,455.8856846852716,521.5815989849334
2023-03-06,1523.0,val,725.0584712145001,1286.2823741045722,1302.2317527658759,1398.2471271330007,1472.3785534734388
2023-03-07,1949.0,val,853.0337438791006,1422.4371960488425,1441.7971545097782,1537.9702667713052,1614.8228755488444
2023-03-08,1386.0,val,867.5596415386168,1445.2896749342458,1467.9636206664459,1563.990697117156,1643.5179514791125
2023-03-09,1273.0,val,770.3807554491827,1356.50190093189,1382.550490539748,1478.2548466780713,1559.7972896001158
2023-03-10,1077.0,val,398.1972450040742,996.6735820585238,1023.1707798464979,1116.3611654542449,1205.9158192018795
2023-03-11,741.0,val,0.0,349.21245728016294,380.8715342328585,474.1256745890464,557.9431826410035
2023-03-12,342.0,val,0.0,389.47932736088853,424.55360150577076,516.3040420524906,601.8174474809075
2023-03-13,2176.0,val,705.3469298963946,1330.4888505691436,1368.4557579328746,1458.7449758638816,1554.209644043046
2023-03-14,1499.0,val,833.4816884903871,1467.4845896441757,1508.7561554457488,1597.4903380592955,1696.9839660343978
2023-03-15,1394.0,val,848.0180380180307,1491.0154709253306,1535.471459576389,1622.3673271459747,1725.7325888236983
2023-03-16,1824.0,val,750.7028615375971,1402.7455727475535,1450.4233300888875,1535.329349704216,1641.7895745842475
2023-03-17,1819.0,val,378.02179775021756,1043.0653007423484,1091.0146435507986,1171.7676029110842,1287.184002830641
2023-03-18,1363.0,val,0.0,395.36044288075925,448.2808942475456,527.497117169724,637.950973704719
2023-03-19,619.0,val,0.0,436.27117778285094,492.37681976466894,568.5201779837249,681.4346821694551
2023-03-20,1939.0,val,685.5490825906086,1379.0914383232002,1437.818537249522,1510.9677074436954,1634.6157137316168
2023-03-21,2387.0,val,813.8435366244973,1516.8281783696405,1578.5794758862837,1648.6916473900903,1776.909058090875
2023-03-22,2682.0,val,828.3903517504838,1540.9360759053147,1605.56939636991,1672.4115652144192,1804.9004353465612
2023-03-23,2230.0,val,730.9387058396292,1453.0812303023647,1520.6125165603635,1584.0873894598376,1719.9278601101853
2023-03-24,1076.0,val,357.759435093374,1093.444500855287,1160.9015346469794,1218.9022532202166,1363.797674052267
2023-03-25,646.0,val,0.0,445.38972672504406,517.4606091350299,572.6695730206613,712.513839581717
2023-03-26,277.0,val,0.0,486.83817410612687,561.700218112002,612.6391598056051,754.8321410426021
2023-03-27,1793.0,val,665.6648159203003,1431.3634485165135,1508.4144039460011,1555.223742595261,1708.046603217353
2023-03-28,1727.0,val,794.1191751798154,1569.7329927756819,1649.3692425583663,1692.081681814377,1849.122930409274
2023-03-29,1659.0,val,808.6764696523969,1594.3084570539434,1676.3689649348375,1714.8251532397198,1875.6451674785453
2023-03-30,1194.0,val,711.0881750365024,1506.7579970238867,1591.2405663769962,1625.4196407697475,1788.9585847983155
2023-03-31,1083.0,val,337.41004285613604,1147.05268365236,1230.9665071514648,1258.8389079986243,1430.6496838341632
2023-04-01,492.0,val,0.0,498.53441169296667,586.5598039369489,610.8936586050922,776.6943610141507
2023-04-02,442.0,val,0.0,540.4072490240917,630.6885049218333,650.0816823407114,817.2650037624035
2023-04-03,1347.0,val,645.6940163596887,1486.5248744470907,1578.4251376891757,1593.0966722778835,1769.9723921911861
2023-04-04,1515.0,val,774.3084909061479,1625.4123157613021,1719.3257643229965,1729.3993279020108,1909.332174219888
2023-04-05,1472.0,val,788.8762784916372,1650.3394194124996,1746.0904348334145,1751.4942822811656,1933.930703128932
2023-04-06,1365.0,val,691.1511556605781,1562.976434557628,1660.5491119358117,1661.3512396003648,1845.1228989929355
2023-04-07,540.0,val,316.97350671110604,1203.084403332361,1299.473927248309,1293.7329442624998,1484.2773032254843
2023-04-08,299.0,val,0.0,553.9832822255745,653.866917314836,644.4459696125209,827.3436972157423
2023-04-09,503.0,val,0.0,596.1616588210271,697.6554985101222,683.2362473433612,865.9148680576418
2023-04-10,1102.0,val,625.6365702338592,1543.753687960903,1646.1912091430224,1627.0773268147504,1817.9203536828145
2023-04-11,1002.0,val,754.4113704045294,1683.0390761629467,1786.8173969509667,1763.2279256594777,1955.4235667539301
2023-04-12,1007.0,val,768.9896648873237,1708.1970932902464,1813.131243716355,1785.0847750535427,1978.0156690592273
2023-04-13,1252.0,val,671.1275340951593,1620.9001205917714,1726.96583086208,1694.6202835265146,1887.0620624875614
2023-04-14,755.0,val,296.449712180699,1260.6989318547644,1364.8828304442013,1326.3843744814444,1523.7135769090014
2023-04-15,477.0,val,0.0,610.8915526823621,717.873419605186,676.1779511268658,863.8941362831546
2023-04-16,483.0,val,0.0,653.2528117933749,761.1261411030239,714.9951597150391,900.6189791268023
2023-04-17,1870.0,val,605.4923637185659,1602.1977444367722,1710.2720269513018,1660.0882359193429,1852.1366101239896
2023-04-18,2117.0,val,734.4277001270261,1741.7578267801787,1850.4389623805127,1796.5095583032346,1988.0541903856956
2023-04-19,1332.0,val,749.0165153096304,1767.022981786428,1876.1225303442097,1818.547595825345,2008.9683301468508
2023-04-20,1394.0,val,651.0171965742952,1679.6677623103844,1789.15903657724,1728.175972782562,1916.2538620041682
2023-04-21,2355.0,val,275.8385446369448,1319.0324347396368,1425.8995158235439,1359.7300466173356,1550.842256919765
2023-04-22,1910.0,val,0.0,668.3931018847978,777.324359320287,709.0035974093886,888.6299403415641
2023-04-23,1184.0,val,0.0,710.8125579165235,819.8849486180667,748.2391767941205,924.0547640651123
2023-04-24,1795.0,val,585.2612828400373,1660.987123939743,1769.4922443642606,1694.966682324847,1875.6825312703406
2023-04-25,1484.0,val,714.3573663765414,1800.6971333636266,1909.0558683369302,1832.0279661859909,2010.6582764311445
2023-04-26,1947.0,val,728.9567160795928,1825.9443939466846,1933.9710259783305,1854.6030777786855,2030.5828794770032
2023-04-27,2336.0,val,630.8200291825854,1738.4056700391986,1846.0773029162622,1764.665597438697,1936.837773897502
2023-04-28,936.0,val,255.13988930129142,1377.2104815115536,1481.5148680659718,1396.3348268338782,1570.1316960098547
2023-04-29,1257.0,val,0.0,725.6130166564444,831.253349497854,745.3962513137842,906.3302630977385
2023-04-30,1185.0,val,0.0,767.9657617692014,873.0086310715004,785.3413272671746,941.2925042633441
2023-05-01,422.0,val,564.9432134747781,1719.2467298092165,1822.9719862557772,1733.9769208177931,1893.8983287681665
2023-05-02,1921.0,val,694.2002553066184,1858.9821951387958,1961.831917367259,1871.9305206941392,2028.8233232852274
2023-05-03,2390.0,val,708.8101533689093,1884.0870834878863,1985.8844237220906,1895.2739769800278,2048.67011083422
2023-05-04,3117.0,val,610.5359178549825,1796.24041043148,1896.972374968202,1805.9799635586007,1954.8226443682902
2023-05-05,2208.0,val,234.35363124440607,1434.3607096022847,1531.024793901793,1437.9506533872768,1587.762402663973
2023-05-06,1134.0,val,0.0,781.6802626948289,879.0005168248347,786.962501518025,923.3198495435792
2023-05-07,1617.0,val,0.0,823.8429766251628,919.8815443744444,827.7568241535502,958.7728395899339
2023-05-08,2087.0,val,544.5380413493738,1776.1089622199484,1870.1397965543165,1778.417233049873,1913.311399672804
2023-05-09,3084.0,val,673.9562529212448,1915.7475140860731,2008.239745832198,1917.353497612177,2049.133672490674
2023-05-10,1092.0,val,688.5767131997471,1940.5879100481568,2031.3793079651523,1941.5299887971898,2069.840960382216
2023-05-11,778.0,val,590.1647483765965,1852.311455941276,1941.404590827176,1852.918122210413,1976.8152494333294
2023-05-12,1331.0,val,213.47965538597788,1489.6254583040748,1574.0331409817618,1485.2023902319916,1610.3059698028846
2023-05-13,743.0,val,0.0,835.7402992663087,920.2129253868366,834.1500127606048,946.1039582168045
2023-05-14,756.0,val,0.0,877.5930361566768,960.193629658696,875.7536614816886,982.9035586074418
2023-05-15,1882.0,val,524.0456520402934,1830.7262831681114,1910.728106762101,1828.3740161475869,1940.2010824790816
2023-05-16,1429.0,val,653.6252450746564,1970.1494294911129,2048.053838136226,1968.2003169274751,2077.7095245949954
2023-05-17,2060.0,val,668.2562814445457,1994.6073395923722,2070.271733719997,1993.0907301953125,2100.026244144758
2023-05-18,1053.0,val,569.7064063824985,1905.7836473850957,1979.2310482825383,1905.0156160353308,2008.527354309294
2023-05-19,1678.0,val,192.5178464945201,1542.1741897995953,1610.4374769899657,1537.4417887686902,1643.226164729904
2023-05-20,1244.0,val,0.0,886.9674550286695,954.8279960618145,886.1275816331504,979.8702679916913
2023-05-21,1613.0,val,0.0,928.3953813875485,993.9215035621611,928.3190699794602,1018.5691548375052
2023-05-22,3073.0,val,503.4659309736917,1882.2834909070223,1944.7520304565792,1882.6548703687213,1979.1227101966656
2023-05-23,2447.0,val,633.2071174711397,2021.3783362310705,2081.327061440048,2023.1014201647295,2118.752319216324
2023-05-24,2434.0,val,647.8487438258186,2045.3416029333443,2102.651540165121,2048.4124897346237,2143.0501461531685
2023-05-25,2691.0,val,549.1607773575215,1955.8592891000644,2010.5777383884085,1960.5581100003685,2053.3840097911984
2023-05-26,2395.0,val,171.46808918716988,1591.2155173779597,1640.3990869593142,1592.787932586391,1689.5286213252941
2023-05-27,1410.0,val,0.0,934.5768857456605,983.0414137701503,940.8522539281771,1027.1864098676756
2023-05-28,1496.0,val,0.0,975.4719443676952,1021.2943240133587,983.2530914672388,1067.8824674014566
2023-05-29,1629.0,val,482.79876342521277,1930.0095260651572,1972.4732385596908,1938.9083414466004,2031.719424541201
2023-05-30,2510.0,val,612.7017556648357,2068.670409842502,2108.3526036521366,2079.5598188955537,2173.4225537038974
2023-05-31,2688.0,val,627.3539859159581,2092.034336279925,2128.8424068172967,2104.859148806638,2199.5796104532187
2023-06-01,2680.0,val,528.5277466360653,2001.7897015276458,2035.7977774274236,2016.7771815027027,2111.549797273368
2023-06-02,2085.0,val,150.3302679294909,1636.00866663541,1664.2994407185306,1648.3473235804786,1748.8689025973704
2023-06-03,1278.0,val,0.0,977.8359407130843,1005.2618921040107,995.3130665309614,1087.1944718240338
2023-06-04,1309.0,val,0.0,1018.0984164611965,1042.7469156736342,1037.4352706915467,1129.4698900892222
2023-06-05,2177.0,val,462.0440345197915,1973.1886384616953,1994.3515110764001,1993.9127929116335,2096.1019667289547
2023-06-06,2435.0,val,592.109045059542,2111.318668559893,2129.6140187195488,2134.2613166149026,2239.3176289243265
2023-06-07,2420.0,val,606.7718931370372,2133.9875352251265,2149.3504613207174,2159.032862962553,2266.703292845166
2023-06-08,1095.0,val,507.80719940189783,2042.8860639098493,2055.4186477497215,2070.200514346403,2179.611498921783
2023-06-09,1601.0,val,129.1042670352739,1675.8742036711542,1682.6861388516716,1700.5825876959375,1817.3410490621072
2023-06-10,1249.0,val,0.0,1016.07477327961,1022.055897909024,1045.9172127379913,1155.5071202907673
2023-06-11,1341.0,val,0.0,1055.6147380522052,1058.8633479837445,1087.2271796256045,1198.476285823198
2023-06-12,3212.0,val,441.20162923145625,2011.170752893483,2010.9872446987883,2043.9941434175605,2166.9631219113344
2023-06-13,3583.0,val,571.4288709085163,2148.683212116304,2145.7267410390955,2183.5062709345475,2310.6960719720432
2023-06-14,3396.0,val,586.1023507606124,2170.571663530572,2164.8048789775994,2207.2186218885863,2338.2653179815734
2023-06-15,3209.0,val,486.99902068795717,2078.529390066182,2070.08196170281,2117.1079938678577,2251.0206518058703
2023-06-16,2425.0,val,107.78997066633673,1710.203874904766,1696.2119211779911,1745.778810501399,1888.0277000829906
2023-06-17,1552.0,val,0.0,1048.6960417928844,1034.085985238388,1088.9652950719706,1224.86356965615
2023-06-18,1538.0,val,0.0,1087.434657749135,1070.314676191564,1128.9552394517532,1267.3246015939706
2023-06-19,3044.0,val,420.27143238312954,2043.3808837685383,2023.0586830826487,2085.51488865959,2236.4383008542995
2023-06-20,3403.0,val,550.661118314277,2180.200489020237,2157.3748876343234,2223.703428811952,2379.4359399268183
2023-06-21,3179.0,val,565.3452439075256,2201.2347703044406,2175.8943398529827,2245.8814977394304,2405.9179066903325
2023-06-22,2627.0,val,466.10309537615376,2108.1794927747005,2080.4796569667787,2154.0309584352094,2317.2363606818467
2023-06-23,1598.0,val,86.3872628323254,1738.4694160077077,1705.570683794415,1780.5433760586288,1952.2286307323188
2023-06-24,1496.0,val,0.0,1075.1835604747628,1042.0467176524494,1121.1503337588897,1286.4389768529186
2023-06-25,1543.0,val,0.0,1113.0542226436594,1077.794852430487,1159.40748281373,1327.1008696675794
2023-06-26,3239.0,val,399.25332864643065,2069.3274622364684,2031.2579000971805,2115.3672073908037,2295.5605339566937
2023-06-27,3395.0,val,529.8056722284068,2205.3914580933115,2165.247396738731,2251.857976016588,2436.553853940025
2023-06-28,3012.0,val,544.5004575477069,2225.5104835312686,2183.3034055228736,2272.1482512865887,2460.6981838498455
2023-06-29,3434.0,val,445.1193081971718,2131.3828069285637,2087.290693867782,2178.22599287013,2369.3533267506104
2023-06-30,1231.0,val,64.89602739051367,1760.2302023715279,1711.4345788240862,1802.2705993345508,2001.1331901989308
2023-07-01,1366.0,val,0.0,1095.109774937343,1046.602251642528,1140.0119146819325,1331.554249423181
2023-07-02,978.0,val,0.0,1132.0590766624427,1081.9588733309515,1176.2759223408016,1369.2941472543534
2023-07-03,3281.0,val,378.1472025414761,2088.609455216186,2036.2295913116243,2131.402287586898,2336.02313810433
2023-07-04,3373.0,val,508.86241745135317,2223.8685260673697,2169.977541923688,2265.9865935265834,2473.9828550376214
2023-07-05,2715.0,val,523.5678764999751,2243.024764185431,2187.652833593255,2284.206930041997,2494.813584339966
2023-07-06,3328.0,val,424.0475437302704,2147.778958167232,2091.1222469277823,2188.0579219751507,2399.8870981997115
2023-07-07,2690.0,val,43.316148045602915,1775.1396303131057,1714.396158433847,1809.507014154679,2027.5976588184435
2023-07-08,1563.0,val,0.0,1108.1419540738937,1048.3295072593987,1144.2827191703595,1353.437772844382
2023-07-09,1273.0,val,0.0,1144.1304613114964,1083.3670500201108,1178.4833209793424,1387.5349143942663
2023-07-10,2986.0,val,356.9529384366813,2100.9221732179526,2038.5165146554336,2132.7363900977634,2351.88715631191
2023-07-11,3145.0,val,487.8312386322308,2235.341160765552,2172.0896131516115,2265.4019239736745,2486.2413619008194
2023-07-12,2464.0,val,502.5473854318403,2253.5013231102957,2189.447567237932,2281.568906138749,2503.264944397688
2023-07-13,2660.0,val,402.88768640308507,2157.105981850737,2092.4590692557585,2183.2386499744607,2404.3440829550814
2023-07-14,2704.0,val,21.64750834952207,1782.9501365996268,1714.9191786445922,1802.1663079569319,2027.6551750667618
2023-07-15,1081.0,val,0.0,1114.0470086491764,1047.670474027878,1134.0789134226711,1348.6684814337211
2023-07-16,1431.0,val,0.0,1149.0498319059548,1082.4388768695271,1166.3484628423184,1378.9647860757095
2023-07-17,2527.0,val,335.6704205485604,2106.061682846615,2038.5149806986049,2119.890496695858,2340.8715056747833
2023-07-18,3379.0,val,466.71202026862204,2239.6200985732658,2171.9560851884,2250.8261631069417,2471.6378749984074
2023-07-19,3289.0,val,481.4388688593048,2256.7656222118235,2189.035636174332,2265.1560491081395,2484.9602350213518
2023-07-20,3324.0,val,381.6396204914284,2159.2041167919188,2091.6241782844263,2164.887625227336,2382.239162682936
2023-07-21,1960.0,val,0.0,1783.5167835968266,1713.3011197298943,1781.5628626363587,2001.4324835677075
2023-07-22,1596.0,val,0.0,1112.694866802804,1044.8966135517367,1110.9066238968317,1317.987417945536
2023-07-23,1434.0,val,0.0,1146.7020224296703,1079.4193614369192,1141.5654962249382,1344.9390054189498
2023-07-24,2211.0,val,314.299532941528,2103.9277600809155,2036.4431525926768,2094.7425287070273,2304.9429888312707
2023-07-25,1779.0,val,445.5046467063786,2236.6200852632824,2169.7679276866343,2224.3162369793354,2432.7455699627144
2023-07-26,1501.0,val,460.24221114666415,2252.74740201841,2186.5805144641135,2237.1990193510737,2443.0712939673977
2023-07-27,2675.0,val,360.3032301190907,2154.018118803051,2088.75329625052,2135.403482137102,2337.3326251344997
2023-07-28,2036.0,val,0.0,1776.7993581177848,1709.6497416832397,1750.2570509007533,1953.2656442406517
2023-07-29,647.0,val,0.0,1104.060357579124,1040.0875595813347,1077.4812672104804,1266.2913181251129
2023-07-30,1219.0,val,0.0,1137.076913188826,1074.3598960182082,1106.997748270059,1290.8975294843249
2023-07-31,2788.0,val,292.8401595276981,2094.525341557343,2032.3241132294534,2060.296168622186,2250.0650368647784
2023-08-01,1450.0,val,424.2090021394216,2226.3611104803635,2165.5198892824965,2189.0082222920637,2376.029383797477
2023-08-02,2174.0,val,438.9572965063076,2241.48169900098,2182.048640063441,2200.957947062354,2384.5404698587477
2023-08-03,2632.0,val,338.8783992576401,2141.598060550371,2083.7846208749725,2098.1617048334087,2277.018104779202
2023-08-04,1440.0,val,0.0,1762.8629535751984,1703.8751188472345,1711.7306753092114,1890.971525411822
2023-08-05,537.0,val,0.0,1088.2235752049603,1033.1254265381588,1037.3816174678943,1201.7904205605428
2023-08-06,362.0,val,0.0,1120.2695771073543,1067.1148471289653,1066.3113335929975,1225.4124171353637
2023-08-07,1384.0,val,271.2921840666845,2077.9644528399376,2025.9847398477411,2020.2949806860465,2185.138419924159
2023-08-08,2521.0,val,402.824970609542,2208.968118006686,2159.011658598019,2148.713004691432,2310.6842607703193
2023-08-09,1315.0,val,417.58400899851847,2223.1083379197626,2175.212860591306,2160.300706328597,2318.8210658226385
2023-08-10,2570.0,val,317.3650117262224,2122.0986061324284,2076.46455137023,2057.076644640013,2210.970316783418
2023-08-11,2002.0,val,0.0,1741.877027005969,1695.6976387406796,1669.9339031454551,1824.4083290781386
2023-08-12,1290.0,val,0.0,1065.3687188394738,1023.7050708592421,994.582875904513,1134.4876689098824
2023-08-13,1029.0,val,0.0,1096.478902545418,1057.3540661930208,1023.4956161364545,1158.591953291577
2023-08-14,1882.0,val,249.6554901654008,2054.4586147149257,2017.0704480381492,1978.731559107742,2120.336870976
2023-08-15,979.0,val,381.35243600620123,2184.669196004223,2149.864822698545,2107.415440717335,2246.909157076125
2023-08-16,2679.0,val,396.12223253127496,2197.869906549974,2165.6715845633667,2119.193447871793,2256.0968805666444
2023-08-17,2418.0,val,295.7629511913615,2095.776770888359,2066.3690079875346,2016.0848067004654,2149.317533002535
2023-08-18,2045.0,val,0.0,1714.1129446249752,1684.671462699209,1628.762712324235,1763.6086111323539
2023-08-19,1063.0,val,0.0,1035.7814245997506,1011.3596627867228,952.9297000023505,1074.2800633459917
2023-08-20,1089.0,val,0.0,1066.0047125863082,1044.590539848245,982.3332601177232,1100.1582622983933
2023-08-21,2150.0,val,227.9299612778591,2024.3217505913926,2005.074885283458,1939.3160502789951,2065.169000919509
2023-08-22,2333.0,val,359.7912820663305,2153.792273444322,2137.554565979615,2068.742807636982,2193.961371528436
2023-08-23,2222.0,val,374.57185086004927,2166.1082421178567,2152.882445176506,2081.1704358155075,2205.3371070473236
2023-08-24,2097.0,val,274.0721011667581,2062.988198880138,2052.939017738299,1978.6175320215336,2100.705203974336
2023-08-25,1389.0,val,0.0,1679.9400514551055,1670.221988112361,1591.5358721386272,1716.8597493326258
2023-08-26,709.0,val,0.0,999.8446285016676,995.4999772939622,915.6189275134157,1029.0640289560854
2023-08-27,163.0,val,0.0,1029.2434225123461,1028.221459387179,945.8901291299999,1057.5855278121135
2023-08-28,497.0,val,206.11548070496963,1987.9636397972436,1989.3827264518213,1904.9746420989086,2026.6571828723565
2023-08-29,641.0,val,338.1413923741308,2116.760370569188,2121.4541370266197,2035.4732776380506,2158.3837348962907
2023-08-30,1580.0,val,352.9327475876078,2128.259480333169,2136.2083816905615,2048.8538770973832,2172.5792618867195
2023-08-31,1738.0,val,252.2923450130896,2024.182011961129,2035.5283513637883,1947.1335244302759,2070.64182538572
2023-09-01,1560.0,val,0.0,1639.820321956066,1651.6949800283987,1560.5414784011302,1689.1196743612197
2023-09-02,1296.0,val,0.0,958.0330202319387,975.4649574275275,884.7613951599786,1003.2276393411425
2023-09-03,1296.0,val,0.0,986.6822983614178,1007.5801510688699,916.0936250249056,1034.6750084732278
2023-09-04,2604.0,val,184.21193159434006,1945.883982619197,1969.3229045199137,1877.4456175226896,2008.001303684534
2023-09-05,2811.0,val,316.40265036087266,2074.085472171594,2100.88931147978,2009.1508351109026,2142.7626595015417
2023-09-06,2741.0,val,331.2048061638108,2084.847738721585,2114.973264537069,2023.588802976375,2159.7866897243016
2023-09-07,3070.0,val,230.42356593780906,1979.8943050303762,2013.4602392453353,1922.774745190067,2060.4606260472674
2023-09-08,2402.0,val,0.0,1594.301669125463,1628.4143049656905,1536.714855547592,1681.087022170597
2023-09-09,1334.0,val,0.0,910.9061680759003,950.5803917493745,861.0827853468113,996.8330476530674
2023-09-10,1513.0,val,0.0,938.8923997159226,981.9956216411501,893.4573564915103,1030.8530793019513
2023-09-11,2868.0,val,162.21919694007283,1898.665163041258,1944.2289474354452,1857.0286599581416,2007.9952506428335
2023-09-12,3020.0,val,294.574939304694,2026.361112424455,2075.199442400562,1989.8599692237149,2145.2653976215533
2023-09-13,1448.0,val,309.38790988541047,2036.4775257396616,2088.5235803508244,2005.2438324470122,2164.508401573197
2023-09-14,2461.0,val,208.46564699494314,1930.7403816792175,1986.0896113551025,1905.1938622786884,2067.1032690642337
2023-09-15,2311.0,val,0.0,1544.0100089746725,1599.7446452259453,1519.4932364144163,1689.1094505194144
2023-09-16,1458.0,val,0.0,859.1004145709035,920.2220217424098,843.8060091161068,1005.6496381812307
2023-09-17,1595.0,val,0.0,886.5203089318481,950.8559769532144,876.9916245340812,1041.328904974191
2023-09-18,2105.0,val,140.13715958256466,1846.96381399694,1913.5026255353796,1842.5237660955008,2021.3082622167044
2023-09-19,2770.0,val,272.6581423304001,1974.2537786522098,2043.8012536777578,1976.1932634332097,2160.043699172898
2023-09-20,2997.0,val,287.48194189585064,1983.8249856091152,2056.2922882298826,1992.207611475137,2180.4031494769797
2023-09-21,2914.0,val,186.4184710848913,1877.4058426792828,1952.8669330205694,1892.5796355270384,2083.761943249005
2023-09-22,780.0,val,0.0,1489.6401953075647,1565.1552306991616,1506.8701122149296,1705.940848106086
2023-09-23,802.0,val,0.0,803.3196602583178,883.8790861784804,830.7344624813879,1022.0229689918115
2023-09-24,1477.0,val,0.0,830.2787665913349,913.6716954970016,864.3154493032152,1058.0712623430609
2023-09-25,2618.0,val,117.96570220830415,1791.50130729349,1876.6768710598974,1831.3718302360767,2039.5653252642082
2023-09-26,2966.0,val,250.65214240926187,1918.4932585408596,2006.2513226030287,1965.4202476182122,2178.4130466418915
2023-09-27,2725.0,val,265.4867851850654,1927.6281056691407,2017.8607828521485,1981.5855672021737,2198.512352140144
2023-09-28,2743.0,val,164.28192095422395,1820.6366563748538,1913.3995665522393,1881.8811319725287,2101.240445843365
2023-09-29,2249.0,val,0.0,1431.9459560912771,1524.2805175628635,1495.6463939882456,1722.1846793473612
2023-09-30,1031.0,val,0.0,744.3251690106786,841.214236138811,818.5295460396627,1036.3941490141142
2023-10-01,1383.0,val,0.0,770.9363488029394,870.1346997860277,851.9597885092669,1071.3974135199528
2023-10-02,2106.0,val,95.70470734966955,1733.0533059399777,1833.47392681171,1819.9828323552147,2052.998730683434
2023-10-03,1617.0,val,228.55682235881392,1859.8620705855196,1962.303227713886,1953.8397586778538,2190.5598333920057
2023-10-04,2479.0,val,243.40232258927696,1868.6760280710691,1973.0149644815094,1969.5755780114375,2209.0156211362137
2023-10-05,2400.0,val,142.05587919547986,1761.2283547874997,1867.5066875627074,1869.2057785604989,2109.7505995620304
2023-10-06,1934.0,val,0.0,1371.7289771678395,1476.9738763266876,1481.849859695383,1728.1236861457398
2023-10-07,1219.0,val,0.0,682.924542580664,792.1159215507149,803.1504593383429,1039.155103217988
2023-10-08,910.0,val,0.0,709.3063358505791,820.1693695942893,835.8265757353379,1071.846132215227
2023-10-09,2318.0,val,73.35405738472662,1672.438530190096,1783.8549158385563,1804.2129636703437,2052.3310122753633
2023-10-10,2760.0,val,206.37206484265295,1799.1841308514233,1911.955606278686,1937.2739462763577,2187.4263546633288
2023-10-11,2825.0,val,221.22843679079426,1807.7976206112462,1921.7917173158257,1951.9776050994271,2203.1099665174925
2023-10-12,2540.0,val,119.74022824696449,1700.0145119029019,1815.2641190220124,1850.3433211638849,2100.7778925460807
2023-10-13,2260.0,val,0.0,1309.827291404445,1423.3507183034476,1461.2721016450546,1715.5642732206404
2023-10-14,596.0,val,0.0,619.9600240505806,736.7397487245555,780.4027604756235,1022.4641391851495
2023-10-15,408.0,val,0.0,646.2349334034684,763.9720712269432,811.7474823683469,1051.9570451033112
2023-10-16,2127.0,val,50.9136345370257,1610.5068999980874,1728.057485196239,1779.932151115596,2030.5108461975383
2023-10-17,2094.0,val,184.09775237023533,1737.3128201845975,1855.4878574723207,1911.643093883025,2162.3962692441883
2023-10-18,2005.0,val,198.96501031781045,1745.849472227658,1864.5126192257057,1924.7743217372486,2174.63807566598
2023-10-19,2108.0,val,97.33485039254697,1637.8546710057635,1757.0359970055567,1821.3507552441515,2068.64610895361
2023-10-20,1739.0,val,0.0,1247.1031414391027,1363.8180691709097,1430.0562371948088,1679.3313320075688
2023-10-21,1083.0,val,0.0,556.2962995803647,675.5359159529854,746.5273249279924,981.6651388237257
2023-10-22,1155.0,val,0.0,582.5890168761048,702.0364118568853,776.0725860990345,1007.6087231335451
2023-10-23,2333.0,val,28.383320875399022,1548.1272256173793,1666.6188382531718,1743.6108945560836,1983.9649535614144
2023-10-24,1819.0,val,161.73376729667493,1675.1186246918055,1793.4809144616138,1873.5490852842358,2112.4556257904196
2023-10-25,2179.0,val,176.6119255442008,1683.703487018462,1801.802418064094,1884.7096752509237,2121.1541954612358
2023-10-26,1486.0,val,74.83962776145758,1575.621895907984,1693.4909183471823,1779.1244590926358,2011.4842357698728
2023-10-27,1100.0,val,0.0,1184.4304918022888,1299.0883578058827,1385.2611026815448,1618.1327925043595
2023-10-28,957.0,val,0.0,492.8079751181308,609.2606161206924,698.7551072141824,916.0468400723007
2023-10-29,1056.0,val,0.0,519.2435764335298,635.1622312975273,726.2142289176846,938.670253012081
2023-10-30,1788.0,val,5.762998313756384,1486.1746246158586,1600.3822938388996,1692.8517751527631,1913.1400051815704
2023-10-31,1141.0,val,139.27999182253922,1613.4765284891637,1726.8213519963763,1820.793146614744,2038.6236341393865
2023-11-01,835.0,val,154.16906468931876,1622.2342564547077,1734.5906716469092,1829.791479024422,2044.2427972512191
2023-11-02,1084.0,val,52.25444232808334,1514.1901263623424,1625.601099858805,1721.8862887823134,1931.4325440426683
2023-11-03,913.0,val,0.0,1122.6823712732644,1230.1760845133451,1325.3295445410306,1534.653138350833
2023-11-04,685.0,val,0.0,430.3669094447225,538.9702066502376,635.756365111572,828.8242955776446
2023-11-05,385.0,val,0.0,457.0690444725074,564.4472693212012,661.0759584223046,848.8716363726029
2023-11-06,2061.0,val,0.0,1425.5178475435423,1530.4864495478384,1626.7969480575834,1822.2634380387335
2023-11-07,2017.0,val,116.73630799364801,1553.2533413070223,1656.688047273604,1752.7607781409695,1945.6058463703675
2023-11-08,2123.0,val,131.6363098177949,1562.3063926723166,1664.095910716093,1759.652727445044,1949.0665288090936
2023-11-09,1993.0,val,29.579175911766697,1454.4215207898505,1554.6240508922597,1649.520279543985,1834.0881634667576
2023-11-10,1272.0,val,0.0,1062.7182287883347,1158.3770136429914,1250.3995722468446,1434.8998856607348
2023-11-11,509.0,val,0.0,369.82958700439667,465.9979355759706,557.925393660822,726.3899498368987
2023-11-12,457.0,val,0.0,396.91868911122475,491.2614415275275,581.3100391041662,744.9635524747174
2023-11-13,1047.0,val,0.0,1367.0066958118653,1458.337026657583,1546.357696075145,1718.4163629852321
2023-11-14,1223.0,val,94.10259770086878,1495.2951444819792,1584.521616059833,1670.6226862622955,1840.785018579485
2023-11-15,1586.0,val,109.01354283933215,1504.7620062918302,1591.7926912962316,1675.723314880799,1843.2801647554777
2023-11-16,2081.0,val,6.813710176600139,1397.1539696326795,1482.0672698098424,1563.7146346436737,1727.3475560637653
2023-11-17,913.0,val,0.0,1005.3714860219594,1085.2305448733168,1162.4161757207626,1326.980287857852
2023-11-18,627.0,val,0.0,312.0247133975685,391.9140211281593,467.4618066752437,617.0305284997296
2023-11-19,516.0,val,0.0,339.616256264337,417.2046634644612,489.3679114781066,635.3806018178008
2023-11-20,1977.0,val,0.0,1311.4597140078952,1385.5624777345645,1454.2338587115983,1610.1495193176
2023-11-21,1625.0,val,71.37874267991393,1440.4150371523765,1511.9778453972112,1577.323054165984,1732.7962894081477
2023-11-22,1485.0,val,86.30064550850302,1450.4085101212254,1519.3628967386562,1581.187099424643,1735.5716473661623
2023-11-23,2028.0,val,0.0,1343.1889601734356,1409.6374621770012,1467.887613693529,1619.9201514719443
2023-11-24,734.0,val,0.0,951.4374669134495,1012.4668968839796,1065.0261496700778,1219.5943598072945
2023-11-25,241.0,val,0.0,257.7412131867453,318.4708526815263,368.23448832611655,509.40627601009544
2023-11-26,256.0,val,0.0,285.94403927983774,344.050123056908,389.3335414700217,528.7135804499284
2023-11-27,1242.0,val,0.0,1259.652334892541,1313.955387092872,1354.716928613806,1505.9553757497
2023-11-28,921.0,val,48.564624511136685,1389.3813601258607,1440.867280925042,1477.3528124195825,1630.0058331938064
2023-11-29,943.0,val,63.49749942454574,1400.0069253776128,1448.633572954321,1480.7258515469455,1634.1539220765312
2023-11-30,771.0,val,0.0,1293.2799685713364,1339.1766871018867,1366.9027388277602,1519.8398694017765
2023-12-01,380.0,val,0.0,901.661878952659,941.94163007256,963.2652108608061,1120.5724367545895
2023-12-02,14.0,val,0.0,207.71680384031254,247.53595712056563,265.44134755651754,411.12071689916866
2023-12-03,22.0,val,0.0,236.63154892203113,273.67575981614084,286.5566086534618,432.31739824838706
2023-12-04,116.0,val,0.0,1212.3056487754811,1245.4025338888378,1253.297538933868,1412.9199226525775
2023-12-05,91.0,val,25.66012461932641,1342.906567969589,1373.0839466648267,1376.3323571953702,1539.2119803224145
2023-12-06,99.0,val,40.60398603115934,1354.2608597856422,1381.5043793756618,1380.0781989684024,1545.520553509038
2023-12-07,171.0,val,0.0,1248.1215472304089,1272.5886154562593,1266.6050235307894,1433.2800900291318
2023-12-08,211.0,val,0.0,856.7300130471335,875.5607896252826,863.0726270260535,1035.754028213694
2023-12-09,129.0,val,0.0,162.6273112945923,181.01610577068436,165.10351915900435,327.66757373020397
2023-12-10,195.0,val,0.0,192.3449477902132,207.98741597096483,187.12750454845082,351.32987567769646
2023-12-11,975.0,val,0.0,1170.0759599169364,1181.8071690284755,1156.1225337232684,1335.816781180508
2023-12-12,1012.0,val,2.66512427350537,1301.6369104855971,1310.5268304233891,1280.4520141854784,1464.8176775896493
2023-12-13,1117.0,val,17.619986616300768,1313.8063171798792,1319.8683666225159,1285.4648486794651,1473.699169728002
2023-12-14,1039.0,val,0.0,1208.3392655443477,1211.7586845226492,1173.232356995198,1363.8902990859585
2023-12-15,909.0,val,0.0,817.2568183861557,815.2005227176948,770.6902038365149,968.4094576632988
2023-12-16,475.0,val,0.0,123.07688187405557,120.77648047976709,73.45342596665887,261.93876661940806
2023-12-17,415.0,val,0.0,153.67740219152643,148.8376384131834,97.25597118437531,288.267036521587
2023-12-18,1323.0,val,0.0,1133.5452812082826,1125.0075405151458,1069.3657086962155,1276.7902895898742
2023-12-19,1498.0,val,0.0,1266.143073011861,1255.0182205349147,1195.836428140503,1408.6014363944312
2023-12-20,870.0,val,0.0,1279.2024861959599,1265.5302129832426,1202.9481885901155,1420.1099115191828
2023-12-21,734.0,val,0.0,1174.480649703564,1158.4723228097398,1092.7718939501012,1312.7412534381535
2023-12-22,337.0,val,0.0,783.777996044786,762.6253804074456,692.0170476432284,919.2705427465218
2023-12-23,116.0,val,0.0,89.58923232788351,68.55914137667412,0.0,214.33899859373594
2023-12-24,54.0,val,0.0,121.14049119933236,97.94440105275544,22.627378109399956,243.21959218884
2023-12-25,225.0,val,0.0,1103.212904794325,1076.6959589718858,998.5872264596319,1235.6314964560856
2023-12-26,294.0,val,0.0,1236.91191110291,1208.2232028584544,1127.9086948006607,1370.0700757313548
2023-12-27,667.0,val,0.0,1250.923641455449,1220.1262408303467,1137.8027028667098,1383.9918133818674
2023-12-28,624.0,val,0.0,1147.007252780821,1114.3355733619196,1030.3383042925484,1278.8215537634583
2023-12-29,543.0,val,0.0,756.7422403168471,719.4096347452229,631.997180478897,887.093598434988
2023-12-30,518.0,val,0.0,62.60006470624148,25.905124021907227,0.0,183.4111342561763
2023-12-31,334.0,val,0.0,95.15679731725396,56.81406747715994,0.0,214.5363695498271
2024-01-01,261.0,test,1061.0013183477408,1136.5421264579415,1118.0841875347473,1081.2258029426393,1127.5571288957285
2024-01-02,590.0,test,1038.3347924080992,1164.2930438682513,1134.2463156186568,1076.9895261986444,1157.5706582286668
2024-01-03,714.0,test,1007.1255178062559,1163.5557859130697,1126.575559782943,1057.2758426378482,1169.8208126341074
2024-01-04,729.0,test,973.5372006234032,1137.2181623863823,1097.6070835126586,1025.136140119911,1149.8411357645423
2024-01-05,631.0,test,533.464227583386,705.6066939251405,661.6289245332193,584.2816535661092,727.4715441687742
2024-01-06,175.0,test,0.0,144.89328559002354,100.05672171418837,21.50077356945235,170.94956271341482
2024-01-07,78.0,test,0.0,108.69739347428344,62.498092981161676,0.0,139.55618426627268
2024-01-08,346.0,test,931.2198170237027,1109.3775253907306,1059.6140136932531,978.0729949133699,1151.7493535564176
2024-01-09,255.0,test,1011.5358802674529,1193.2420479731547,1140.4537211806476,1057.0912487551855,1241.7722383793614
2024-01-10,227.0,test,987.5615459229864,1170.3267251122854,1115.8194408569573,1032.6373713094051,1224.3261270187108
2024-01-11,240.0,test,980.7052631535687,1162.4946922636468,1108.2307516673022,1027.593125550895,1219.8539802460282
2024-01-12,270.0,test,513.5512021202846,696.7410651662668,639.9999233637742,559.5147267876005,757.1551944185602
2024-01-13,98.0,test,0.0,78.42790142956693,22.680809487169654,0.0,136.16681234667863
2024-01-14,117.0,test,0.0,64.19323145945208,7.740650036680677,0.0,126.39589641316331
2024-01-15,508.0,test,897.156366751262,1081.647542397484,1024.3363745683805,951.3026650555054,1156.5356612938722
2024-01-16,435.0,test,987.1271259520825,1174.0396025471425,1115.4978510019193,1044.1102298143148,1254.5945800730926
2024-01-17,229.0,test,967.5292987933881,1156.2969713806692,1097.312876915596,1028.552558214084,1240.9423694236116
2024-01-18,674.0,test,962.4357657168792,1151.6405079125836,1093.9321086155194,1029.6706537174207,1238.3631275831017
2024-01-19,318.0,test,495.20244638678116,687.5353088793123,628.243288724376,565.8222982096596,776.0272739679458
2024-01-20,93.0,test,0.0,70.10224772157807,12.63901381578944,0.0,154.79970620014558
2024-01-21,117.0,test,0.0,57.23406430337252,0.0,0.0,145.52356536977982
2024-01-22,730.0,test,878.7952208122368,1077.1954771840335,1019.7183556262656,969.0730416625725,1177.616466161691
2024-01-23,1016.0,test,968.6672823179147,1170.8426358197562,1112.8955438074472,1065.1834573828155,1276.3277708111425
2024-01-24,1154.0,test,948.8821464920134,1154.1680276197903,1096.5362825404181,1052.674606581391,1263.2208381647752
2024-01-25,1500.0,test,943.665695307888,1150.5716490184755,1094.9714298101314,1056.7661495230986,1261.2649615774897
2024-01-26,906.0,test,475.76225469243764,686.9305963050881,630.5007388232597,595.2263535171678,798.9628263959709
2024-01-27,724.0,test,0.0,69.75942596451432,15.914741621599887,0.0,177.6089385342907
2024-01-28,760.0,test,0.0,57.91251207115283,4.895183117421652,0.0,169.1448147816502
2024-01-29,1372.0,test,859.7241814492565,1080.198027125136,1027.8107029709504,1007.1244357466569,1203.5989930875903
2024-01-30,1837.0,test,949.6920608643296,1174.993894384714,1122.8682174042337,1105.8958578739607,1303.403373685553
2024-01-31,1716.0,test,929.8686009977522,1159.3252734977343,1108.242424346407,1095.8220258192218,1291.2910099601393
2024-02-01,1135.0,test,924.6347277696684,1156.7482495945508,1108.4192757524925,1102.2753377527574,1290.4046845850753
2024-02-02,1080.0,test,456.1310823588509,693.5411511690775,645.0982806371412,642.4226616108697,828.57284768777
2024-02-03,866.0,test,0.0,76.6061265485639,31.461293516834075,35.501616307703216,207.5176129850721
2024-02-04,619.0,test,0.0,65.75743432881421,22.13443673365532,31.072936684847377,200.27909640029793
2024-02-05,1941.0,test,840.552751918861,1090.345519076504,1048.0251335974926,1061.0101296203125,1237.4967690283033
2024-02-06,2108.0,test,930.6262096555236,1186.2660726835688,1144.8782172004403,1161.755845038032,1338.7803055488316
2024-02-07,1694.0,test,910.7697333365903,1171.5777056233987,1131.8936669849547,1153.4145332473586,1328.0333277506127
2024-02-08,1405.0,test,905.5212688440497,1169.9925397214706,1133.7125246156947,1161.512961752731,1328.5714478455143
2024-02-09,1224.0,test,436.4181018193319,707.1892333580304,671.4332325460902,702.6174391121677,867.5468806064788
2024-02-10,712.0,test,0.0,90.45795081287906,58.62947790954104,96.36117998361931,247.1087908120345
2024-02-11,441.0,test,0.0,80.57401542649927,50.87300766282647,93.23508694539674,241.3961800945567
2024-02-12,1197.0,test,821.3011393166755,1107.4308182045513,1079.610797111593,1125.6486327870393,1281.6589494273494
2024-02-13,1376.0,test,911.4803131590846,1204.4386772783687,1178.1226176244836,1227.6063817851486,1384.679075738522
2024-02-14,1472.0,test,891.5907525540308,1190.690966587258,1166.6351395931579,1220.231311784899,1375.5309182813737
2024-02-15,1696.0,test,886.3276462003136,1190.056050528792,1169.944821955426,1229.206541811497,1377.70163447483
2024-02-16,1410.0,test,416.6241722239484,727.6121694520506,708.548427939034,770.4988603823206,917.6646989472056
2024-02-17,620.0,test,0.0,111.03800676048132,96.41211742594913,164.13934328947738,297.99540646577685
2024-02-18,1006.0,test,0.0,102.07117985718719,90.05460353005282,161.55197435227876,293.93171137070357
2024-02-19,1535.0,test,801.9691125390862,1131.1487273098492,1121.463251961242,1195.6845960104017,1337.3333638635759
2024-02-20,1430.0,test,892.2541293090122,1229.1924637544575,1221.4498475841272,1298.1023731058842,1442.1492267328263
2024-02-21,2051.0,test,872.3314385309894,1216.3318513705103,1211.2692129388863,1290.9497600381264,1434.6247653449896
2024-02-22,1140.0,test,867.053669372329,1216.591710968892,1215.873597952153,1300.0680724739038,1438.4177258237562
2024-02-23,1108.0,test,396.74912907791304,754.4491219341342,755.1575158707162,840.8254479736846,979.320788265992
2024-02-24,764.0,test,0.0,137.9717956915273,143.48028075621875,233.65288943582158,360.33502690272496
2024-02-25,910.0,test,0.0,129.86087914105184,138.30895374906004,230.9101470396999,357.79809883925185
2024-02-26,1846.0,test,782.5565539891815,1161.097764712259,1172.1721674324235,1266.0855787192013,1404.17980899256
2024-02-27,1920.0,test,872.9475472242364,1260.1126339639231,1273.4108271614323,1368.3033455496518,1510.5913654795263
2024-02-28,1820.0,test,852.9916844014025,1248.0723677734748,1264.3094045709947,1360.7320151004137,1504.450681493621
2024-02-29,1865.0,test,847.699233911208,1249.1584614063488,1269.9763471406573,1369.3726047969506,1509.5861875966107
2024-03-01,1246.0,test,376.79286839016726,787.2460932800625,809.7033774959735,908.9951038592512,1051.108838573893
2024-03-02,1042.0,test,0.0,170.79251620369735,198.24367542308073,300.4321190659098,432.44632824481494
2024-03-03,1140.0,test,0.0,163.4636473449919,194.0140613531766,296.98144052337926,431.03801487155636
2024-03-04,1849.0,test,763.0633618442549,1196.785943917373,1230.0853383484332,1332.6736533102858,1479.9652586025763
2024-03-05,1798.0,test,853.56046535376,1296.694824544949,1332.3246600070856,1434.1898507875956,1587.4983993228138
2024-03-06,962.0,test,833.5713886052766,1285.3959245835533,1324.0476685952349,1425.7248764535418,1582.2305049884794
2024-03-07,1971.0,test,828.2642382483838,1287.2276356643101,1330.5194372338842,1433.4404611481539,1588.1621707418165
2024-03-08,1659.0,test,356.7552876357467,825.4624978468142,870.428375903902,971.5084368152674,1129.7230902678475
2024-03-09,1151.0,test,0.0,208.9478228361379,258.92226010938816,361.1641653429449,510.7698177595056
2024-03-10,874.0,test,0.0,202.31554386117097,255.3690984064375,356.64521151144925,509.8468076358664
2024-03-11,2116.0,test,743.4894343052589,1237.637898144329,1293.3827831028066,1392.5255471290548,1560.6498572281562
2024-03-12,2110.0,test,834.0927820644122,1338.3524109110697,1396.353852430887,1493.0405660927324,1668.6065762460976
2024-03-13,1629.0,test,814.0704494543601,1327.7048127687199,1388.6306531775226,1483.412978512571,1663.4892228375775
2024-03-14,2165.0,test,808.7485806707135,1330.1906171565017,1395.6353213684297,1489.9656588205337,1669.4733237754692
2024-03-15,1627.0,test,336.63628414113987,868.4789906497106,935.4524384851684,1026.2716835969436,1210.3090134450679
2024-03-16,596.0,test,0.0,251.80782516005434,323.625111663551,413.9697285332205,590.285131690176
2024-03-17,1092.0,test,0.0,245.7763204360116,320.4739713932323,408.2382727868585,589.0557471396608
2024-03-18,1337.0,test,723.8346694357251,1283.0032128720782,1360.1569205054518,1444.1952370883369,1640.9350283824263
2024-03-19,2233.0,test,814.5443955887657,1384.4250028466743,1463.585014202022,1543.6270819855506,1748.5069614325562
2024-03-20,2487.0,test,794.4887651282153,1374.3288616069706,1456.1408373216113,1532.785379551726,1742.7279236205047
2024-03-21,1563.0,test,789.1521593342943,1377.3676529884597,1463.404022510058,1538.1539843662654,1747.9519429851885
2024-03-22,1995.0,test,316.4357551018091,915.6064368268791,1002.8548003450067,1072.7060293891923,1287.252002875458
2024-03-23,318.0,test,0.0,298.6742099519952,390.43233873112496,458.4834803686156,665.3532634336075
2024-03-24,242.0,test,0.0,293.13869335275837,387.4113162137514,451.6062966598038,663.0244324964372
2024-03-25,1684.0,test,704.098965170247,1332.1658452874176,1428.4945573242676,1487.7363448646222,1715.202382216042
2024-03-26,2109.0,test,794.9152040307852,1434.1880084330733,1532.1107499586672,1586.20735918911,1821.6268615103497
2024-03-27,1495.0,test,774.8262336777918,1424.535144260343,1524.6782377107043,1574.300227474763,1814.4434703044096
2024-03-28,1144.0,test,769.4748722666126,1428.0176983074286,1531.9345676354376,1578.6590917548558,1818.1883638308616
2024-03-29,930.0,test,296.15359758340827,966.0958918519225,1070.7550781791808,1111.6554377132936,1355.259719518266
2024-03-30,960.0,test,0.0,348.79035431598754,457.47570822618616,495.73399992114776,730.8228728556377
2024-03-31,749.0,test,0.0,343.6385864704789,454.3265907995575,487.9563047604746,726.7658985508544
2024-04-01,285.0,test,684.2822193145536,1384.354494209708,1496.5563613407708,1524.5277009666654,1778.6522873916633
2024-04-02,1509.0,test,775.2051053657856,1486.8631277903353,1600.108427845619,1622.3249582237065,1883.376395456162
2024-04-03,1428.0,test,755.0827530253238,1477.538592228609,1592.438389012671,1609.6583153757038,1874.2774978901684
2024-04-04,1624.0,test,749.71661736641,1481.3491483269424,1599.442096830799,1613.3311116443886,1876.076735630636
2024-04-05,1809.0,test,275.78970852163263,1019.1494479535942,1137.389426427403,1145.1111063942303,1410.4989442018355
2024-04-06,1565.0,test,0.0,401.3522832886345,523.0137680302801,527.8449322579396,783.1525019373437
2024-04-07,1642.0,test,0.0,396.4661967720214,519.5020851707392,519.5354459778862,777.0484869958799
2024-04-08,3197.0,test,664.384329545346,1438.7537703073533,1562.6496809910923,1556.930716598659,1828.3797312345246
2024-04-09,2448.0,test,755.4139974402652,1541.6296246567945,1665.911732466436,1654.4460351656269,1931.1927467977114
2024-04-10,1837.0,test,735.2582209641583,1532.5133649563206,1657.7825554598558,1641.4207836369844,1920.0235592732693
2024-04-11,2671.0,test,729.8772924035095,1536.531302596987,1664.3166604906978,1644.816191739802,1919.7796900001726
2024-04-12,2436.0,test,255.343984722041,1073.9317896565403,1201.177848840317,1175.7940244516376,1451.5125530559637
2024-04-13,1811.0,test,0.0,455.52031323110214,585.4976035165503,557.6017832436792,821.2748246116756
2024-04-14,1776.0,test,0.0,450.7777221617735,581.4210554244668,549.1832903006732,813.2025477086853
2024-04-15,1375.0,test,644.405193410126,1494.5160048307723,1625.2909913214453,1587.8284739532853,1864.1188850908636
2024-04-16,1371.0,test,735.5417779717396,1597.6362125629032,1728.071359378331,1685.4865585390255,1965.2182656216405
2024-04-17,965.0,test,715.3525351585954,1588.6048099302238,1719.2966125975927,1672.5258226604465,1952.234720115794
2024-04-18,1066.0,test,709.956795018659,1592.7063954857604,1725.1802292454859,1676.0640699840797,1950.261690568548
2024-04-19,848.0,test,234.816322859901,1129.5822910875263,1260.779279789425,1206.654821975716,1479.6752105771516
2024-04-20,432.0,test,0.0,510.43121237985724,643.6239357872569,587.945470097137,846.9716174475615
2024-04-21,257.0,test,0.0,505.7075816624719,638.8187868488219,579.8205179466491,837.4119847091121
2024-04-22,1350.0,test,624.3447083270398,1550.7735258391424,1683.254872388645,1620.1110017940082,1888.4489025152784
2024-04-23,1235.0,test,715.5883445485828,1654.01338345513,1785.4018617068537,1718.2956252861156,1988.4185893674558
2024-04-24,1423.0,test,695.3655931437253,1644.9418400521456,1775.8357176103466,1705.7714852718973,1974.2524783093486
2024-04-25,1785.0,test,689.9550227233666,1649.0020186388756,1780.9291461152304,1709.811837608454,1971.2276431907114
2024-04-26,1773.0,test,214.20661948002123,1185.2274798448555,1315.1317790304201,1240.359932261979,1499.0409870399462
2024-04-27,1584.0,test,0.0,565.2107024381478,696.3730225370019,621.4623213591354,864.6301313994555
2024-04-28,1541.0,test,0.0,560.3809510292502,690.718167124698,613.9441823336938,854.3795643302959
2024-04-29,3086.0,test,604.2027715847153,1606.651224127597,1735.607223824831,1656.1772091719479,1906.3687830496929
2024-04-30,3311.0,test,695.5535946298652,1709.8860002178383,1837.0124779160737,1755.1654517485904,2006.0681185555186
2024-05-01,2001.0,test,675.2972923252677,1700.6495490291609,1826.55272498852,1743.3350965242919,1991.604343077297
2024-05-02,2241.0,test,669.8718728997395,1704.5437555047524,1830.7601076396554,1748.114100687258,1988.4345007497038
2024-05-03,1304.0,test,193.51477099658854,1239.993686920266,1363.476058761269,1278.8338058343847,1515.5713359384154
2024-05-04,1547.0,test,0.0,618.9861201510148,743.029714422112,659.9396083915378,880.3902050746506
2024-05-05,1197.0,test,0.0,613.9264322310647,736.44825832442,653.1977849571606,870.3963333333735
2024-05-06,1906.0,test,583.9792803420951,1661.279226865904,1781.7213417306232,1697.520687191085,1924.2926576254051
2024-05-07,2029.0,test,675.4374255451879,1764.3859707189138,1882.320705818535,1797.4340402664845,2024.6751109675934
2024-05-08,1090.0,test,655.1475299794055,1754.8618820757495,1870.9092528402236,1786.3938744676223,2010.8630422194567
2024-05-09,1352.0,test,649.7072428003191,1758.4678449437783,1874.1787206417766,1791.9825928965183,2008.4892324706962
2024-05-10,2083.0,test,172.74067369300218,1293.0196994677146,1405.3615319517726,1322.9184987212925,1535.87679928131
2024-05-11,1449.0,test,0.0,670.899055489622,783.1869990296213,704.0460357896904,900.8349833650161
2024-05-12,1570.0,test,0.0,665.488673310683,775.6453435447083,698.073535183464,891.9869086583612
2024-05-13,2967.0,test,563.6741316282757,1713.805495399738,1821.2764779362674,1744.4545437512777,1948.6554631774
2024-05-14,3440.0,test,655.239734494521,1816.6648198243652,1921.048387353133,1845.2333306287514,2050.553785026929
2024-05-15,2573.0,test,634.9162032526234,1806.734178421454,1908.6693089803618,1834.8970742957802,2038.1913012948037
2024-05-16,2366.0,test,629.4610295479185,1809.9336905175653,1910.9906883066315,1841.182920796552,2037.3727009581885
2024-05-17,1180.0,test,151.8842237217096,1343.4692331725212,1440.63507994879,1372.1955581680172,1565.726550464639
2024-05-18,1181.0,test,0.0,720.1177834094542,816.7323743754964,753.1792362664985,931.4928101470473
2024-05-19,1225.0,test,0.0,714.2407558532192,808.2369334620944,747.785851279393,924.4104893443688
2024-05-20,1613.0,test,543.2872223423437,1763.4081647638625,1854.239509540536,1796.0112349083588,1984.4198974165483
2024-05-21,1189.0,test,634.9604185480395,1865.9059773047586,1953.20107375739,1897.4156123394423,2088.344063727071
2024-05-22,1817.0,test,614.6032091615424,1855.4554039743466,1939.8763870677044,1887.5191578615566,2077.8812138606663
2024-05-23,1438.0,test,609.1331301354564,1858.1360342895937,1941.2766752511438,1894.2145922854959,2079.0054548169946
2024-05-24,1491.0,test,130.9453171040377,1390.543043586776,1469.4137270353358,1424.992936847745,1608.647332374481
2024-05-25,893.0,test,0.0,765.8493091365851,843.8183760466404,805.4995225541466,975.4759302991403
2024-05-26,1404.0,test,0.0,759.3961706588018,834.4101916344689,800.3318272409924,970.3458048733964
2024-05-27,1819.0,test,522.8184492532059,1809.3074461974418,1880.8313103744604,1850.0295495607768,2033.8139290302538
2024-05-28,1344.0,test,614.5993746459554,1911.336603671021,1979.0323935619224,1951.6667563794254,2139.8077651153008
2024-05-29,1933.0,test,594.2084445927541,1900.2598969778937,1964.8158838019003,1941.7989288099266,2131.215004120896
2024-05-30,529.0,test,588.7234414257929,1902.3166188273913,1965.352828833231,1948.4756394697285,2134.1787002873352
2024-05-31,295.0,test,109.92384973002908,1433.4905010258194,1492.0433229310197,1478.5746170886541,1664.9299923165688
2024-06-01,103.0,test,0.0,807.3508525332277,864.8194800709855,858.1439572378249,1032.567633456992
2024-06-02,567.0,test,0.0,800.2202081789128,854.5671189452437,852.7291246786967,1029.0635795655471
2024-06-03,909.0,test,502.26770899943153,1850.7769202805223,1901.48028017441,1903.4156337734048,2095.5929373143063
2024-06-04,3072.0,test,594.1564995983603,1952.2387826691854,1998.9959915200607,2004.7896182253303,2203.184392597532
2024-06-05,3049.0,test,573.7318063026617,1940.4384565519533,1983.9655144301842,1994.4444985181303,2195.918043900723
2024-06-06,3085.0,test,568.2318601515701,1941.7751685084463,1983.7197397669331,2000.58827198859,2200.1077029322623
2024-06-07,1900.0,test,88.81971735827995,1471.6204613896448,1509.0461186738437,1529.486018714148,1731.2859918466165
2024-06-08,1388.0,test,0.0,843.9406052177711,880.2783657650219,907.5905274945501,1098.984146087177
2024-06-09,778.0,test,0.0,836.0405987517427,869.2695765687714,901.3978748227246,1096.2956189637703
2024-06-10,1656.0,test,481.63489808908673,1887.1540571361443,1916.7662021814353,1952.541531276356,2165.0173322832115
2024-06-11,2142.0,test,573.6316900850579,1987.9599183361706,2013.6882966299058,2053.1180819339706,2273.2781470510085
2024-06-12,2662.0,test,553.1731909173128,1975.3486135255287,1997.9370681611979,2041.7616558543618,2266.3556276002028
2024-06-13,2885.0,test,547.658282915044,1975.8795310907517,1997.0032629836294,2046.8403547802116,2270.738204750828
2024-06-14,2140.0,test,67.63281561577008,1504.3112754700255,1521.06073197567,1574.007330747755,1801.262852007099
2024-06-15,829.0,test,0.0,875.0076046466276,890.8451055256654,950.1220437218005,1167.8979978819905
2024-06-16,1461.0,test,0.0,866.2572485368785,879.1777809386838,942.6338276555202,1164.8645001834193
2024-06-17,2724.0,test,460.9199128995673,1917.8498113368178,1927.3581247258733,1993.7262408986358,2234.5864864853597
2024-06-18,3615.0,test,553.024842655399,2017.9221860388072,2023.7858723758543,2093.0046615837286,2342.293539526726
2024-06-19,3430.0,test,532.5324949322336,2004.4239348116287,2007.4133096052701,2080.1466299942144,2334.467236530899
2024-06-20,2891.0,test,527.0026061879189,2004.0748326701028,2005.8910532138736,2083.6819351023087,2337.7758538169564
2024-06-21,1661.0,test,46.3630399976966,1531.0197917812434,1528.7784001889258,1608.6523947701266,1866.3648185865193
2024-06-22,1194.0,test,0.0,900.020582154247,897.2132186245349,982.3259645345053,1230.645565413581
2024-06-23,1215.0,test,0.0,890.3509301463803,884.9862419108501,973.1077009124999,1225.9732270078275
2024-06-24,3354.0,test,440.1226496774343,1942.3571525549658,1933.9502672972224,2023.7331728924391,2295.4053446078337
2024-06-25,3688.0,test,532.3358537281161,2041.6309006192375,2029.981374139586,2121.314653091812,2401.2734300495026
2024-06-26,2560.0,test,511.8096147122644,2027.1822265713786,2013.0840707557493,2106.5755346303845,2391.2701365658813
2024-06-27,2604.0,test,506.2647263111834,2025.8915134355004,2011.0688744626011,2108.2085886207674,2392.249170403806
2024-06-28,2458.0,test,25.01028586730746,1551.289222528824,1532.8795897931632,1630.6445787830444,1917.6687128541155
2024-06-29,1426.0,test,0.0,918.5356568075599,900.0566627176004,1001.5614444900023,1278.3890580907964
2024-06-30,1245.0,test,0.0,907.8908021081538,887.3612177028888,990.3220716667555,1270.9063654168613
2024-07-01,2393.0,test,419.24300453824833,1960.258408410119,1937.200019617033,2040.2155819495117,2338.9175170930407
2024-07-02,2924.0,test,511.5646195911602,2058.6816804530863,2032.9221723090534,2135.858837392689,2441.8567134651266
2024-07-03,1278.0,test,491.00444649139666,2043.2325173631743,2015.585577139505,2119.023104703404,2428.6341483339256
2024-07-04,2537.0,test,485.4445394949478,2040.952127842852,2013.1607072138856,2118.5649911505984,2426.2937847066487
2024-07-05,2236.0,test,3.574448455738832,1564.7557587955496,1533.9749615799838,1638.3040267910847,1947.609944741861
2024-07-06,1062.0,test,0.0,930.202763646734,899.9717327564788,1006.3291489066213,1303.8965736035875
2024-07-07,472.0,test,0.0,918.5406482592539,886.8836220069868,992.9626914194794,1292.7964013794267
2024-07-08,2372.0,test,398.28087346640893,1971.2313131684061,1937.671930067475,2042.0483681812289,2358.6502281854455
2024-07-09,3745.0,test,490.71103640153706,2068.766303665219,2033.155493687941,2135.7048063160537,2457.9942079771117
2024-07-10,2874.0,test,470.11688637260715,2052.2807201417972,2015.4468123369434,2116.7526422394812,2440.960923134546
2024-07-11,2861.0,test,464.5419418182763,2048.9768107219643,2012.676404571122,2114.212638081127,2434.787677655866
2024-07-12,1892.0,test,0.0,1571.1538391387844,1532.5543852203791,1631.2923663606698,1951.5664601864441
2024-07-13,1184.0,test,0.0,934.7707232137868,897.4274990068191,996.4922272110991,1303.0676903632234
2024-07-14,1638.0,test,0.0,922.0637467056138,884.0009486217418,981.0950680163596,1288.0841459221083
2024-07-15,3284.0,test,377.236152314983,1975.0536746926327,1935.7911781615144,2029.4996773528421,2351.6029611911626
2024-07-16,2308.0,test,469.7750001851392,2071.677171689132,2031.0835010177314,2121.323059517024,2447.259258168484
2024-07-17,3080.0,test,449.14683032769244,2054.1338911062608,2013.0462616869113,2100.436158459305,2426.410540045058
2024-07-18,3390.0,test,443.5568292290237,2049.7873301525888,2009.9701551243238,2096.02365153625,2416.488154560815
2024-07-19,2495.0,test,0.0,1570.3199952954212,1528.9471740563822,1610.6798731872304,1928.9008457729578
2024-07-20,1172.0,test,0.0,932.0908789484117,892.7278642451565,973.3166006468282,1275.8758538895017
2024-07-21,1177.0,test,0.0,918.326297832403,878.9911991932161,956.1777163073473,1257.3569728265566
2024-07-22,2333.0,test,356.10873680554175,1971.6065920527537,1931.8094185673554,2004.217028878254,2318.9775565850387
2024-07-23,3100.0,test,448.7564068365807,2067.3103155254107,2026.9310965698978,2094.5459990572217,2411.4661609315312
2024-07-24,3185.0,test,428.09417419710144,2048.70302371664,2008.5817162240821,2072.08629915636,2387.4052021621656
2024-07-25,3456.0,test,422.4890975436665,2043.3096684128323,2005.212325454193,2066.1857756091326,2374.4182438945145
2024-07-26,2612.0,test,0.0,1562.195219298118,1523.2960017913656,1578.823749779187,1883.2273645350776
2024-07-27,1379.0,test,0.0,922.1192497715931,885.9875876102246,939.32281201711,1226.5144966125238
2024-07-28,1090.0,test,0.0,907.2993617180317,871.941044517615,920.8879398585916,1205.3729899288537
2024-07-29,3260.0,test,334.8985225279938,1960.8761771969484,1925.7851074319997,1969.0274627927217,2266.0799284939085
2024-07-30,3423.0,test,427.655152119032,2055.6669011604004,2020.728438305874,2058.34294619958,2356.449450347477
2024-07-31,3020.0,test,406.95881368977155,2036.004337414874,2002.055000707072,2034.8068058371955,2330.2866435899323
2024-08-01,2542.0,test,401.3386424471396,2029.575093620735,1998.3764192498265,2027.928924835758,2315.4033092041373
2024-08-02,1856.0,test,0.0,1546.825817720541,1515.5461090854315,1539.071471033077,1821.8293809411743
2024-08-03,1003.0,test,0.0,904.9171666817067,877.1237522110573,897.9669430446738,1162.6974033103734
2024-08-04,1311.0,test,0.0,889.0592768927366,862.7395638278581,878.7811576507702,1140.2469831644216
2024-08-05,2519.0,test,313.6054049404207,1942.9537557487981,1917.57952112997,1927.5761740015066,2201.3947255493817
2024-08-06,3127.0,test,406.47113166405506,2036.8532123425398,2012.3092429801907,2016.4390396955973,2291.030900612402
2024-08-07,2596.0,test,385.740644382963,2016.1590423853518,1993.2725630710054,1992.3926902727383,2264.1795715998082
2024-08-08,1886.0,test,380.10535949267023,2008.7197065487182,1989.2419522061323,1985.1077002805923,2248.8354822703322
2024-08-09,2141.0,test,0.0,1524.3627406797718,1505.4504600946113,1495.3267573309377,1754.3297720846565
2024-08-10,1181.0,test,0.0,880.650384143464,865.8631966110745,853.1912071895913,1094.2405013308917
2024-08-11,1116.0,test,0.0,863.7865543770117,851.0879416398882,833.8273234520707,1071.94937762629
2024-08-12,2289.0,test,292.2292793689086,1918.034544022465,1906.868706015,1883.850005940757,2135.007620465768
2024-08-13,2162.0,test,385.20424097143564,2011.0791109657898,2001.324973481566,1972.8270890248436,2225.3716411184773
2024-08-14,1895.0,test,364.4395617220914,1989.3915837621882,1981.8618812013606,1948.8317667203544,2199.280415388923
2024-08-15,1148.0,test,358.7891441016107,1980.982469174268,1977.4130572550014,1941.6939507187049,2184.906135389745
2024-08-16,1243.0,test,0.0,1495.059395313792,1492.590522390457,1451.5345416084288,1690.874464220615
2024-08-17,849.0,test,0.0,849.5866791392078,851.7654429023307,808.9027227767133,1031.204021068252
2024-08-18,236.0,test,0.0,831.7632630172037,836.5245147149719,789.8849246587549,1010.4147677045654
2024-08-19,708.0,test,270.77004100738066,1886.4148214163208,1893.1706123061956,1841.6481104427914,2076.6881078393562
2024-08-20,1906.0,test,363.8543754090156,1978.654997358015,1987.274025019648,1931.2363423858342,2169.0372377281924
2024-08-21,2041.0,test,343.0554610205597,1956.0263907118479,1967.3026641806648,1907.772983026761,2144.9127894698704
2024-08-22,2102.0,test,337.3898915632704,1946.701743518827,1962.3516610588642,1901.2461257943467,2132.6598729741245
2024-08-23,1706.0,test,0.0,1459.267975400835,1476.4113763628538,1411.152803527003,1640.1931105282767
2024-08-24,1149.0,test,0.0,812.0919726548634,834.2596942065131,768.4492832072699,981.9679940506403
2024-08-25,288.0,test,0.0,793.3689439857669,818.463610428318,750.1821357002341,963.6403103170333
2024-08-26,1396.0,test,249.22758491743411,1848.4876391364628,1875.8857237311486,1804.0699196946628,2034.018772704461
2024-08-27,2245.0,test,342.4214302125305,1939.9873144976436,1969.544094146719,1894.6286968798631,2129.165687332207
2024-08-28,2452.0,test,321.5882374595956,1916.4831774733293,1948.9709065526338,1872.032269164989,2107.7419011065977
2024-08-29,2272.0,test,315.9074970347528,1906.3103909019642,1943.4231672061155,1866.4261396877232,2098.262841377423
2024-08-30,1759.0,test,0.0,1417.434360277771,1456.2689689284848,1376.6817979481489,1607.928562799532
2024-08-31,997.0,test,0.0,768.6250297720101,812.6935984415106,734.1622691401503,951.6298842665451
2024-09-01,1248.0,test,0.0,749.0751136153832,796.2457581750635,716.8746984490322,936.1582214769094
2024-09-02,2036.0,test,227.60180602816797,1804.7371273995846,1854.348652264124,1773.0892415092426,2010.9490366034372
2024-09-03,2684.0,test,320.90530048543724,1895.572661269847,1947.4650907098908,1864.7902139733528,2109.1084486088666
2024-09-04,2339.0,test,300.0377860880794,1871.2708644096358,1926.1930496389948,1843.2026336099339,2090.5085257103146
2024-09-05,2435.0,test,294.3418555407835,1860.3295025870248,1919.951797393831,1838.6291613282508,2083.834909149194
2024-09-06,1720.0,test,0.0,1370.0916569351139,1431.4865635151905,1349.3146010465957,1595.5720943495837
2024-09-07,1303.0,test,0.0,719.7308151232654,786.3907345634398,707.0289587737296,941.0472483076346
2024-09-08,1090.0,test,0.0,699.4384341809204,769.1961379337731,690.7409483558968,928.1898061985264
2024-09-09,1184.0,test,205.8925991360187,1755.731483562412,1827.8874737719332,1749.2728937726388,2007.0640109895635
2024-09-10,2087.0,test,299.30588119875165,1845.9906000183664,1920.3692841281443,1842.0741930050183,2107.8170792520777
2024-09-11,1864.0,test,278.40400182238244,1820.9802071103554,1898.3068608767198,1821.4224426179753,2091.5358824089617
2024-09-12,1667.0,test,272.6928619735497,1809.3608526156033,1891.2821252281558,1817.7777999700018,2087.078719505963
2024-09-13,823.0,test,0.0,1317.8524788167688,1401.4168487974077,1328.7578345361696,1600.2160441528424
2024-09-14,150.0,test,0.0,666.0325999421152,754.7132158740014,686.5403531083981,946.7148566291436
2024-09-15,695.0,test,0.0,645.0926515349885,736.6875970447438,671.0572315526387,935.647409893675
2024-09-16,766.0,test,184.0998589045962,1702.114742728749,1795.8870765224246,1731.6841311835858,2017.711098547134
2024-09-17,1756.0,test,277.62306719088167,1791.895262559271,1887.654901349326,1825.332951119387,2120.093775375826
2024-09-18,2320.0,test,256.68677944619753,1766.2752402960814,1864.725198500508,1805.335821639168,2105.1028720278737
2024-09-19,2563.0,test,250.96041109252786,1754.0781821345367,1856.8429245679715,1802.3113202595732,2101.7738660100113
2024-09-20,2060.0,test,0.0,1261.4000731485994,1365.5057873959563,1313.2498098303754,1615.16665658075
2024-09-21,1468.0,test,0.0,608.2229350186531,717.1254556315807,670.7382874686954,961.4934218229605
2024-09-22,1623.0,test,0.0,586.739416362114,698.2042492488772,655.6739446134184,950.9757708633995
2024-09-23,2433.0,test,162.22347986450882,1644.5974500182592,1757.8525102300705,1717.9874967232877,2034.9502320376505
2024-09-24,2484.0,test,255.85675316745497,1734.0058762246083,1848.8491426449993,1812.051292695688,2137.6463026288884
2024-09-25,2603.0,test,234.8860136103686,1707.8836604403095,1824.9986110939487,1792.2544721318568,2122.599069491549
2024-09-26,1492.0,test,229.14439752431548,1695.217441441998,1816.2092702048217,1789.375459639608,2119.026899616254
2024-09-27,1259.0,test,0.0,1201.4784252963443,1323.3541355248447,1299.7779238181693,1631.283663836576
2024-09-28,535.0,test,0.0,547.0536202975447,673.2550240684254,656.4599090200369,976.0329493160417
2024-09-29,1151.0,test,0.0,525.1381219849816,653.4015881434204,641.2865239708663,964.6529906046422
2024-09-30,1779.0,test,140.26335641319793,1583.9463695880545,1713.4682757813987,1704.7456813191818,2049.126001830262
2024-10-01,2018.0,test,234.00683370115385,1673.096347144544,1803.6665682973132,1798.6685273900482,2150.72453397502
2024-10-02,1620.0,test,213.00159883272593,1646.586286394746,1778.8727428868638,1778.504067677557,2134.2186706322896
2024-10-03,639.0,test,207.2447157624667,1633.566131074684,1769.1588844722783,1775.1923557584666,2129.015460446426
2024-10-04,534.0,test,0.0,1138.8814834688258,1274.7726547611558,1284.47120646166,1638.7671881149433
2024-10-05,371.0,test,0.0,483.32481638587643,622.9466504093788,639.7518714349061,980.5948379124422
2024-10-06,1016.0,test,0.0,461.0949058988806,602.1592058691072,623.8702550015287,967.040137022682
2024-10-07,2317.0,test,118.2193828147731,1520.9733794484905,1662.6496884315245,1687.8738578145885,2050.73697654096
2024-10-08,2213.0,test,212.07320323154968,1609.9840516307277,1752.059035655403,1781.051185365489,2150.0016474695976
2024-10-09,2414.0,test,191.033429497919,1583.2057506569593,1726.336775618084,1759.9141557022585,2130.8457064062427
2024-10-10,1305.0,test,185.2612601673235,1569.9518963062617,1715.7190165424827,1755.5663918507798,2122.8696619677426
2024-10-11,1432.0,test,0.0,1074.4416598221933,1219.8273631661295,1263.1208221532897,1629.027497953521
2024-10-12,989.0,test,0.0,417.8734556659107,566.3057820524722,616.4041630283368,966.9022933610838
2024-10-13,499.0,test,0.0,395.4509743223975,544.6225985079009,599.2260596735059,950.204716760888
2024-10-14,2039.0,test,96.09145319984157,1456.523712906665,1605.5828695754412,1663.1960263465771,2032.224785216143
2024-10-15,2197.0,test,190.05575606493292,1545.51799799213,1694.2538195094244,1755.0584877495698,2128.321551201714
2024-10-16,2341.0,test,168.98139985724688,1518.5945850617406,1667.6596218857217,1732.3912932271842,2105.752756657427
2024-10-17,2570.0,test,163.19392496584678,1505.230540239823,1656.2006553392234,1726.4635146661774,2094.3152830849635
2024-10-18,1692.0,test,0.0,1009.0177745006496,1158.8717166272158,1231.7640672522673,1596.2661406889993
2024-10-19,1144.0,test,0.0,351.56112085160214,503.72868554925077,582.5372658048399,929.6531635015604
2024-10-20,880.0,test,0.0,329.0704188566152,481.2311403149948,563.5692874531082,909.3593019630794
2024-10-21,2568.0,test,73.87946156533917,1391.4637169336208,1542.75055030738,1627.0338999157045,1989.3329759837986
2024-10-22,2443.0,test,167.95438637414455,1480.5665302327538,1630.7772035702797,1717.1297861557996,2081.9727885217944
2024-10-23,1515.0,test,146.8454040284901,1453.6228734479096,1603.411265709798,1692.5035001601466,2055.785112319266
2024-10-24,2082.0,test,141.04260425144832,1440.2736290976118,1591.2175829649086,1684.5911659255198,2040.763812849998
2024-10-25,1712.0,test,0.0,943.482617216848,1092.563341595675,1187.2582527156035,1538.4679278208407
2024-10-26,864.0,test,0.0,285.2615665404573,435.916827807258,535.1684749089632,867.4103704900806
2024-10-27,899.0,test,0.0,262.82770170102515,412.73008528804934,514.0869738441588,843.6473769909302
2024-10-28,1897.0,test,51.58330177436221,1326.6683047475578,1474.9416680427753,1576.753624857422,1921.7857175270692
2024-10-29,2139.0,test,145.76898819840838,1416.0047517151354,1562.4616496478056,1664.8192924039554,2011.2580161958056
2024-10-30,1874.0,test,124.62533599574242,1389.165650123708,1534.4674846175553,1638.0015738930808,1981.8194406331638
2024-10-31,1523.0,test,118.80719198382246,1375.9558692172657,1521.6886329177319,1627.9047895021909,1963.6592061382655
2024-11-01,895.0,test,0.0,878.7103065143759,1021.8638155574897,1127.7710473338823,1457.6351798367223
2024-11-02,602.0,test,0.0,219.84806448278343,363.8741678533111,472.6847607450512,782.7235387852252
2024-11-03,517.0,test,0.0,197.5949906742818,340.1653621946358,449.3919470745627,756.1527366653016
2024-11-04,2102.0,test,29.202867555998637,1263.0082843339433,1403.2436597277033,1511.1999040162239,1833.1858432838233
2024-11-05,2297.0,test,123.49945544316157,1352.701850929463,1490.4355869152084,1597.2090396061005,1920.282052183857
2024-11-06,2110.0,test,102.32108960924111,1326.0902266353958,1461.9971357970196,1568.2097623661768,1888.4436671821857
2024-11-07,2047.0,test,96.48758198877603,1313.142438570175,1448.8224769321064,1555.975146175328,1868.0518926805917
2024-11-08,1556.0,test,0.0,815.5636297846455,948.0209613206048,1053.1234223878885,1359.2586039969126
2024-11-09,815.0,test,0.0,156.18075584341227,288.8869682851532,395.16039296239467,681.4999173950962
2024-11-10,517.0,test,0.0,134.2295274634594,264.86091585541203,369.8142445947459,653.1740456646397
2024-11-11,1795.0,test,6.738052505158521,1201.337746420133,1329.0173485583289,1430.9603850849333,1730.1970388476072
2024-11-12,1925.0,test,101.14568187988644,1291.5085129257725,1416.095862592411,1515.1454900290782,1816.0460595002505
2024-11-13,1670.0,test,79.93255858519879,1265.2436303822092,1387.4321921758276,1484.2339095243972,1782.967880072169
2024-11-14,1661.0,test,74.08366795806008,1252.6764562761866,1374.0852707663162,1470.1673869902347,1761.5314571010558
2024-11-15,1429.0,test,0.0,754.8815473893549,872.5341296814426,964.9391171248748,1251.1771122913128
2024-11-16,882.0,test,0.0,95.09419362967256,212.48674481447415,304.47633763135366,571.7969779016331
2024-11-17,577.0,test,0.0,73.56121204390249,188.37935635664326,277.4900581832328,542.9561112438522
2024-11-18,1542.0,test,0.0,1142.4816945612465,1253.8553284160153,1338.4238475888505,1621.2199078495291
2024-11-19,1441.0,test,78.7075611459401,1233.2445987260892,1341.0638998774346,1421.2667364959452,1707.0747180340882
2024-11-20,1006.0,test,57.45963650563358,1207.4403370006428,1312.4217148018095,1388.9575229306952,1674.0090844891743
2024-11-21,1260.0,test,51.59534344920091,1195.3667715903307,1299.1524846191235,1373.6059185919873,1652.7755861375185
2024-11-22,469.0,test,0.0,697.4670418630344,797.1039340495363,866.5783132850117,1142.0976730216603
2024-11-23,334.0,test,0.0,37.38525570543413,136.39795380568614,204.22283244024678,462.3199522082793
2024-11-24,549.0,test,0.0,16.38058308144099,112.46765068855933,176.23338112801707,434.171927225852
2024-11-25,2001.0,test,0.0,1087.2240964872092,1179.525713212723,1237.6211728249039,1514.8653487044407
2024-11-26,1793.0,test,56.18498674438652,1178.6872711523033,1267.1275609684985,1319.8131247306455,1601.8877352890827
2024-11-27,1879.0,test,34.90221681820009,1153.4504741868518,1238.7718878098285,1286.822456245844,1569.9675919806602
2024-11-28,1020.0,test,29.022501885329813,1141.9762492104148,1225.847170542298,1270.925630655957,1550.0379933359686
2024-11-29,1322.0,test,0.0,644.0754881724354,723.5688129710968,762.8599681856733,1040.1013096974891
2024-11-30,622.0,test,0.0,0.0,62.47291466891295,99.39346062650316,360.95229665389746
2024-12-01,336.0,test,0.0,0.0,38.99047178614728,71.20253109576907,334.48381774667706
2024-12-02,1478.0,test,0.0,1036.2965297603666,1107.9039813015195,1133.8650948741188,1418.55238795473
2024-12-03,1344.0,test,33.577852043826084,1128.5597390402404,1196.1715574312923,1216.2410808627133,1507.640148123074
2024-12-04,1438.0,test,12.260192836019957,1103.9886677980185,1168.3750671178502,1183.4177285669907,1477.7153127332958
2024-12-05,1478.0,test,6.365036555014758,1093.2107205662383,1156.0677235394044,1167.8366870668003,1459.8899432255237
2024-12-06,762.0,test,0.0,595.4037134630908,653.8315793218524,659.6036199157134,951.4427950203506
2024-12-07,371.0,test,0.0,0.0,0.0,0.0,273.61816917503756
2024-12-08,398.0,test,0.0,0.0,0.0,0.0,249.47296698594823
2024-12-09,1112.0,test,0.0,990.3675861853944,1040.8963579615931,1033.2298817402116,1337.5086702931765
2024-12-10,1288.0,test,10.886050278226236,1083.5207828544658,1130.0999379559325,1116.6845414603717,1429.1973032586204
2024-12-11,1429.0,test,0.0,1059.7036917715368,1103.1314558981933,1084.9240134570246,1401.7483652679932
2024-12-12,1334.0,test,0.0,1049.708761105966,1091.7088282655595,1070.5534280631032,1386.4532253792581
2024-12-13,1086.0,test,0.0,552.0799047379198,589.7797227250244,563.0440972519875,879.8663109614664
2024-12-14,463.0,test,0.0,0.0,0.0,0.0,203.68267554898756
2024-12-15,388.0,test,0.0,0.0,0.0,0.0,182.12572432185482
2024-12-16,1572.0,test,0.0,950.0331884247394,980.3587001992603,941.9321875371163,1274.3438641671614
2024-12-17,1861.0,test,0.0,1044.1552134015503,1070.7546746293494,1027.3275243768103,1368.7959719601613
2024-12-18,1677.0,test,0.0,1021.1690717595602,1044.8674802096202,997.4794702099745,1343.9360762988376
2024-12-19,1432.0,test,0.0,1012.0324416324859,1034.5797122854156,985.1550214440814,1331.2367855396383
2024-12-20,868.0,test,0.0,514.6545106322221,533.2036289773295,479.18856407196336,826.5290317778963
2024-12-21,474.0,test,0.0,0.0,0.0,0.0,151.96130607006762
2024-12-22,118.0,test,0.0,0.0,0.0,0.0,132.92738619025886
2024-12-23,398.0,test,0.0,915.8079590613429,928.0151471532643,865.6867925513809,1229.225880658202
2024-12-24,147.0,test,0.0,1010.9654018257056,1019.8346343862135,953.7626110661272,1326.3007105424867
2024-12-25,178.0,test,0.0,988.8747785639291,995.2551698770432,926.5425492100242,1303.8548145327068
2024-12-26,152.0,test,0.0,980.6591876356566,986.3240244253003,916.9541610001874,1293.545007459019
2024-12-27,318.0,test,0.0,483.5922690522341,485.71704347573734,413.1926660753055,790.4804894310394
2024-12-28,277.0,test,0.0,0.0,0.0,0.0,117.26670014454908
2024-12-29,252.0,test,0.0,0.0,0.0,0.0,100.47237626412289
2024-12-30,352.0,test,0.0,888.1177671083076,885.3808584231376,809.1142182265783,1200.5502085793507
2024-12-31,269.0,test,0.0,984.3640035555749,978.8192463836322,900.4120032581527,1299.9278360157969
2025-01-01,295.0,test,0.0,963.220131673238,955.7368387975962,876.3279124699527,1279.561863294994
2025-01-02,433.0,test,0.0,955.9748645196308,948.34561085617,869.9492351671987,1271.2965352614663
2025-01-03,225.0,test,0.0,459.2654761388297,448.6840247870001,368.83029032295383,769.5212211654166
2025-01-04,172.0,test,0.0,0.0,0.0,0.0,97.30184444710835
2025-01-05,85.0,test,0.0,0.0,0.0,0.0,82.38659719778093
2025-01-06,391.0,test,0.0,867.2935599123243,853.6929775859589,775.2708500732218,1185.8859287139048
2025-01-07,1416.0,test,0.0,964.6679815793866,948.9009566111489,870.080125770205,1287.2095462052562
2025-01-08,777.0,test,0.0,944.508015678231,927.459105281612,849.3826023952084,1268.5720531742327
2025-01-09,1356.0,test,0.0,938.2681888699447,921.7441741217285,846.4250875307902,1262.0078173452348
2025-01-10,1003.0,test,0.0,441.94859404016546,423.1563135526296,348.1198803861146,761.18764423095
2025-01-11,418.0,test,0.0,0.0,0.0,0.0,89.64074736301598
2025-01-12,330.0,test,0.0,0.0,0.0,0.0,76.29845116498575
2025-01-13,1233.0,test,0.0,853.5665697818624,833.8535389749705,765.3570295060209,1182.9317319286795
2025-01-14,1286.0,test,0.0,952.094015607664,930.9301100157771,863.6904492205243,1285.929719005274
2025-01-15,706.0,test,0.0,932.9404933276275,911.2198106833669,846.352210509123,1268.7682842759477
2025-01-16,774.0,test,0.0,927.7265467006083,907.2642872046144,846.7490717518979,1263.6734770891173
2025-01-17,833.0,test,0.0,431.81427558745685,409.82449862228543,351.15084136309497,763.5976083634928
2025-01-18,393.0,test,0.0,0.0,0.0,0.0,92.53473756236986
2025-01-19,520.0,test,0.0,0.0,0.0,0.0,80.60170171593472
2025-01-20,1384.0,test,0.0,847.0649647611415,826.387405853279,778.6365134765755,1190.23143488177
2025-01-21,1497.0,test,0.0,946.7553636114748,925.3752430134754,880.2363723952642,1294.7884649323137
2025-01-22,1355.0,test,0.0,928.615878759322,907.4307104592328,865.9632517920655,1279.011808536004
2025-01-23,1188.0,test,0.0,924.4332792443552,905.2605246892969,869.3849069975885,1275.3193436216666
2025-01-24,1183.0,test,0.0,428.9308634474442,408.98562718005087,376.1287854941381,775.9435336318014
2025-01-25,723.0,test,0.0,0.0,0.0,0.0,105.34341984156072
2025-01-26,490.0,test,0.0,0.0,0.0,0.0,94.82232135667834
2025-01-27,1457.0,test,0.0,847.8119920558927,831.4175229286325,812.5745506734479,1207.4751645563279
2025-01-28,826.0,test,0.0,948.6602211896537,932.3009425508806,916.9495338486304,1313.636472024022
2025-01-29,1487.0,test,0.0,931.5273132945687,916.0979645235925,905.2212292810686,1299.3089413574698
2025-01-30,1561.0,test,0.0,928.3664755952236,915.6806062371467,911.1199380001391,1297.1011223211076
2025-01-31,1031.0,test,0.0,433.26139997065764,420.5290202159998,419.6313565178515,798.5230184848959
2025-02-01,514.0,test,0.0,0.0,0.0,0.0,128.49758478130104
2025-02-02,366.0,test,0.0,0.0,0.0,0.0,119.51444910233909
2025-02-03,1407.0,test,0.0,855.7256409991622,848.6588312919865,863.1749023268263,1235.3294870990703
2025-02-04,1600.0,test,0.0,957.7116025258742,951.3644786843658,969.6621730871783,1343.2407994130892
2025-02-05,1524.0,test,0.0,941.5628644215443,936.8214913464103,959.7973656557887,1330.5143744921988
2025-02-06,1270.0,test,0.0,939.3992896893228,938.0674730529676,967.4752063947458,1329.9474319173926
2025-02-07,1014.0,test,0.0,444.6641620755861,443.94106918351406,477.0405521843554,832.324143757432
2025-02-08,1336.0,test,0.0,0.0,0.0,0.0,163.02964581508172
2025-02-09,521.0,test,0.0,0.0,0.0,0.0,155.73913430289076
2025-02-10,1484.0,test,0.0,870.6198304383269,877.4311823505527,925.471851799572,1274.8679221220204
2025-02-11,1275.0,test,0.0,973.7087446596187,981.8313998077617,1033.316517754216,1384.6708968596233
2025-02-12,1201.0,test,0.0,958.5071465347263,968.8132272621668,1024.5540359541556,1373.6766862252116
2025-02-13,996.0,test,0.0,957.3017770330218,971.580191100714,1033.2455583129467,1374.8690197690667
2025-02-14,708.0,test,0.0,462.8947134221488,478.32876000980207,543.096101101037,878.3028136830826
2025-02-15,475.0,test,0.0,0.0,0.0,0.0,209.82370895847845
2025-02-16,200.0,test,0.0,0.0,0.0,0.0,204.29189560311175
2025-02-17,728.0,test,0.0,892.2071033467155,916.6905565990949,994.1146618034636,1326.7808833362974
2025-02-18,1137.0,test,0.0,996.350014733378,1022.6092509834084,1102.5566131629876,1438.4959251465102
2025-02-19,1129.0,test,0.0,982.0444399573807,1010.9333070313868,1094.1424459854989,1429.2281184346314
2025-02-20,1363.0,test,0.0,981.7442245777262,1015.0325538399111,1103.101636495508,1432.1461240675212
2025-02-21,1336.0,test,0.0,487.6094441534175,522.4606552720657,612.5002256496822,936.5728557886516
2025-02-22,933.0,test,0.0,0.0,0.0,0.0,268.8135593596685
2025-02-23,594.0,test,0.0,0.0,0.0,0.0,264.91371189788777
2025-02-24,1903.0,test,0.0,920.1027896345176,965.0769016716374,1063.9713758889288,1390.6047329481798
2025-02-25,1913.0,test,0.0,1025.2372781111899,1072.2975947359923,1172.3287267616618,1504.0368470285534
2025-02-26,1475.0,test,0.0,1011.7632630751191,1061.7422120489584,1163.5981189175532,1496.264564492573
2025-02-27,1423.0,test,0.0,1012.3019255155453,1066.9473001840927,1172.178944571979,1500.6410801400307
2025-02-28,1122.0,test,0.0,518.3705469404048,574.8231219717194,680.4987998719416,1005.755802554948
2025-03-01,491.0,test,0.0,0.0,0.0,30.774762920751186,338.3739860505283
2025-03-02,672.0,test,0.0,0.0,0.0,26.514371174821918,335.72804489600946
2025-03-03,1515.0,test,0.0,953.8305768700245,1020.9760083201447,1130.6776135702148,1464.2084210249354
2025-03-04,1582.0,test,0.0,1059.8816641062192,1129.2516358435832,1238.4165801089212,1578.906345111872
2025-03-05,1711.0,test,0.0,1047.162331363636,1119.5660737592789,1228.8612381544515,1572.1421498345921
2025-03-06,1757.0,test,0.0,1048.4613298437669,1125.623024536563,1236.582017193933,1577.4546514852464
2025-03-07,1526.0,test,0.0,554.6523572632861,633.6887744559483,743.368108821734,1082.6997469161627
2025-03-08,1234.0,test,0.0,0.0,0.0,91.86582458430948,415.10460632840994
2025-03-09,1296.0,test,0.0,0.0,0.0,86.58476140667989,413.0917330817796
2025-03-10,1691.0,test,0.0,992.8294082320592,1082.5920935647193,1191.0641722117075,1543.7131936018795
2025-03-11,2302.0,test,0.0,1099.7106458138912,1191.6560268596431,1297.8471056262815,1658.9987219265297
2025-03-12,1582.0,test,0.0,1087.6578170075484,1182.5716204788787,1287.159593994991,1652.538326312125
2025-03-13,1206.0,test,0.0,1089.6274816211549,1189.210182651172,1293.7436542245678,1658.0589383526813
2025-03-14,1138.0,test,0.0,595.8489661043149,697.193455958376,798.7495327761994,1162.6842977234128
2025-03-15,409.0,test,0.0,0.0,43.32080175355321,145.2534737318624,494.10671051314273
2025-03-16,317.0,test,0.0,0.0,39.130590871262655,138.76845780111185,491.9431769533664
2025-03-17,1668.0,test,0.0,1036.4616077922656,1148.027199624845,1243.413715378522,1623.911179388391
2025-03-18,1890.0,test,0.0,1144.0763315152424,1257.6049002845298,1349.1199229462775,1738.9775618962176
2025-03-19,2069.0,test,0.0,1132.5918039712014,1248.8467554427975,1337.2103626951655,1732.0069010236166
2025-03-20,2248.0,test,0.0,1135.1326352042656,1255.792127687553,1342.5985919361399,1736.9176897876948
2025-03-21,1834.0,test,0.0,641.2829947999638,763.4176443980671,845.7947756532124,1240.1037249928127
2025-03-22,1287.0,test,0.0,0.0,108.94535227630689,190.3051996679586,569.7264347967139
2025-03-23,595.0,test,0.0,0.0,104.93188076229745,182.64696958180986,566.6023908953457
2025-03-24,1790.0,test,0.0,1084.0221154510637,1215.3631769039314,1287.5194302312918,1699.118843502523
2025-03-25,1687.0,test,0.0,1192.2648475683063,1325.183866291441,1392.2369826268953,1813.1787973026105
2025-03-26,1562.0,test,0.0,1181.241816068978,1316.4824805493818,1379.2207871991172,1804.9266301548944
2025-03-27,1533.0,test,0.0,1184.2459256771367,1323.4668714685552,1383.5553485946386,1808.4760655774924
2025-03-28,1588.0,test,0.0,690.2154049683747,830.4679629621999,885.10907995368,1309.4932755388013
2025-03-29,285.0,test,0.0,30.240463825698555,175.131235077938,227.81790034510448,636.6127836305573
2025-03-30,738.0,test,0.0,24.021614835295054,171.03306749939117,219.20328059216132,631.855676262568
2025-03-31,1366.0,test,0.0,1134.748697780054,1282.7419181343982,1324.5443328597596,1764.2830706074985
2025-04-01,1667.0,test,0.0,1243.5066768976274,1392.5496486621885,1428.5348089630768,1876.7328018088938
2025-04-02,2147.0,test,0.0,1232.8312800425588,1383.651849007902,1414.6939311079175,1866.6337906712788
2025-04-03,2498.0,test,0.0,1236.1839534201265,1390.4252696803223,1418.2761328981246,1868.2980485860382
2025-04-04,2081.0,test,0.0,741.8562014375836,896.5545147152982,918.5060007742776,1366.6657110075705
2025-04-05,1438.0,test,0.0,81.35704875155909,240.10921752980954,259.748298829148,690.8475294920371
2025-04-06,833.0,test,0.0,75.42404260512376,235.68697118337906,250.5287486721944,684.0730986600147
2025-04-07,1983.0,test,0.0,1187.8329868900848,1348.4396539434597,1356.7055522503076,1816.0804442267442
2025-04-08,2332.0,test,0.0,1296.9878033523073,1458.0032092429772,1460.3471289226306,1926.639734156599
2025-04-09,2315.0,test,0.0,1286.5407721111892,1448.6818420280072,1446.0706689848682,1914.4679175954998
2025-04-10,2331.0,test,0.0,1290.1221295243279,1455.0215757065514,1449.299265252706,1914.0770004939648
2025-04-11,2183.0,test,0.0,795.3758731668614,960.0600401430872,948.6113778937358,1409.6812311304857
2025-04-12,1443.0,test,0.0,134.2304081503832,302.2917047248609,288.7996331801769,730.8692048805083
2025-04-13,929.0,test,0.0,128.461664419642,297.3368013589975,279.3937242467893,722.0814294755496
2025-04-14,2069.0,test,0.0,1242.4321874519137,1410.9314986951206,1386.8301290919628,1853.7342248032214
2025-04-15,2351.0,test,0.0,1351.8615005318766,1520.0526219366045,1490.5471398420073,1962.525871678506
2025-04-16,2480.0,test,0.0,1341.5198851141813,1510.1145070101713,1476.2597452423845,1948.463068561731
2025-04-17,1574.0,test,0.0,1345.2066177390857,1515.8327811894226,1479.5583801628627,1946.257713223447
2025-04-18,485.0,test,0.0,849.9174064653594,1019.5974004500313,978.3730602942067,1439.3964704112852
2025-04-19,1050.0,test,0.0,188.00060415150395,360.3283081394918,317.92330428582426,757.9455261660559
2025-04-20,883.0,test,0.0,182.27187401400772,354.6697559952323,308.7425413859338,747.5568217612658
2025-04-21,842.0,test,0.0,1297.68128231985,1468.943027131099,1417.8447848470455,1879.3244633391953
2025-04-22,2204.0,test,0.0,1407.2605943454244,1577.4625767935167,1522.0335022581212,1986.868724487239
2025-04-23,2045.0,test,0.0,1396.8995443769827,1566.754341380248,1508.1214435259506,1971.48589285897
2025-04-24,1502.0,test,0.0,1400.5667000004303,1571.7038344575606,1511.8652280560036,1968.0857912734098
2025-04-25,1340.0,test,0.0,904.6086965238678,1074.0525880379078,1010.544295466299,1459.4239670352385
2025-04-26,851.0,test,0.0,241.79440292607336,413.1466082739372,349.8043028970296,776.042145951271
2025-04-27,1567.0,test,0.0,235.98056826143187,406.65549909662695,341.1824241080858,764.8024732641263
2025-04-28,2888.0,test,0.0,1352.705559987576,1521.4864325014753,1452.2697362494087,1897.4746373400708
2025-04-29,3426.0,test,0.0,1462.3100217088513,1629.2881869863036,1557.2304750592555,2004.593144212743
2025-04-30,3232.0,test,0.0,1451.804593933414,1617.6997195427102,1543.975434695069,1988.7421509863254
2025-05-01,1865.0,test,0.0,1455.32738645397,1621.7766614346287,1548.426604237911,1985.0259566567897
2025-05-02,2244.0,test,0.0,958.5751775066384,1122.6113182148897,1047.2110797649568,1475.4640605757138
2025-05-03,1063.0,test,0.0,294.737921110509,459.9762969003253,386.40029048580686,791.0703779404972
2025-05-04,362.0,test,0.0,288.71480618611304,452.5678361424812,378.53557199732234,779.9148319574981
2025-05-05,700.0,test,0.0,1406.6332824443548,1567.8797207776734,1491.7850216721065,1914.4393996625483
2025-05-06,1573.0,test,0.0,1516.139503495791,1674.8916903239935,1597.6696770130065,2022.084076014302
2025-05-07,2214.0,test,0.0,1505.3664708211847,1662.3570931786214,1585.1991231387813,2006.718312944457
2025-05-08,1901.0,test,0.0,1508.6220873443945,1665.50185916482,1590.4603817634359,2003.6367040283428
2025-05-09,1948.0,test,0.0,1010.9524882852709,1164.7682133575656,1089.4269287985094,1494.1171642966835
2025-05-10,1653.0,test,0.0,345.96928163659305,500.35585223443195,428.5961045050246,809.6419771191081
2025-05-11,2078.0,test,0.0,339.6154511444446,491.9888836025015,421.51434141750053,799.4860840762582
2025-05-12,3019.0,test,0.0,1458.608309966445,1607.7483807998947,1536.9272406066582,1936.7602609985036
2025-05-13,3387.0,test,0.0,1567.8961482032678,1713.9416292617475,1643.7092057046434,2045.8011845825458
2025-05-14,3380.0,test,0.0,1556.7357838922421,1700.437693276748,1631.9699030744564,2031.7611138001632
2025-05-15,2939.0,test,0.0,1559.605163248242,1702.6329349353402,1637.9615977008111,2030.1209820813544
2025-05-16,2049.0,test,0.0,1060.8989903799684,1200.3185970843315,1137.0034191419722,1521.4119510001378
2025-05-17,1107.0,test,0.0,394.651095677066,534.1219089848912,476.01931227068604,837.5813621459952
2025-05-18,1349.0,test,0.0,387.8496130813469,524.7960385238534,469.56229806481645,829.1070688860611
2025-05-19,3143.0,test,0.0,1507.8025000022355,1641.0099798699027,1586.956519904791,1969.7659461250942
2025-05-20,3400.0,test,0.0,1616.7568037966685,1746.3951017387103,1694.4268599355448,2080.783463196609
2025-05-21,2473.0,test,0.0,1605.0946149624017,1731.9374681891754,1683.1849061468715,2068.5932576078776
2025-05-22,1593.0,test,0.0,1607.4641718881157,1733.20396621496,1689.6489208795942,2068.859833337608
2025-05-23,1804.0,test,0.0,1107.60795681435,1229.333913390174,1188.4834966152296,1561.3637367067172
2025-05-24,1234.0,test,0.0,439.9825899340824,561.382476598162,527.0404053161942,878.5154860419013
2025-05-25,359.0,test,0.0,432.62271066370124,551.1330383506167,520.8812680431384,871.9952828243548
2025-05-26,1708.0,test,0.0,1553.4277005813644,1667.8431101061983,1639.9103174568013,2016.2450498106734
2025-05-27,2568.0,test,0.0,1661.9399788454489,1772.4646414704998,1747.7005174638584,2129.3729005689406
2025-05-28,1474.0,test,0.0,1649.668364146028,1757.101947643996,1736.5677008103141,2119.0942648267164
2025-05-29,901.0,test,0.0,1651.4316341610536,1757.492500488873,1743.0973473557333,2121.2563725743994
2025-05-30,2082.0,test,0.0,1150.3192553557374,1252.1227166600906,1241.2997700758474,1614.8872925694911
2025-05-31,1627.0,test,0.0,481.2112036342355,582.476075993925,578.9562226974009,932.8609083679733
2025-06-01,1119.0,test,0.0,473.1899785983652,571.3673030414809,572.6393521342818,928.0613364461107
2025-06-02,1722.0,test,0.0,1594.7471645504663,1688.6429966487867,1692.8354206662461,2075.596675467151
2025-06-03,2041.0,test,0.0,1702.717160298993,1792.572154915506,1800.4634444115432,2190.4537467057776
2025-06-04,2405.0,test,0.0,1689.7369678228492,1776.3785730399838,1788.9461747669584,2181.6324371060423
2025-06-05,1399.0,test,0.0,1690.7961489768009,1775.970345261726,1795.0378554087508,2185.1641277594294
2025-06-06,1935.0,test,0.0,1188.330356935815,1269.1799894919222,1292.0950781575891,1679.3248257216974
2025-06-07,395.0,test,0.0,517.6434872739685,597.9196549671294,628.3305107000733,997.4542491559178
2025-06-08,527.0,test,0.0,508.86725347725564,586.0365193730267,621.330504293837,993.6442687991836
2025-06-09,1549.0,test,0.0,1631.0862193262622,1703.96682366098,1742.16551684196,2143.672538311515
2025-06-10,2468.0,test,0.0,1738.4233639902968,1807.2930631587074,1849.098780787899,2259.402863024463
2025-06-11,2805.0,test,0.0,1724.6453267702254,1790.359730691654,1836.6628119589084,2251.1244333318446
2025-06-12,2646.0,test,0.0,1724.912695932745,1789.245569346623,1841.7823065417506,2255.0563349508384
2025-06-13,2087.0,test,0.0,1221.0065098195123,1281.1281898221168,1337.1608062397295,1748.724995265882
2025-06-14,1265.0,test,0.0,548.6551452717829,608.3487599586354,671.4444104905828,1065.9404351320472
2025-06-15,954.0,test,0.0,539.0408819410267,595.7880170826191,663.2359108759758,1062.0080397974355
2025-06-16,1834.0,test,0.0,1661.8420376386969,1714.472395394264,1784.1921545915043,2213.380228694386
2025-06-17,2843.0,test,0.0,1768.4667650673446,1817.2943291726822,1889.9187479511734,2328.7977947228655
2025-06-18,2454.0,test,0.0,1753.8127934328832,1799.7202271861179,1876.0607869776459,2319.8457090378038
2025-06-19,1236.0,test,0.0,1753.2119766146516,1797.9995087437692,1879.7150484362994,2322.9358315283093
2025-06-20,1697.0,test,0.0,1247.7899321724758,1288.6538701781637,1372.932604052451,1814.848885934145
2025-06-21,1125.0,test,0.0,573.7000770820947,614.4538518589902,704.7948848162439,1129.8709334466835
2025-06-22,1216.0,test,0.0,563.176607664043,601.314864625934,694.9237130755639,1124.5277719821513
2025-06-23,2320.0,test,0.0,1686.4923677572324,1720.854095425565,1815.5643447387083,2275.9527954984474
2025-06-24,3459.0,test,0.0,1792.3372688772076,1823.270364082994,1919.6627107170195,2389.7646343348224
2025-06-25,3120.0,test,0.0,1776.7415809286526,1805.153226146335,1903.9790749559597,2378.851224695735
2025-06-26,2111.0,test,0.0,1775.208659235547,1802.9228171914606,1905.7836669819908,2379.8228227749337
2025-06-27,2004.0,test,0.0,1268.2078898934537,1292.4439250267114,1396.4753858238653,1868.7187200948163
2025-06-28,1610.0,test,0.0,592.3182858308642,616.9168327821069,725.57258770766,1180.306995982547
2025-06-29,1274.0,test,0.0,580.8273084528208,603.2927575236168,713.7183868726393,1172.3408413721231
2025-06-30,3185.0,test,0.0,1704.6030967626077,1723.7802181441864,1833.74811418501,2322.6407540827076
2025-07-01,3262.0,test,0.0,1809.6138981730496,1825.8808826839213,1935.9455954760829,2433.703803782751
2025-07-02,2900.0,test,0.0,1793.0239720046648,1807.308707887607,1918.1884545508397,2419.7276765670144
2025-07-03,2596.0,test,0.0,1790.5084072079956,1804.6546092021317,1917.9213285267465,2417.526086033519
2025-07-04,1983.0,test,0.0,1281.87954272268,1293.1254954589213,1405.8908034246738,1902.4004424535701
2025-07-05,1501.0,test,0.0,604.1425399341776,616.3517896062709,732.0533007011536,1209.605948124325
2025-07-06,1377.0,test,0.0,591.6394714036063,602.3216768077425,718.0750182944913,1198.1291441372648
2025-07-07,2136.0,test,0.0,1715.83453732727,1723.8356169051008,1837.3825430551938,2346.482589360042
2025-07-08,1496.0,test,0.0,1819.9708896570824,1825.6946147613821,1937.5946619268575,2454.0410715440166
2025-07-09,2665.0,test,0.0,1802.3482235387742,1806.7383159457308,1917.708039668659,2436.317359358506
2025-07-10,2990.0,test,0.0,1798.8135898566827,1803.7285123172371,1915.3421524012829,2430.332098352501
2025-07-11,2035.0,test,0.0,1288.5214594757867,1291.2132960945412,1400.5905984510919,1910.650654369257
2025-07-12,1592.0,test,0.0,608.9036912214433,613.2536627676936,723.8484635852105,1213.0186272226579
2025-07-13,1709.0,test,0.0,595.3583123411073,598.8759651819282,707.8062745071364,1197.6599254915104
2025-07-14,2255.0,test,0.0,1719.9463469547538,1721.4732511906461,1826.4825024533477,2343.782082440064
2025-07-15,2699.0,test,0.0,1823.1824115648733,1823.142384972455,1924.8274003400172,2447.6347367276253
2025-07-16,2300.0,test,0.0,1804.5030810727958,1803.850029397513,1902.9577973130233,2426.0488500431484
2025-07-17,2731.0,test,0.0,1799.9275925646775,1800.5289895269207,1898.6678801790233,2416.25317405075
2025-07-18,2556.0,test,0.0,1287.9517225276243,1287.0676431244362,1381.3970248121113,1892.076498583644
2025-07-19,1592.0,test,0.0,606.4345725421844,607.9580332483176,701.9790244581355,1189.755673597937
2025-07-20,1489.0,test,0.0,591.8314653949224,593.2659240113618,684.129428659705,1170.75352645173
2025-07-21,1665.0,test,0.0,1716.8010084339219,1716.9776423327687,1802.4586753308963,2314.972975980121
2025-07-22,3294.0,test,0.0,1819.125833967489,1818.4824736442552,1899.2444441547814,2415.5331103876565
2025-07-23,3503.0,test,0.0,1799.380837994804,1798.875472639346,1875.7243224272722,2390.583656311008
2025-07-24,1320.0,test,0.0,1793.7576639306221,1795.260639437187,1869.8665582382564,2377.5601025612214
2025-07-25,1748.0,test,0.0,1280.0925621018373,1280.8657837312599,1350.4545593799571,1849.551594989412
2025-07-26,380.0,test,0.0,596.6724184084705,600.614517524164,668.7603734668483,1143.2845720878622
2025-07-27,720.0,test,0.0,581.0111892785069,585.6133074386332,649.5247858767298,1121.4598491777106
2025-07-28,1542.0,test,0.0,1706.365821101609,1710.4424977613485,1767.9498173951615,2264.673700057644
2025-07-29,2182.0,test,0.0,1807.783504428554,1811.780399407707,1863.6360810968959,2362.9068636573656
2025-07-30,2165.0,test,0.0,1786.9788950651775,1791.8518819133828,1838.9420860809428,2335.626077608133
2025-07-31,2333.0,test,0.0,1780.3162587022678,1787.9323694187658,1832.009080182966,2320.4699434960403
2025-08-01,1327.0,test,0.0,1264.9714822144897,1272.5882957873307,1310.9623646676523,1789.7827205170902
2025-08-02,357.0,test,0.0,579.6597736154455,591.1754109106259,627.5114189822466,1080.7766940531096
2025-08-03,501.0,test,0.0,562.9550583177322,575.8422236264082,607.4221315702157,1057.3877593649509
2025-08-04,1501.0,test,0.0,1688.7133740747302,1701.7638815286657,1726.4873995956439,2200.9016463256107
2025-08-05,2394.0,test,0.0,1789.2430032998734,1802.9043675090018,1821.6259731031505,2298.151187984185
2025-08-06,2840.0,test,0.0,1767.3997977001818,1782.619837021789,1796.3171749836054,2269.9167562855373
2025-08-07,2979.0,test,0.0,1759.7208570369928,1778.3574134438559,1788.8739444836922,2254.0349494337615
2025-08-08,2210.0,test,0.0,1242.72086196498,1262.0213916342004,1266.7611168664646,1722.0985434070217
2025-08-09,1283.0,test,0.0,555.5438766806462,579.4002742061302,582.1245892325846,1011.8007232690281
2025-08-10,1147.0,test,0.0,537.825128221054,563.6859982911138,561.7550578561002,988.3085033630505
2025-08-11,2639.0,test,0.0,1664.0204945981634,1690.6493458709413,1682.0354554246387,2133.592272729812
2025-08-12,2847.0,test,0.0,1763.695874958236,1791.5366576594254,1777.197762323301,2231.326656087271
2025-08-13,2365.0,test,0.0,1740.8497504731124,1770.836890862053,1751.841932408336,2203.601709531735
2025-08-14,2084.0,test,0.0,1732.1922627068839,1766.169185858516,1744.4512415265037,2188.4465019164227
2025-08-15,898.0,test,0.0,1213.576037948681,1248.7749758191721,1221.8276816911919,1656.695485537956
2025-08-16,502.0,test,0.0,524.5745270316002,564.8761723196733,536.5525674780284,946.5177255449719
2025-08-17,1060.0,test,0.0,505.88558867323036,548.7095683760929,516.4411527703194,924.3074930816499
2025-08-18,2206.0,test,0.0,1632.5656867392047,1676.6424513405284,1638.4656393148905,2072.7153060491178
2025-08-19,2528.0,test,0.0,1731.4348533585228,1777.2002393332928,1734.1664304575006,2172.247705265465
2025-08-20,1717.0,test,0.0,1707.6356303471239,1756.006245928394,1709.2640629872717,2146.301083070652
2025-08-21,770.0,test,0.0,1698.0514048950683,1750.8519824971631,1702.4109572492168,2133.09221677496
2025-08-22,1569.0,test,0.0,1177.8718955631539,1232.3153316485195,1179.744075180596,1602.691316940661
2025-08-23,869.0,test,0.0,487.1004668306504,547.0523045516373,494.2793692997388,893.7393907575158
2025-08-24,1070.0,test,0.0,467.4989367493953,530.3460118623475,474.8566504251814,873.8553389922463
2025-08-25,2209.0,test,0.0,1594.725097523293,1659.1611495156947,1599.0368991537925,2026.36665884064
2025-08-26,2556.0,test,0.0,1692.849622084764,1759.298958368788,1695.6644323032149,2128.6034454149712
2025-08-27,1945.0,test,0.0,1668.1605418962226,1737.5186934776652,1671.580651248242,2105.2667365444954
2025-08-28,1182.0,test,0.0,1657.7146899019804,1731.7846188314481,1665.6062820405573,2094.758037880887
2025-08-29,982.0,test,0.0,1136.038018575194,1212.0104025456767,1143.211445927473,1566.3792998728777
2025-08-30,785.0,test,0.0,443.56432983807366,525.2868712633058,457.84635496097826,859.2415472391639
2025-08-31,1327.0,test,0.0,423.1207265690007,507.9449397969049,439.37580043634057,842.187800935769
2025-09-01,1913.0,test,0.0,1550.9670689323896,1637.5476384530966,1565.9494962252127,1999.2215981008742
2025-09-02,1577.0,test,0.0,1648.4211703051164,1737.1687920022755,1663.7116226405856,2104.490512798476
2025-09-03,2516.0,test,0.0,1622.9179788870447,1714.705202472685,1640.6252114136391,2084.0009073625774
2025-09-04,2248.0,test,0.0,1611.687970081583,1708.294285398416,1635.6789556302856,2076.338467194762
2025-09-05,818.0,test,0.0,1088.5924671961761,1187.184844870039,1113.6748402261703,1550.0353474191359
2025-09-06,1163.0,test,0.0,394.49623046775406,498.9032534054876,428.49748987003034,844.6731943603643
2025-09-07,1369.0,test,0.0,373.29297122889164,480.8297303490606,411.03764568544204,830.321201911141
2025-09-08,2389.0,test,0.0,1501.8453546679655,1611.1265776752232,1540.0342663560618,1991.6605899549224
2025-09-09,1944.0,test,0.0,1598.714826372008,1710.1369698650965,1638.9279082676244,2099.6529205228903
2025-09-10,1411.0,test,0.0,1572.484676777604,1686.8968704315955,1616.804576723855,2081.6131518969933
2025-09-11,1989.0,test,0.0,1560.5592173538232,1679.7172512026905,1612.8211766309078,2076.3131786892272
2025-09-12,1606.0,test,0.0,1036.1342747762492,1157.1814055226039,1091.1108490958331,1551.5163785162472
2025-09-13,1396.0,test,0.0,340.50608588341294,467.2519850232694,405.9933786575606,847.2781449772169
2025-09-14,670.0,test,0.0,318.6362925736163,448.3600160508136,389.3870234885841,834.8983761181054
2025-09-15,2616.0,test,0.0,1447.991099918376,1579.268009220839,1520.6210970162479,1999.7400395833527
2025-09-16,2400.0,test,0.0,1544.372069959935,1677.5852472539918,1620.4296372027934,2109.577543386731
2025-09-17,2759.0,test,0.0,1517.512259648441,1653.4884667625145,1599.0235629644446,2093.039996038812
2025-09-18,2921.0,test,0.0,1504.9900074008847,1645.4625944932563,1595.7288275782987,2089.0897265233652
2025-09-19,2390.0,test,0.0,979.3347717856619,1121.4247571764786,1074.009606105567,1564.7244524926684
2025-09-20,1675.0,test,0.0,282.2747823324231,429.7746096859838,388.62217045653676,860.4784399550915
2025-09-21,1868.0,test,0.0,259.84093249572516,409.99547800694154,372.5144359208326,848.8887122706508
2025-09-22,1697.0,test,0.0,1390.1037002855885,1541.451006151842,1505.6077429228324,2016.0058198607405
2025-09-23,1953.0,test,0.0,1486.1012413235433,1639.0133244885244,1605.9272623805336,2126.4175108220015
2025-09-24,1204.0,test,0.0,1458.7178025413414,1614.0015396636704,1584.8113057792189,2110.074110677609
2025-09-25,1834.0,test,0.0,1445.7059378793547,1605.0749141378549,1581.7562344467742,2106.1339793844463
2025-09-26,1640.0,test,0.0,918.9278627357511,1079.4837313972062,1059.5576412831115,1580.8335174540503
2025-09-27,1052.0,test,0.0,220.54431365280314,386.0653530657369,373.4101037563549,875.1920672390354
2025-09-28,1001.0,test,0.0,197.6567559470034,365.3568761845982,357.2938074830157,862.9911257857152
2025-09-29,2200.0,test,0.0,1328.9406722588749,1497.3239794466303,1491.7242448567856,2030.9754308387182
2025-09-30,1551.0,test,0.0,1424.6672822313258,1594.0983500394896,1592.0157977769788,2140.547167037557
2025-10-01,2142.0,test,0.0,1396.87344588886,1568.143035954396,1570.6370596304118,2122.985393878512
2025-10-02,1892.0,test,0.0,1383.486119418733,1558.2919875571588,1567.2565450699105,2117.6503841339727
2025-10-03,964.0,test,0.0,855.6993968563158,1031.1279371097298,1044.0020086424936,1590.021684048741
2025-10-04,674.0,test,0.0,156.10703477484472,335.9266254901525,356.5084878022933,881.6098757127297
2025-10-05,417.0,test,0.0,132.88239044435375,314.2803608215293,339.79136253023694,867.448076949355
2025-10-06,1156.0,test,0.0,1265.306681938814,1446.757724342147,1474.9626851121382,2034.981454245884
2025-10-07,1688.0,test,0.0,1360.8806571542125,1542.7466292819456,1574.6243763096404,2142.427195768213
2025-10-08,2200.0,test,0.0,1332.795212445934,1515.8556012040706,1552.3784277769132,2122.399936108648
2025-10-09,1855.0,test,0.0,1319.1518916054804,1505.0935927692644,1548.0674489310345,2114.466912666067
2025-10-10,1559.0,test,0.0,790.4757864710269,976.3750367576124,1023.1522646740899,1583.3543006856976
2025-10-11,1056.0,test,0.0,89.79418585596221,279.41468615869206,333.71066300726795,871.0689655982677
2025-10-12,958.0,test,0.0,66.3536593599615,256.8614604659466,315.7962484668983,853.9015376554424
2025-10-13,2146.0,test,0.0,1200.041890905499,1389.8876698669687,1451.120115395912,2020.0024658607435
2025-10-14,2350.0,test,0.0,1295.5856151606563,1485.1340751713797,1549.5700889511083,2124.402988929524
2025-10-15,2345.0,test,0.0,1267.3311886852093,1457.3561732554767,1525.884687321541,2101.0585296480594
2025-10-16,2127.0,test,0.0,1253.5549273757695,1445.7381885909724,1520.0825347871632,2089.7466019652893
2025-10-17,1692.0,test,0.0,724.1120379078994,915.5254592093747,992.9583809016319,1554.4416501087442
2025-10-18,927.0,test,0.0,22.463853250603766,216.87233704412267,301.0349703689561,837.6499327936822
2025-10-19,923.0,test,0.0,0.0,193.48570749094233,281.40704743769675,816.9234682346853
2025-10-20,2198.0,test,0.0,1134.0097880148571,1327.1423889755122,1416.3870836561034,1981.1207497258586
2025-10-21,2439.0,test,0.0,1229.6479625178222,1421.7325584523364,1513.146991006418,2082.083948422761
2025-10-22,1684.0,test,0.0,1201.349241821544,1393.1601304666287,1487.5647347264,2055.112277002046
2025-10-23,1615.0,test,0.0,1187.5648980980761,1380.7848214283135,1479.836634728771,2040.194578700656
2025-10-24,1248.0,test,0.0,657.4793682899564,849.1820282198886,950.0919493579211,1500.5529102063085
2025-10-25,479.0,test,0.0,0.0,148.94623880080806,255.30028884002502,779.193714362879
2025-10-26,559.0,test,0.0,0.0,124.8436099229395,233.6001277028338,754.9319404820624
2025-10-27,1025.0,test,0.0,1068.0846833517044,1259.2561975080682,1367.9072972029144,1917.3345498507538
2025-10-28,2093.0,test,0.0,1163.9425230852678,1353.3201077368687,1462.675594312594,2015.0491876870144
2025-10-29,2330.0,test,0.0,1135.7244503568854,1324.0890697037398,1434.9249479267087,1984.71954308707
2025-10-30,2180.0,test,0.0,1122.056877988744,1311.0984608204053,1425.0306244021908,1966.5445497994424
2025-10-31,1691.0,test,0.0,591.4525875487919,778.2528380291825,892.4565202540123,1422.9909628112023
2025-11-01,917.0,test,0.0,0.0,76.58731181399286,194.6205446329289,697.5639903375578
2025-11-02,270.0,test,0.0,0.0,51.92856624933621,170.70699723666326,670.3409027638664
2025-11-03,1997.0,test,0.0,1003.1390454613999,1187.2645739939553,1304.2365352490106,1831.5954627809178
2025-11-04,2437.0,test,0.0,1099.3404681087045,1280.973828483412,1396.9420987707322,1926.7733058220974
2025-11-05,2381.0,test,0.0,1071.3264301855286,1251.2612216294283,1366.9875456038367,1893.8613487956447
2025-11-06,2065.0,test,0.0,1057.898670279159,1237.8379111305392,1354.927770642488,1873.2655288144194
2025-11-07,1443.0,test,0.0,526.897428403968,703.9366645130776,819.5608534978176,1326.6926312406927
2025-11-08,650.0,test,0.0,0.0,1.0336528297325316,118.75383995292299,598.1435632662373
2025-11-09,404.0,test,0.0,0.0,0.0,92.73834355225408,568.9557703149366
2025-11-10,2093.0,test,0.0,940.0308652515541,1112.4821171283481,1225.640696840486,1730.1067287808887
2025-11-11,2312.0,test,0.0,1036.6966989132054,1206.0454017341467,1316.4696109611612,1823.8312728291144
2025-11-12,2337.0,test,0.0,1009.0067398124006,1176.0645084989833,1284.534206880494,1789.4571263683495
2025-11-13,2321.0,test,0.0,995.938238686125,1162.4264491088265,1270.5690525415632,1767.593098604764
2025-11-14,1894.0,test,0.0,464.65800780477025,627.6912061075467,732.705313222087,1219.1804252080701
2025-11-15,1023.0,test,0.0,0.0,0.0,29.25936657690049,488.7118732176557
2025-11-16,820.0,test,0.0,0.0,0.0,1.5109869449521938,458.78228500539615
2025-11-17,1302.0,test,0.0,879.5912295690305,1036.4637668415828,1134.1923907247801,1621.069270518598
2025-11-18,1845.0,test,0.0,976.8374652287854,1130.1200312617957,1223.5840450652206,1714.5877124565425
2025-11-19,1655.0,test,0.0,949.5865470912343,1100.1132549822228,1190.1410361174285,1680.003513413151
2025-11-20,1543.0,test,0.0,936.9914262121994,1086.5063386763627,1174.777022049257,1658.124155196233
2025-11-21,1021.0,test,0.0,405.5446014268762,551.185445487798,634.9545357382523,1109.119814091755
2025-11-22,371.0,test,0.0,0.0,0.0,0.0,377.9714896736432
2025-11-23,329.0,test,0.0,0.0,0.0,0.0,348.52899311492763
2025-11-24,712.0,test,0.0,822.6122844208105,960.9509899804339,1033.6502941213369,1513.1669702182755
2025-11-25,1280.0,test,0.0,920.5483984689913,1054.9606733324206,1122.2627342796798,1607.6718066148692
2025-11-26,1135.0,test,0.0,893.8447361019255,1025.1905173924497,1087.996736966676,1574.0456950975536
2025-11-27,1425.0,test,0.0,881.8301391412842,1011.8793173199817,1071.943928960155,1553.2914493957833
2025-11-28,1184.0,test,0.0,350.32190828272695,476.2383530778965,530.895971105399,1004.8036496389625
2025-11-29,461.0,test,0.0,0.0,0.0,0.0,274.04898644468193
2025-11-30,447.0,test,0.0,0.0,0.0,0.0,246.13100315861703
2025-12-01,1567.0,test,0.0,769.8357621641436,887.8055163188981,929.1324930514634,1414.119571611434
2025-12-02,1694.0,test,0.0,868.5631332731596,982.4402507273462,1017.7807979260936,1510.5654050827604
2025-12-03,1591.0,test,0.0,842.5066264121226,953.1788458480517,983.5228375184405,1478.8065606396285
2025-12-04,1452.0,test,0.0,831.1711673575159,940.4359783267071,967.6267029026121,1460.0393786902928
2025-12-05,879.0,test,0.0,299.6979754060247,404.74696301451246,426.2105860294526,912.8799070107718
2025-12-06,546.0,test,0.0,0.0,0.0,0.0,183.2796476758055
2025-12-07,366.0,test,0.0,0.0,0.0,0.0,157.5963532465775
2025-12-08,1486.0,test,0.0,721.9422388237376,818.9339536020296,826.620747197568,1329.5950657632231
2025-12-09,1949.0,test,0.0,821.5526821037238,914.4652716573094,916.1955845890211,1428.5854295003774
2025-12-10,2048.0,test,0.0,796.2334680987528,885.9829880263799,882.8395620827141,1399.2427514302767
2025-12-11,1688.0,test,0.0,785.6658028997842,874.0776415372344,867.9955523312522,1382.9569172732415
2025-12-12,1291.0,test,0.0,254.31394301117172,338.6074941550276,327.1055335029001,837.5643337910666
2025-12-13,500.0,test,0.0,0.0,0.0,0.0,109.50226169930596
2025-12-14,472.0,test,0.0,0.0,0.0,0.0,86.38495593915053
2025-12-15,1528.0,test,0.0,679.5412771191983,756.2071683603785,732.3538283824578,1262.6743669658024
2025-12-16,1630.0,test,0.0,780.1157167832309,852.8948028740947,823.7298330783216,1364.4354298826875
2025-12-17,1606.0,test,0.0,755.6128646705015,825.4485418457939,792.1403286123768,1337.6838150633907
2025-12-18,1659.0,test,0.0,745.8904071035896,814.6347733761509,779.2013351078033,1324.0046516770478
2025-12-19,1321.0,test,0.0,214.7347586459257,279.6336256373201,239.67595200041603,780.4552204646433
2025-12-20,644.0,test,0.0,0.0,0.0,0.0,53.96105280768995
2025-12-21,312.0,test,0.0,0.0,0.0,0.0,33.39669706825873
2025-12-22,804.0,test,0.0,643.1625979588209,701.3786596487727,652.1820655945211,1213.9241717778418
2025-12-23,601.0,test,0.0,744.7698977210964,799.4590536543999,746.1269747998072,1318.3613945410334
2025-12-24,88.0,test,0.0,721.15026259335,773.2808383582118,717.0493969257416,1294.0687662863565
2025-12-25,89.0,test,0.0,712.3380629437979,763.7862571053412,706.7371354193941,1282.8295162152103
2025-12-26,114.0,test,0.0,181.44099482152706,229.4762426320873,169.27204419238853,740.923372732963
2025-12-27,250.0,test,0.0,0.0,0.0,0.0,15.767609036306226
2025-12-28,185.0,test,0.0,0.0,0.0,0.0,0.0
2025-12-29,434.0,test,0.0,613.248408260492,656.006255455718,590.9602096274122,1181.9916743122317
2025-12-30,300.0,test,0.0,715.9443764065497,755.6818950861496,688.0556146282063,1288.806710173458
2025-12-31,170.0,test,0.0,693.2616306742007,730.9683689595829,662.039430228523,1266.6568386934257
2026-01-01,148.0,test,0.0,685.4114334751853,722.983812088197,654.8703370345027,1257.5266476557752
2026-01-02,283.0,test,0.0,154.82188862349494,189.54893077525116,119.94705600513748,716.920170399584
2026-01-03,153.0,test,0.0,0.0,0.0,0.0,0.0
2026-01-04,106.0,test,0.0,0.0,0.0,0.0,0.0
2026-01-05,257.0,test,0.0,590.1469962139131,621.381319734752,552.0510706657902,1164.5201411839084
2026-01-06,99.0,test,0.0,693.973579752163,722.8114626630252,652.6342103366067,1273.3527793437866
2026-01-07,694.0,test,0.0,672.2674353250324,699.7148601654196,629.9783738387151,1252.9876018096954
2026-01-08,640.0,test,0.0,665.4169298000699,693.3856157910401,626.2128020112551,1245.6134150368243
2026-01-09,465.0,test,0.0,135.1697041085062,160.96321877986622,94.05179641847121,705.9599079273952
2026-01-10,254.0,test,0.0,0.0,0.0,0.0,0.0
2026-01-11,86.0,test,0.0,0.0,0.0,0.0,0.0
2026-01-12,362.0,test,0.0,574.1076867421718,598.4692792857692,536.9986732200182,1159.1228515198904
2026-01-13,1097.0,test,0.0,679.0923663076647,701.7625790370328,641.1320864678839,1269.6792838556858
2026-01-14,1382.0,test,0.0,658.3879989622919,680.3836560800477,621.8590346169331,1250.8222958840233
2026-01-15,1483.0,test,0.0,652.560273026794,675.802707674496,621.4796493248167,1244.946725754035
2026-01-16,1184.0,test,0.0,122.67549913526994,144.477063243286,92.02317434961788,706.0081490572752
2026-01-17,396.0,test,0.0,0.0,0.0,0.0,0.0
2026-01-18,321.0,test,0.0,0.0,0.0,0.0,0.0
2026-01-19,1452.0,test,0.0,565.2772302214304,587.8646851304362,545.4086565543654,1164.157195520843
2026-01-20,1445.0,test,0.0,671.432624495287,693.0741108212399,652.8810584829182,1276.291887826169
2026-01-21,1450.0,test,0.0,651.7403087645548,673.4574180765844,636.7420980301032,1258.8214476598998
2026-01-22,1230.0,test,0.0,646.9435144940435,670.6610766145171,639.4637541038763,1254.347167912149
2026-01-23,928.0,test,0.0,117.42635793724651,140.4593660346178,112.39018921120169,716.0493315961614
2026-01-24,370.0,test,0.0,0.0,0.0,0.0,0.0
2026-01-25,247.0,test,0.0,0.0,0.0,0.0,0.0
2026-01-26,679.0,test,0.0,563.6976767598925,589.7632460488393,575.0479948542862,1179.1077095074031
2026-01-27,1326.0,test,0.0,671.0213621335115,696.8835736743182,685.4058836696287,1292.8399631558273
2026-01-28,1364.0,test,0.0,652.3363220063679,679.0153297883426,671.9169231609825,1276.7960146082416
2026-01-29,595.0,test,0.0,648.5635574162654,677.9814912740301,677.2264233390788,1273.782683613208
2026-01-30,857.0,test,0.0,119.40412951712727,148.87245260471514,151.9939484288185,736.2024652946099
2026-01-31,478.0,test,0.0,0.0,0.0,0.0,13.96727768306505
2026-02-01,345.0,test,0.0,0.0,0.0,0.0,3.5918894077685763
2026-02-02,1641.0,test,0.0,569.3057668223332,603.9523565255855,622.1490751318328,1204.4986808067722
2026-02-03,1574.0,test,0.0,677.7803149181096,712.9203687893231,734.7548026524167,1319.9630498521606
2026-02-04,1450.0,test,0.0,660.0827925116781,696.7290497960054,723.2576573048211,1305.4891023872851
2026-02-05,1472.0,test,0.0,657.312201360837,697.3781736228501,730.4781291677414,1304.0873087845014
2026-02-06,1038.0,test,0.0,128.48569013456728,169.27346794637845,206.39200368043623,767.3790124801016
2026-02-07,561.0,test,0.0,0.0,0.0,0.0,45.77438935039629
2026-02-08,573.0,test,0.0,0.0,0.0,0.0,37.065514059162524
2026-02-09,1469.0,test,0.0,581.9338470255868,629.8206394010463,681.8781760949397,1241.3855011812088
2026-02-10,1608.0,test,0.0,691.5270795307583,740.5180241624163,795.9870013093611,1358.7330878286139
2026-02-11,1596.0,test,0.0,674.7826207402644,725.8776380293109,785.7284020506441,1345.9727438652535
2026-02-12,1309.0,test,0.0,672.9777089128008,728.0763940023712,794.1000572591058,1346.3164241608943
2026-02-13,1267.0,test,0.0,144.4447260856291,200.83462088580632,270.3949202443565,810.6007702799697
2026-02-14,387.0,test,0.0,0.0,0.0,0.0,89.73252570225475
2026-02-15,233.0,test,0.0,0.0,0.0,0.0,82.78054264565378
2026-02-16,718.0,test,0.0,601.3122978417839,666.3859919219158,748.9085919967338,1290.5873995227353
2026-02-17,884.0,test,0.0,711.9777549647241,778.6447829652019,863.7549886297857,1409.868297221126
2026-02-18,858.0,test,0.0,696.137707954241,765.3806526003144,853.9733420105275,1398.8479012315288
2026-02-19,684.0,test,0.0,695.2478718376036,768.948039778942,862.7404665405408,1400.9379389297796
2026-02-20,283.0,test,0.0,166.9550109544213,242.38118517785034,338.66733510128034,866.1873539566117
2026-02-21,174.0,test,0.0,0.0,0.0,0.0,145.99842312926626
2026-02-22,322.0,test,0.0,0.0,0.0,0.0,140.71700124895818
2026-02-23,1290.0,test,0.0,627.0734380495576,712.3406212246715,818.0265231094606,1351.8947046615235
2026-02-24,814.0,test,0.0,738.7510538139702,825.9508875459142,932.9090082792447,1472.957246876766
2026-02-25,2040.0,test,0.0,723.7532731284948,813.8476300059287,922.9181416754794,1463.4903372891913
2026-02-26,2118.0,test,0.0,723.714532335406,818.5632370144842,931.411547003293,1467.1048558880984
2026-02-27,2259.0,test,0.0,195.59512987338218,292.44520555830104,406.318766784976,933.060214540481
2026-02-28,1333.0,test,0.0,0.0,0.0,0.0,213.25441997356063
2026-03-01,636.0,test,0.0,0.0,0.0,0.0,209.31184661107227
2026-03-02,2026.0,test,0.0,658.7568493860912,766.1106384938632,884.6949012826749,1423.4940664852459
2026-03-03,2089.0,test,0.0,771.3738239830245,880.8300074586912,999.0490127002554,1545.9327358272521
2026-03-04,1955.0,test,0.0,757.1435700843903,869.6412792233106,988.3086940640159,1537.5768852648073
2026-03-05,2191.0,test,0.0,757.8794939068525,875.2552409064057,996.0136069066157,1542.2373849733501
2026-03-06,1768.0,test,0.0,229.85458237196616,349.3320129709053,469.4119466046734,1008.3837596473293
2026-03-07,1218.0,test,0.0,0.0,0.0,0.0,288.4114386189814
2026-03-08,1120.0,test,0.0,0.0,0.0,0.0,285.22633770284466
2026-03-09,2164.0,test,0.0,695.8160442844901,825.9270021078668,945.5068499016793,1501.8024048459142
2026-03-10,2598.0,test,0.0,809.287900848132,941.4915045019347,1058.9575684034749,1624.9741541988174
2026-03-11,2012.0,test,0.0,795.7389220470532,930.9509891907506,1047.1224316152327,1617.0576921224988
2026-03-12,1381.0,test,0.0,797.1617362248061,937.1951049522606,1053.7238090421747,1622.0661658906392
2026-03-13,1907.0,test,0.0,269.14117542786954,411.195973442303,525.3280620395085,1087.6802714950652
2026-03-14,655.0,test,0.0,0.0,0.0,0.0,366.79592873176404
2026-03-15,590.0,test,0.0,0.0,0.0,0.0,363.60494432866267
2026-03-16,1539.0,test,0.0,737.626380129455,889.9040030891472,998.4755929002911,1581.7973325043797
2026-03-17,1583.0,test,0.0,851.8581906316786,1006.0396597570332,1110.863262846821,1704.9085788284897
2026-03-18,2192.0,test,0.0,838.8939717465493,995.8727108377913,1097.804653927,1696.626757054611
2026-03-19,2463.0,test,0.0,840.9058295209882,1002.4721307470531,1103.204915545931,1701.1706360494932
2026-03-20,1795.0,test,0.0,312.78959964912497,476.1214178960172,572.9474892706443,1165.434113692397
2026-03-21,720.0,test,0.0,0.0,0.0,0.0,442.8175535443272
2026-03-22,1213.0,test,0.0,0.0,0.0,0.0,438.80379509008503
2026-03-23,2178.0,test,0.0,783.4941054110923,956.1211047319385,1043.1293326113146,1657.803300658055
2026-03-24,2413.0,test,0.0,898.3818679205314,1072.5556390089916,1154.5066141032403,1780.0512198962656
2026-03-25,1615.0,test,0.0,885.8970275789966,1062.4909594497437,1140.3054231584167,1770.6129661024675
2026-03-26,1258.0,test,0.0,888.3914266242084,1069.1758185309552,1144.613200396977,1773.9166407492426
2026-03-27,1222.0,test,0.0,360.07106438064386,542.2044523135714,612.6288313651168,1236.071624181174
2026-03-28,709.0,test,0.0,0.0,0.0,0.0,510.98681277449515
2026-03-29,250.0,test,0.0,0.0,0.0,0.0,505.4412393318942
2026-03-30,935.0,test,0.0,832.6664067640138,1022.7038036252297,1080.4050812428984,1724.5700938800978
2026-03-31,1095.0,test,0.0,948.0985541230954,1139.1778630519227,1191.0062231418506,1845.3066520012326
2026-04-01,1382.0,test,0.0,935.9803704697158,1128.9586081657815,1175.9185214473466,1834.0986970110143
2026-04-02,1396.0,test,0.0,938.8436951795295,1135.474998586492,1179.4107679764593,1835.586910205601
2026-04-03,699.0,test,0.0,410.2038521923318,607.6313426323621,645.9952240456182,1295.0978506442236
2026-04-04,457.0,test,0.0,0.0,0.0,0.0,567.0523381805604
2026-04-05,839.0,test,0.0,0.0,0.0,0.0,559.5299484491227
2026-04-06,941.0,test,0.0,884.3423113829563,1087.899279062054,1112.3613573446783,1778.3939553102964
2026-04-07,2383.0,test,0.0,1000.2013294532076,1204.1765838793626,1222.5486238606838,1897.2731828472722
2026-04-08,2597.0,test,0.0,988.3313721666842,1193.5703124579854,1206.9494004577805,1884.001681573762
2026-04-09,2246.0,test,0.0,991.4445389613206,1199.690026971864,1210.0126047839617,1883.4347253282685
2026-04-10,1007.0,test,0.0,462.36463989114037,670.7494062443882,675.5615461494307,1340.116417989504
2026-04-11,1366.0,test,0.0,0.0,0.0,0.0,608.9814781137471
2026-04-12,524.0,test,0.0,0.0,0.0,0.0,599.4128780986281
2026-04-13,2114.0,test,0.0,937.6842869182896,1150.1429356434494,1141.752706418043,1818.0037599001798
2026-04-14,1926.0,test,0.0,1053.8484189572475,1266.0188382542242,1251.947667417287,1935.0742705122623
2026-04-15,2473.0,test,0.0,1042.1042639412262,1254.8258081628835,1236.2607091399207,1919.8469255090533
2026-04-16,2594.0,test,0.0,1045.3444457649116,1260.3543635423653,1239.31956485701,1917.391849369137
2026-04-17,2380.0,test,0.0,515.7004220977418,730.1268076420679,704.2562078606395,1371.4692553957498
2026-04-18,1900.0,test,0.0,0.0,25.8937445671219,0.0,637.5279006932413
2026-04-19,675.0,test,0.0,0.0,19.310960330451195,0.0,626.2551466412416
2026-04-20,2498.0,test,0.0,991.8303708530908,1208.1124997101192,1171.526222172925,1844.9739055103541
2026-04-21,2582.0,test,0.0,1108.1753833388539,1323.4205347383781,1282.1354616190258,1960.6895211264289
2026-04-22,2655.0,test,0.0,1096.4323852528642,1311.4799382812653,1266.759094630298,1944.0132798188474
2026-04-23,2764.0,test,0.0,1099.674790287042,1316.2624901826732,1270.202483581078,1940.2285281328964
2026-04-24,2458.0,test,0.0,569.3408647018896,784.5983222889386,734.9040329140354,1392.3082816993117
2026-04-25,1665.0,test,0.0,0.0,78.69273557829803,29.54809560011624,656.2136330419683
2026-04-26,1658.0,test,0.0,0.0,71.29587324313462,19.763910378614746,643.9355184949264
2026-04-27,2887.0,test,0.0,1045.9066536953935,1260.7670715485858,1204.309448493627,1863.5247594926377
2026-04-28,3043.0,test,0.0,1162.3076380247799,1375.3831947721133,1315.6548252458495,1978.6640518441816
2026-04-29,2889.0,test,0.0,1150.440734984227,1362.577050558088,1300.8936258659842,1961.3521104917713
2026-04-30,2482.0,test,0.0,1153.5604138156623,1366.5019353165362,1305.0079681970676,1957.0822949674387
