date,actual,split,Persistence,SeasonalNaive7,SeasonalNaive364,SeasonalNaive365,MA7,MA30,SeasonalMA,TrendSeasonal,SARIMA_111,SARIMA_212
2023-01-01,596.0,val,525.0,365.0,754.0,682.0,525.4285714285714,601.3333333333334,222.5,178.68155858620293,270.9707912803426,298.9557468202704
2023-01-02,1085.0,val,525.0,191.0,929.0,754.0,525.4285714285714,601.3333333333334,604.25,787.7267754020185,921.8922680323014,954.3564194813947
2023-01-03,884.0,val,525.0,600.0,754.0,929.0,525.4285714285714,601.3333333333334,828.75,802.9897775124914,973.1080335722402,1048.5873903946615
2023-01-04,1018.0,val,525.0,678.0,605.0,754.0,525.4285714285714,601.3333333333334,821.75,894.1475542319823,934.0298343712684,1032.4351919914
2023-01-05,725.0,val,525.0,696.0,326.0,605.0,525.4285714285714,601.3333333333334,830.0,735.0694815726772,868.3371111210299,931.3381864172919
2023-01-06,616.0,val,525.0,623.0,613.0,326.0,525.4285714285714,601.3333333333334,532.5,454.063266791278,431.6105570890912,586.3490861772805
2023-01-07,764.0,val,525.0,525.0,237.0,613.0,525.4285714285714,601.3333333333334,260.25,269.41969232222374,0.0,0.0
2023-01-08,516.0,val,525.0,365.0,319.0,237.0,525.4285714285714,601.3333333333334,222.5,128.7013993324619,0.0,0.0
2023-01-09,1491.0,val,525.0,191.0,1227.0,319.0,525.4285714285714,601.3333333333334,604.25,740.1644775509761,698.1795308283544,893.4780338560539
2023-01-10,1545.0,val,525.0,600.0,1257.0,1227.0,525.4285714285714,601.3333333333334,828.75,962.46923159739,825.6993939169719,1013.3215791461029
2023-01-11,1427.0,val,525.0,678.0,1236.0,1257.0,525.4285714285714,601.3333333333334,821.75,1079.0987593342963,825.3534012510445,1023.9198522254256
2023-01-12,1540.0,val,525.0,696.0,1328.0,1236.0,525.4285714285714,601.3333333333334,830.0,1079.863830166047,779.3673795162248,926.2659712303462
2023-01-13,1157.0,val,525.0,623.0,1195.0,1328.0,525.4285714285714,601.3333333333334,532.5,1038.8495903105215,354.17557659051903,557.186188525785
2023-01-14,760.0,val,525.0,525.0,417.0,1195.0,525.4285714285714,601.3333333333334,260.25,615.2916431624155,0.0,0.0
2023-01-15,327.0,val,525.0,365.0,573.0,417.0,525.4285714285714,601.3333333333334,222.5,330.1433622515612,0.0,0.0
2023-01-16,1628.0,val,525.0,191.0,1164.0,573.0,525.4285714285714,601.3333333333334,604.25,974.6764988222847,628.3224625178545,860.7098218916575
2023-01-17,1717.0,val,525.0,600.0,1295.0,1164.0,525.4285714285714,601.3333333333334,828.75,883.1148229984399,755.9462857292816,987.5323449434075
2023-01-18,1555.0,val,525.0,678.0,1467.0,1295.0,525.4285714285714,601.3333333333334,821.75,854.1156708412954,755.8984421068302,1001.9673813089717
2023-01-19,1061.0,val,525.0,696.0,897.0,1467.0,525.4285714285714,601.3333333333334,830.0,1000.8364110785853,710.2334481048171,905.7281377035971
2023-01-20,796.0,val,525.0,623.0,631.0,897.0,525.4285714285714,601.3333333333334,532.5,953.547913140206,286.79248883540157,537.0051889638537
2023-01-21,150.0,val,525.0,525.0,160.0,631.0,525.4285714285714,601.3333333333334,260.25,483.4610043858917,0.0,0.0
2023-01-22,97.0,val,525.0,365.0,284.0,160.0,525.4285714285714,601.3333333333334,222.5,547.3830365226665,0.0,0.0
2023-01-23,586.0,val,525.0,191.0,1243.0,284.0,525.4285714285714,601.3333333333334,604.25,981.242177038293,559.8488861574102,841.5220259229737
2023-01-24,745.0,val,525.0,600.0,1289.0,1243.0,525.4285714285714,601.3333333333334,828.75,1154.845268315551,686.9460730817488,968.5445598472816
2023-01-25,961.0,val,525.0,678.0,1345.0,1289.0,525.4285714285714,601.3333333333334,821.75,1065.4567755572743,686.8773460970315,983.0079293033709
2023-01-26,988.0,val,525.0,696.0,1279.0,1345.0,525.4285714285714,601.3333333333334,830.0,1107.4206381286274,641.3717899017868,886.642992129849
2023-01-27,531.0,val,525.0,623.0,731.0,1279.0,525.4285714285714,601.3333333333334,532.5,1003.5637865431058,219.5938463014004,517.4311004286754
2023-01-28,274.0,val,525.0,525.0,470.0,731.0,525.4285714285714,601.3333333333334,260.25,356.88846206739146,0.0,0.0
2023-01-29,229.0,val,525.0,365.0,535.0,470.0,525.4285714285714,601.3333333333334,222.5,419.3731458246256,0.0,0.0
2023-01-30,1004.0,val,525.0,191.0,828.0,535.0,525.4285714285714,601.3333333333334,604.25,1054.2543238016356,491.4923722161434,822.3255479643428
2023-01-31,1192.0,val,525.0,600.0,765.0,828.0,525.4285714285714,601.3333333333334,828.75,1035.6678047908586,618.0597873013686,949.5065228675084
2023-02-01,1154.0,val,525.0,678.0,896.0,765.0,525.4285714285714,601.3333333333334,821.75,1003.1811209995814,617.9676209750914,963.9803659779479
2023-02-02,810.0,val,525.0,696.0,1218.0,896.0,525.4285714285714,601.3333333333334,830.0,978.3830544136401,572.6195366307522,867.4802542020718
2023-02-03,740.0,val,525.0,623.0,1168.0,1218.0,525.4285714285714,601.3333333333334,532.5,882.8855399470847,152.4973154713404,497.77473607297594
2023-02-04,419.0,val,525.0,525.0,771.0,1168.0,525.4285714285714,601.3333333333334,260.25,796.0692397889466,0.0,0.0
2023-02-05,393.0,val,525.0,365.0,306.0,771.0,525.4285714285714,601.3333333333334,222.5,752.9821818613339,0.0,0.0
2023-02-06,1191.0,val,525.0,191.0,869.0,306.0,525.4285714285714,601.3333333333334,604.25,1043.357202474181,423.24198488963674,803.0438389565795
2023-02-07,1356.0,val,525.0,600.0,1282.0,869.0,525.4285714285714,601.3333333333334,828.75,1003.7146321570183,549.2816941552002,930.3832575107306
2023-02-08,1194.0,val,525.0,678.0,1681.0,1282.0,525.4285714285714,601.3333333333334,821.75,1312.4219812282142,549.1661599057887,944.8674846370617
2023-02-09,1204.0,val,525.0,696.0,1615.0,1681.0,525.4285714285714,601.3333333333334,830.0,1015.6056451218668,503.97490933238277,848.2319744092061
2023-02-10,1019.0,val,525.0,623.0,782.0,1615.0,525.4285714285714,601.3333333333334,532.5,951.7281640809571,85.50181221905166,478.03215829970316
2023-02-11,522.0,val,525.0,525.0,821.0,782.0,525.4285714285714,601.3333333333334,260.25,341.67278132212545,0.0,0.0
2023-02-12,584.0,val,525.0,365.0,984.0,821.0,525.4285714285714,601.3333333333334,222.5,517.8182306057652,0.0,0.0
2023-02-13,1378.0,val,525.0,191.0,1604.0,984.0,525.4285714285714,601.3333333333334,604.25,1148.9027453767844,355.09721466689683,783.676390781235
2023-02-14,1559.0,val,525.0,600.0,1137.0,1604.0,525.4285714285714,601.3333333333334,828.75,1372.2743727472684,480.6113189917302,911.1744599738076
2023-02-15,1570.0,val,525.0,678.0,1179.0,1137.0,525.4285714285714,601.3333333333334,821.75,1205.703695058034,480.4725096845448,925.6690842302047
2023-02-16,1588.0,val,525.0,696.0,770.0,1179.0,525.4285714285714,601.3333333333334,830.0,1334.2111979450917,435.43746830345657,828.8979974245776
2023-02-17,1062.0,val,525.0,623.0,1188.0,770.0,525.4285714285714,601.3333333333334,532.5,1274.3404170663755,18.606928643271317,458.2032338760711
2023-02-18,580.0,val,525.0,525.0,625.0,1188.0,525.4285714285714,601.3333333333334,260.25,921.7999517635337,0.0,0.0
2023-02-19,427.0,val,525.0,365.0,486.0,625.0,525.4285714285714,601.3333333333334,222.5,699.5845887819087,0.0,0.0
2023-02-20,1552.0,val,525.0,191.0,889.0,486.0,525.4285714285714,601.3333333333334,604.25,1502.828355040297,287.0576402757947,764.2230886515159
2023-02-21,1760.0,val,525.0,600.0,1188.0,889.0,525.4285714285714,601.3333333333334,828.75,1339.1580588962233,412.04823253121987,891.8800168897468
2023-02-22,1635.0,val,525.0,678.0,1605.0,1188.0,525.4285714285714,601.3333333333334,821.75,1350.1713124251717,411.8862408422854,906.3850519316251
2023-02-23,1455.0,val,525.0,696.0,1592.0,1605.0,525.4285714285714,601.3333333333334,830.0,1424.1501220389362,367.0067866528793,809.4782104451713
2023-02-24,931.0,val,525.0,623.0,1091.0,1592.0,525.4285714285714,601.3333333333334,532.5,1683.5694115823162,0.0,438.2878492636833
2023-02-25,417.0,val,525.0,525.0,580.0,1091.0,525.4285714285714,601.3333333333334,260.25,756.5520424995984,0.0,0.0
2023-02-26,187.0,val,525.0,365.0,549.0,580.0,525.4285714285714,601.3333333333334,222.5,533.5664640198684,0.0,0.0
2023-02-27,1041.0,val,525.0,191.0,1137.0,549.0,525.4285714285714,601.3333333333334,604.25,1029.2554714740454,219.1228428374585,744.6838197730236
2023-02-28,1225.0,val,525.0,600.0,1166.0,1137.0,525.4285714285714,601.3333333333334,828.75,1310.0365296083191,343.59200756429107,872.4998157438717
2023-03-01,1372.0,val,525.0,678.0,1190.0,1166.0,525.4285714285714,601.3333333333334,821.75,1343.4179205714572,343.4069258021097,887.0152752474627
2023-03-02,1969.0,val,525.0,696.0,1347.0,1190.0,525.4285714285714,601.3333333333334,830.0,1648.0267959072607,298.6824392812122,789.972500744495
2023-03-03,1727.0,val,525.0,623.0,1074.0,1347.0,525.4285714285714,601.3333333333334,532.5,1452.5000749874894,0.0,418.2858908825572
2023-03-04,759.0,val,525.0,525.0,542.0,1074.0,525.4285714285714,601.3333333333334,260.25,907.9258164957544,0.0,0.0
2023-03-05,435.0,val,525.0,365.0,604.0,542.0,525.4285714285714,601.3333333333334,222.5,479.8644616237571,0.0,0.0
2023-03-06,1523.0,val,525.0,191.0,1282.0,604.0,525.4285714285714,601.3333333333334,604.25,1102.4174577825027,151.29240514686887,725.0584712145001
2023-03-07,1949.0,val,525.0,600.0,1534.0,1282.0,525.4285714285714,601.3333333333334,828.75,1416.2158114774763,275.2422185856428,853.0337438791006
2023-03-08,1386.0,val,525.0,678.0,1670.0,1534.0,525.4285714285714,601.3333333333334,821.75,1598.5256046786035,275.03413869117145,867.5596415386168
2023-03-09,1273.0,val,525.0,696.0,1814.0,1670.0,525.4285714285714,601.3333333333334,830.0,1651.5406697900873,230.46400278245696,770.3807554491827
2023-03-10,1077.0,val,525.0,623.0,1425.0,1814.0,525.4285714285714,601.3333333333334,532.5,1343.2070186706221,0.0,398.1972450040742
2023-03-11,741.0,val,525.0,525.0,1149.0,1425.0,525.4285714285714,601.3333333333334,260.25,1008.6547080188725,0.0,0.0
2023-03-12,342.0,val,525.0,365.0,1268.0,1149.0,525.4285714285714,601.3333333333334,222.5,1049.3829299981726,0.0,0.0
2023-03-13,2176.0,val,525.0,191.0,1928.0,1268.0,525.4285714285714,601.3333333333334,604.25,1411.9317722099318,83.56591166029853,705.3469298963946
2023-03-14,1499.0,val,525.0,600.0,1478.0,1928.0,525.4285714285714,601.3333333333334,828.75,1159.505882674259,206.9984417842922,833.4816884903871
2023-03-15,1394.0,val,525.0,678.0,1622.0,1478.0,525.4285714285714,601.3333333333334,821.75,1486.8408648294558,206.76745533239387,848.0180380180307
2023-03-16,1824.0,val,525.0,696.0,1749.0,1622.0,525.4285714285714,601.3333333333334,830.0,1661.9698150354284,162.35105543655578,750.7028615375971
2023-03-17,1819.0,val,525.0,623.0,1560.0,1749.0,525.4285714285714,601.3333333333334,532.5,1412.240560874887,0.0,378.02179775021756
2023-03-18,1363.0,val,525.0,525.0,976.0,1560.0,525.4285714285714,601.3333333333334,260.25,1005.0990960376753,0.0,0.0
2023-03-19,619.0,val,525.0,365.0,1266.0,976.0,525.4285714285714,601.3333333333334,222.5,847.3564242847783,0.0,0.0
2023-03-20,1939.0,val,525.0,191.0,1958.0,1266.0,525.4285714285714,601.3333333333334,604.25,1566.668780525773,15.942948488649108,685.5490825906086
2023-03-21,2387.0,val,525.0,600.0,2217.0,1958.0,525.4285714285714,601.3333333333334,828.75,1793.3492006069346,138.86025503680412,813.8435366244973
2023-03-22,2682.0,val,525.0,678.0,2289.0,2217.0,525.4285714285714,601.3333333333334,821.75,1637.2458429918904,138.60645323770538,828.3903517504838
2023-03-23,2230.0,val,525.0,696.0,2398.0,2289.0,525.4285714285714,601.3333333333334,830.0,1831.793748723987,94.34317720267275,730.9387058396292
2023-03-24,1076.0,val,525.0,623.0,2034.0,2398.0,525.4285714285714,601.3333333333334,532.5,2009.3774246667383,0.0,357.759435093374
2023-03-25,646.0,val,525.0,525.0,1409.0,2034.0,525.4285714285714,601.3333333333334,260.25,1492.6311458222947,0.0,0.0
2023-03-26,277.0,val,525.0,365.0,1563.0,1409.0,525.4285714285714,601.3333333333334,222.5,1060.591552415433,0.0,0.0
2023-03-27,1793.0,val,525.0,191.0,2384.0,1563.0,525.4285714285714,601.3333333333334,604.25,1693.1336566489376,0.0,665.6648159203003
2023-03-28,1727.0,val,525.0,600.0,2206.0,2384.0,525.4285714285714,601.3333333333334,828.75,2474.1604116923313,70.82723790057086,794.1191751798154
2023-03-29,1659.0,val,525.0,678.0,1506.0,2206.0,525.4285714285714,601.3333333333334,821.75,2513.5908165826577,70.55071160131384,808.6764696523969
2023-03-30,1194.0,val,525.0,696.0,1389.0,1506.0,525.4285714285714,601.3333333333334,830.0,1811.2933674087967,26.43994971250671,711.0881750365024
2023-03-31,1083.0,val,525.0,623.0,641.0,1389.0,525.4285714285714,601.3333333333334,532.5,1611.566670184374,0.0,337.41004285613604
2023-04-01,492.0,val,525.0,525.0,219.0,641.0,525.4285714285714,601.3333333333334,260.25,1079.7239860911927,0.0,0.0
2023-04-02,442.0,val,525.0,365.0,271.0,219.0,525.4285714285714,601.3333333333334,222.5,1292.5366214663375,0.0,0.0
2023-04-03,1347.0,val,525.0,191.0,1441.0,271.0,525.4285714285714,601.3333333333334,604.25,1479.8398944505266,0.0,645.6940163596887
2023-04-04,1515.0,val,525.0,600.0,952.0,1441.0,525.4285714285714,601.3333333333334,828.75,1783.9735179792206,2.8989716071196625,774.3084909061479
2023-04-05,1472.0,val,525.0,678.0,1969.0,952.0,525.4285714285714,601.3333333333334,821.75,1479.8379419633532,2.599811293008189,788.8762784916372
2023-04-06,1365.0,val,525.0,696.0,1421.0,1969.0,525.4285714285714,601.3333333333334,830.0,1989.5491395486051,0.0,691.1511556605781
2023-04-07,540.0,val,525.0,623.0,735.0,1421.0,525.4285714285714,601.3333333333334,532.5,1576.7495637196175,0.0,316.97350671110604
2023-04-08,299.0,val,525.0,525.0,512.0,735.0,525.4285714285714,601.3333333333334,260.25,1140.7781089316634,0.0,0.0
2023-04-09,503.0,val,525.0,365.0,462.0,512.0,525.4285714285714,601.3333333333334,222.5,1671.6962847816317,0.0,0.0
2023-04-10,1102.0,val,525.0,191.0,1746.0,462.0,525.4285714285714,601.3333333333334,604.25,2444.2001968469613,0.0,625.6365702338592
2023-04-11,1002.0,val,525.0,600.0,2144.0,1746.0,525.4285714285714,601.3333333333334,828.75,2357.8355198144477,0.0,754.4113704045294
2023-04-12,1007.0,val,525.0,678.0,2189.0,2144.0,525.4285714285714,601.3333333333334,821.75,2206.8134966691778,0.0,768.9896648873237
2023-04-13,1252.0,val,525.0,696.0,1776.0,2189.0,525.4285714285714,601.3333333333334,830.0,1455.4230454087801,0.0,671.1275340951593
2023-04-14,755.0,val,525.0,623.0,906.0,1776.0,525.4285714285714,601.3333333333334,532.5,1679.5975587389814,0.0,296.449712180699
2023-04-15,477.0,val,525.0,525.0,658.0,906.0,525.4285714285714,601.3333333333334,260.25,1024.7232788758417,0.0,0.0
2023-04-16,483.0,val,525.0,365.0,812.0,658.0,525.4285714285714,601.3333333333334,222.5,1832.5907121551081,0.0,0.0
2023-04-17,1870.0,val,525.0,191.0,960.0,812.0,525.4285714285714,601.3333333333334,604.25,1254.4555528423016,0.0,605.4923637185659
2023-04-18,2117.0,val,525.0,600.0,1670.0,960.0,525.4285714285714,601.3333333333334,828.75,1404.2518878638423,0.0,734.4277001270261
2023-04-19,1332.0,val,525.0,678.0,1997.0,1670.0,525.4285714285714,601.3333333333334,821.75,2097.4065813328984,0.0,749.0165153096304
2023-04-20,1394.0,val,525.0,696.0,1984.0,1997.0,525.4285714285714,601.3333333333334,830.0,2044.9123053860592,0.0,651.0171965742952
2023-04-21,2355.0,val,525.0,623.0,1669.0,1984.0,525.4285714285714,601.3333333333334,532.5,2116.353818563592,0.0,275.8385446369448
2023-04-22,1910.0,val,525.0,525.0,877.0,1669.0,525.4285714285714,601.3333333333334,260.25,1617.9147357577688,0.0,0.0
2023-04-23,1184.0,val,525.0,365.0,590.0,877.0,525.4285714285714,601.3333333333334,222.5,2241.759481821751,0.0,0.0
2023-04-24,1795.0,val,525.0,191.0,1628.0,590.0,525.4285714285714,601.3333333333334,604.25,2517.6988119143184,0.0,585.2612828400373
2023-04-25,1484.0,val,525.0,600.0,1377.0,1628.0,525.4285714285714,601.3333333333334,828.75,2241.592230394857,0.0,714.3573663765414
2023-04-26,1947.0,val,525.0,678.0,2129.0,1377.0,525.4285714285714,601.3333333333334,821.75,2298.3228853873866,0.0,728.9567160795928
2023-04-27,2336.0,val,525.0,696.0,2687.0,2129.0,525.4285714285714,601.3333333333334,830.0,2330.1197557451806,0.0,630.8200291825854
2023-04-28,936.0,val,525.0,623.0,2193.0,2687.0,525.4285714285714,601.3333333333334,532.5,2351.2006622963722,0.0,255.13988930129142
2023-04-29,1257.0,val,525.0,525.0,748.0,2193.0,525.4285714285714,601.3333333333334,260.25,1247.6817124134143,0.0,0.0
2023-04-30,1185.0,val,525.0,365.0,624.0,748.0,525.4285714285714,601.3333333333334,222.5,987.5846065681023,0.0,0.0
2023-05-01,422.0,val,525.0,191.0,2368.0,624.0,525.4285714285714,601.3333333333334,604.25,1224.6982953126912,0.0,564.9432134747781
2023-05-02,1921.0,val,525.0,600.0,2326.0,2368.0,525.4285714285714,601.3333333333334,828.75,1044.271978385162,0.0,694.2002553066184
2023-05-03,2390.0,val,525.0,678.0,1917.0,2326.0,525.4285714285714,601.3333333333334,821.75,2475.5496234432385,0.0,708.8101533689093
2023-05-04,3117.0,val,525.0,696.0,2086.0,1917.0,525.4285714285714,601.3333333333334,830.0,2012.5392141657878,0.0,610.5359178549825
2023-05-05,2208.0,val,525.0,623.0,1077.0,2086.0,525.4285714285714,601.3333333333334,532.5,1945.1553664350447,0.0,234.35363124440607
2023-05-06,1134.0,val,525.0,525.0,572.0,1077.0,525.4285714285714,601.3333333333334,260.25,1219.1457702166763,0.0,0.0
2023-05-07,1617.0,val,525.0,365.0,970.0,572.0,525.4285714285714,601.3333333333334,222.5,445.03749582433585,0.0,0.0
2023-05-08,2087.0,val,525.0,191.0,2769.0,970.0,525.4285714285714,601.3333333333334,604.25,2544.8668187093294,0.0,544.5380413493738
2023-05-09,3084.0,val,525.0,600.0,3233.0,2769.0,525.4285714285714,601.3333333333334,828.75,2716.023435182667,0.0,673.9562529212448
2023-05-10,1092.0,val,525.0,678.0,3419.0,3233.0,525.4285714285714,601.3333333333334,821.75,3460.4625539521544,0.0,688.5767131997471
2023-05-11,778.0,val,525.0,696.0,2976.0,3419.0,525.4285714285714,601.3333333333334,830.0,1821.785372982092,0.0,590.1647483765965
2023-05-12,1331.0,val,525.0,623.0,1383.0,2976.0,525.4285714285714,601.3333333333334,532.5,1325.011437569111,0.0,213.47965538597788
2023-05-13,743.0,val,525.0,525.0,1715.0,1383.0,525.4285714285714,601.3333333333334,260.25,733.6256840599019,0.0,0.0
2023-05-14,756.0,val,525.0,365.0,2004.0,1715.0,525.4285714285714,601.3333333333334,222.5,1434.2040790774922,0.0,0.0
2023-05-15,1882.0,val,525.0,191.0,1950.0,2004.0,525.4285714285714,601.3333333333334,604.25,1773.8048212480558,0.0,524.0456520402934
2023-05-16,1429.0,val,525.0,600.0,2998.0,1950.0,525.4285714285714,601.3333333333334,828.75,2188.821943687035,0.0,653.6252450746564
2023-05-17,2060.0,val,525.0,678.0,3328.0,2998.0,525.4285714285714,601.3333333333334,821.75,2777.220792994721,0.0,668.2562814445457
2023-05-18,1053.0,val,525.0,696.0,3188.0,3328.0,525.4285714285714,601.3333333333334,830.0,1748.5310345888831,0.0,569.7064063824985
2023-05-19,1678.0,val,525.0,623.0,2585.0,3188.0,525.4285714285714,601.3333333333334,532.5,946.0065377981897,0.0,192.5178464945201
2023-05-20,1244.0,val,525.0,525.0,1530.0,2585.0,525.4285714285714,601.3333333333334,260.25,1866.4019539624094,0.0,0.0
2023-05-21,1613.0,val,525.0,365.0,1748.0,1530.0,525.4285714285714,601.3333333333334,222.5,1306.3072478392799,0.0,0.0
2023-05-22,3073.0,val,525.0,191.0,2127.0,1748.0,525.4285714285714,601.3333333333334,604.25,2319.9487294755572,0.0,503.4659309736917
2023-05-23,2447.0,val,525.0,600.0,1193.0,2127.0,525.4285714285714,601.3333333333334,828.75,2258.5770322937187,0.0,633.2071174711397
2023-05-24,2434.0,val,525.0,678.0,1581.0,1193.0,525.4285714285714,601.3333333333334,821.75,1668.7831028855578,0.0,647.8487438258186
2023-05-25,2691.0,val,525.0,696.0,1656.0,1581.0,525.4285714285714,601.3333333333334,830.0,1957.7770299011888,0.0,549.1607773575215
2023-05-26,2395.0,val,525.0,623.0,1801.0,1656.0,525.4285714285714,601.3333333333334,532.5,1963.4964086889934,0.0,171.46808918716988
2023-05-27,1410.0,val,525.0,525.0,1379.0,1801.0,525.4285714285714,601.3333333333334,260.25,1334.7624846723406,0.0,0.0
2023-05-28,1496.0,val,525.0,365.0,540.0,1379.0,525.4285714285714,601.3333333333334,222.5,1511.4300334584307,0.0,0.0
2023-05-29,1629.0,val,525.0,191.0,2694.0,540.0,525.4285714285714,601.3333333333334,604.25,2174.5362946821347,0.0,482.79876342521277
2023-05-30,2510.0,val,525.0,600.0,2359.0,2694.0,525.4285714285714,601.3333333333334,828.75,2494.2158853027486,0.0,612.7017556648357
2023-05-31,2688.0,val,525.0,678.0,2328.0,2359.0,525.4285714285714,601.3333333333334,821.75,2465.289699274176,0.0,627.3539859159581
2023-06-01,2680.0,val,525.0,696.0,2572.0,2328.0,525.4285714285714,601.3333333333334,830.0,2474.5286151111754,0.0,528.5277466360653
2023-06-02,2085.0,val,525.0,623.0,1802.0,2572.0,525.4285714285714,601.3333333333334,532.5,2781.3993098924593,0.0,150.3302679294909
2023-06-03,1278.0,val,525.0,525.0,1273.0,1802.0,525.4285714285714,601.3333333333334,260.25,1753.6861411672728,0.0,0.0
2023-06-04,1309.0,val,525.0,365.0,687.0,1273.0,525.4285714285714,601.3333333333334,222.5,878.1449749472608,0.0,0.0
2023-06-05,2177.0,val,525.0,191.0,1382.0,687.0,525.4285714285714,601.3333333333334,604.25,1324.5982797089578,0.0,462.0440345197915
2023-06-06,2435.0,val,525.0,600.0,940.0,1382.0,525.4285714285714,601.3333333333334,828.75,1571.485612151283,0.0,592.109045059542
2023-06-07,2420.0,val,525.0,678.0,2396.0,940.0,525.4285714285714,601.3333333333334,821.75,1936.1768155608288,0.0,606.7718931370372
2023-06-08,1095.0,val,525.0,696.0,1207.0,2396.0,525.4285714285714,601.3333333333334,830.0,2542.554344678191,0.0,507.80719940189783
2023-06-09,1601.0,val,525.0,623.0,1665.0,1207.0,525.4285714285714,601.3333333333334,532.5,1310.23222867862,0.0,129.1042670352739
2023-06-10,1249.0,val,525.0,525.0,1252.0,1665.0,525.4285714285714,601.3333333333334,260.25,1396.5706144637938,0.0,0.0
2023-06-11,1341.0,val,525.0,365.0,1262.0,1252.0,525.4285714285714,601.3333333333334,222.5,1098.4138614078272,0.0,0.0
2023-06-12,3212.0,val,525.0,191.0,1538.0,1262.0,525.4285714285714,601.3333333333334,604.25,2055.1609267440103,0.0,441.20162923145625
2023-06-13,3583.0,val,525.0,600.0,2432.0,1538.0,525.4285714285714,601.3333333333334,828.75,2334.8281204570567,0.0,571.4288709085163
2023-06-14,3396.0,val,525.0,678.0,2231.0,2432.0,525.4285714285714,601.3333333333334,821.75,3119.4285850252736,0.0,586.1023507606124
2023-06-15,3209.0,val,525.0,696.0,1068.0,2231.0,525.4285714285714,601.3333333333334,830.0,931.572653381397,0.0,486.99902068795717
2023-06-16,2425.0,val,525.0,623.0,1551.0,1068.0,525.4285714285714,601.3333333333334,532.5,1262.259298396202,0.0,107.78997066633673
2023-06-17,1552.0,val,525.0,525.0,1043.0,1551.0,525.4285714285714,601.3333333333334,260.25,1974.1935504765886,0.0,0.0
2023-06-18,1538.0,val,525.0,365.0,894.0,1043.0,525.4285714285714,601.3333333333334,222.5,2620.4486134978256,0.0,0.0
2023-06-19,3044.0,val,525.0,191.0,2519.0,894.0,525.4285714285714,601.3333333333334,604.25,1306.9591620890014,0.0,420.27143238312954
2023-06-20,3403.0,val,525.0,600.0,2978.0,2519.0,525.4285714285714,601.3333333333334,828.75,2551.18444044999,0.0,550.661118314277
2023-06-21,3179.0,val,525.0,678.0,2034.0,2978.0,525.4285714285714,601.3333333333334,821.75,3289.5799943097472,0.0,565.3452439075256
2023-06-22,2627.0,val,525.0,696.0,2814.0,2034.0,525.4285714285714,601.3333333333334,830.0,2691.7041722254457,0.0,466.10309537615376
2023-06-23,1598.0,val,525.0,623.0,1453.0,2814.0,525.4285714285714,601.3333333333334,532.5,3142.6744779391292,0.0,86.3872628323254
2023-06-24,1496.0,val,525.0,525.0,1513.0,1453.0,525.4285714285714,601.3333333333334,260.25,1545.5350307628207,0.0,0.0
2023-06-25,1543.0,val,525.0,365.0,1297.0,1513.0,525.4285714285714,601.3333333333334,222.5,2965.8030663155164,0.0,0.0
2023-06-26,3239.0,val,525.0,191.0,2543.0,1297.0,525.4285714285714,601.3333333333334,604.25,2635.263989539135,0.0,399.25332864643065
2023-06-27,3395.0,val,525.0,600.0,2456.0,2543.0,525.4285714285714,601.3333333333334,828.75,2694.150361387269,0.0,529.8056722284068
2023-06-28,3012.0,val,525.0,678.0,2207.0,2456.0,525.4285714285714,601.3333333333334,821.75,2553.866042711081,0.0,544.5004575477069
2023-06-29,3434.0,val,525.0,696.0,2845.0,2207.0,525.4285714285714,601.3333333333334,830.0,1872.2565251586507,0.0,445.1193081971718
2023-06-30,1231.0,val,525.0,623.0,1191.0,2845.0,525.4285714285714,601.3333333333334,532.5,2612.6302121200083,0.0,64.89602739051367
2023-07-01,1366.0,val,525.0,525.0,1395.0,1191.0,525.4285714285714,601.3333333333334,260.25,1073.8713510294626,0.0,0.0
2023-07-02,978.0,val,525.0,365.0,1260.0,1395.0,525.4285714285714,601.3333333333334,222.5,1610.1895159428223,0.0,0.0
2023-07-03,3281.0,val,525.0,191.0,1824.0,1260.0,525.4285714285714,601.3333333333334,604.25,2472.9115178988773,0.0,378.1472025414761
2023-07-04,3373.0,val,525.0,600.0,3125.0,1824.0,525.4285714285714,601.3333333333334,828.75,2418.7346697200915,0.0,508.86241745135317
2023-07-05,2715.0,val,525.0,678.0,3133.0,3125.0,525.4285714285714,601.3333333333334,821.75,3582.359696679013,0.0,523.5678764999751
2023-07-06,3328.0,val,525.0,696.0,1760.0,3133.0,525.4285714285714,601.3333333333334,830.0,3392.713969242465,0.0,424.0475437302704
2023-07-07,2690.0,val,525.0,623.0,2026.0,1760.0,525.4285714285714,601.3333333333334,532.5,2076.7933873872566,0.0,43.316148045602915
2023-07-08,1563.0,val,525.0,525.0,1245.0,2026.0,525.4285714285714,601.3333333333334,260.25,1524.7807510325374,0.0,0.0
2023-07-09,1273.0,val,525.0,365.0,1169.0,1245.0,525.4285714285714,601.3333333333334,222.5,1091.3881190780912,0.0,0.0
2023-07-10,2986.0,val,525.0,191.0,2702.0,1169.0,525.4285714285714,601.3333333333334,604.25,2318.553676101171,0.0,356.9529384366813
2023-07-11,3145.0,val,525.0,600.0,3010.0,2702.0,525.4285714285714,601.3333333333334,828.75,1395.3394235837034,0.0,487.8312386322308
2023-07-12,2464.0,val,525.0,678.0,3058.0,3010.0,525.4285714285714,601.3333333333334,821.75,3611.033953172039,0.0,502.5473854318403
2023-07-13,2660.0,val,525.0,696.0,2781.0,3058.0,525.4285714285714,601.3333333333334,830.0,2870.3451004098124,0.0,402.88768640308507
2023-07-14,2704.0,val,525.0,623.0,2281.0,2781.0,525.4285714285714,601.3333333333334,532.5,2850.1073910568216,0.0,21.64750834952207
2023-07-15,1081.0,val,525.0,525.0,1342.0,2281.0,525.4285714285714,601.3333333333334,260.25,1587.1351868837085,0.0,0.0
2023-07-16,1431.0,val,525.0,365.0,1316.0,1342.0,525.4285714285714,601.3333333333334,222.5,1273.156840167688,0.0,0.0
2023-07-17,2527.0,val,525.0,191.0,2901.0,1316.0,525.4285714285714,601.3333333333334,604.25,1654.9877304374327,0.0,335.6704205485604
2023-07-18,3379.0,val,525.0,600.0,2913.0,2901.0,525.4285714285714,601.3333333333334,828.75,3553.71845015901,0.0,466.71202026862204
2023-07-19,3289.0,val,525.0,678.0,2679.0,2913.0,525.4285714285714,601.3333333333334,821.75,3483.973088335367,0.0,481.4388688593048
2023-07-20,3324.0,val,525.0,696.0,2367.0,2679.0,525.4285714285714,601.3333333333334,830.0,3518.970239950474,0.0,381.6396204914284
2023-07-21,1960.0,val,525.0,623.0,2268.0,2367.0,525.4285714285714,601.3333333333334,532.5,3201.798514414285,0.0,0.0
2023-07-22,1596.0,val,525.0,525.0,1119.0,2268.0,525.4285714285714,601.3333333333334,260.25,2640.061981610115,0.0,0.0
2023-07-23,1434.0,val,525.0,365.0,1291.0,1119.0,525.4285714285714,601.3333333333334,222.5,2774.1584843345813,0.0,0.0
2023-07-24,2211.0,val,525.0,191.0,2598.0,1291.0,525.4285714285714,601.3333333333334,604.25,1923.681291222024,0.0,314.299532941528
2023-07-25,1779.0,val,525.0,600.0,2010.0,2598.0,525.4285714285714,601.3333333333334,828.75,2767.289683115585,0.0,445.5046467063786
2023-07-26,1501.0,val,525.0,678.0,3093.0,2010.0,525.4285714285714,601.3333333333334,821.75,2466.591700989615,0.0,460.24221114666415
2023-07-27,2675.0,val,525.0,696.0,2979.0,3093.0,525.4285714285714,601.3333333333334,830.0,3568.579993482457,0.0,360.3032301190907
2023-07-28,2036.0,val,525.0,623.0,1873.0,2979.0,525.4285714285714,601.3333333333334,532.5,2465.8987717293403,0.0,0.0
2023-07-29,647.0,val,525.0,525.0,1227.0,1873.0,525.4285714285714,601.3333333333334,260.25,2712.52221044019,0.0,0.0
2023-07-30,1219.0,val,525.0,365.0,1408.0,1227.0,525.4285714285714,601.3333333333334,222.5,2249.5683794593683,0.0,0.0
2023-07-31,2788.0,val,525.0,191.0,2412.0,1408.0,525.4285714285714,601.3333333333334,604.25,2323.8122264785425,0.0,292.8401595276981
2023-08-01,1450.0,val,525.0,600.0,2970.0,2412.0,525.4285714285714,601.3333333333334,828.75,3113.49256443632,0.0,424.2090021394216
2023-08-02,2174.0,val,525.0,678.0,2767.0,2970.0,525.4285714285714,601.3333333333334,821.75,3391.6121220866157,0.0,438.9572965063076
2023-08-03,2632.0,val,525.0,696.0,2515.0,2767.0,525.4285714285714,601.3333333333334,830.0,2828.745082986364,0.0,338.8783992576401
2023-08-04,1440.0,val,525.0,623.0,1851.0,2515.0,525.4285714285714,601.3333333333334,532.5,1710.2610542972816,0.0,0.0
2023-08-05,537.0,val,525.0,525.0,785.0,1851.0,525.4285714285714,601.3333333333334,260.25,1690.4945090523295,0.0,0.0
2023-08-06,362.0,val,525.0,365.0,1312.0,785.0,525.4285714285714,601.3333333333334,222.5,1427.6044086618926,0.0,0.0
2023-08-07,1384.0,val,525.0,191.0,2465.0,1312.0,525.4285714285714,601.3333333333334,604.25,2835.547602172242,0.0,271.2921840666845
2023-08-08,2521.0,val,525.0,600.0,2698.0,2465.0,525.4285714285714,601.3333333333334,828.75,2653.3640195918497,0.0,402.824970609542
2023-08-09,1315.0,val,525.0,678.0,2540.0,2698.0,525.4285714285714,601.3333333333334,821.75,2465.221047083738,0.0,417.58400899851847
2023-08-10,2570.0,val,525.0,696.0,2423.0,2540.0,525.4285714285714,601.3333333333334,830.0,2715.9314718601136,0.0,317.3650117262224
2023-08-11,2002.0,val,525.0,623.0,1913.0,2423.0,525.4285714285714,601.3333333333334,532.5,2637.082360948045,0.0,0.0
2023-08-12,1290.0,val,525.0,525.0,1009.0,1913.0,525.4285714285714,601.3333333333334,260.25,1949.9554192631588,0.0,0.0
2023-08-13,1029.0,val,525.0,365.0,1083.0,1009.0,525.4285714285714,601.3333333333334,222.5,1728.681816107172,0.0,0.0
2023-08-14,1882.0,val,525.0,191.0,1148.0,1083.0,525.4285714285714,601.3333333333334,604.25,1562.6493984496565,0.0,249.6554901654008
2023-08-15,979.0,val,525.0,600.0,2262.0,1148.0,525.4285714285714,601.3333333333334,828.75,1711.9321473649802,0.0,381.35243600620123
2023-08-16,2679.0,val,525.0,678.0,2282.0,2262.0,525.4285714285714,601.3333333333334,821.75,2020.4111104360022,0.0,396.12223253127496
2023-08-17,2418.0,val,525.0,696.0,1847.0,2282.0,525.4285714285714,601.3333333333334,830.0,2339.1502739420794,0.0,295.7629511913615
2023-08-18,2045.0,val,525.0,623.0,682.0,1847.0,525.4285714285714,601.3333333333334,532.5,1907.9720776317577,0.0,0.0
2023-08-19,1063.0,val,525.0,525.0,326.0,682.0,525.4285714285714,601.3333333333334,260.25,1245.643310994498,0.0,0.0
2023-08-20,1089.0,val,525.0,365.0,1256.0,326.0,525.4285714285714,601.3333333333334,222.5,1817.8523974978207,0.0,0.0
2023-08-21,2150.0,val,525.0,191.0,2082.0,1256.0,525.4285714285714,601.3333333333334,604.25,2006.4905380382538,0.0,227.9299612778591
2023-08-22,2333.0,val,525.0,600.0,2365.0,2082.0,525.4285714285714,601.3333333333334,828.75,2462.407273447425,0.0,359.7912820663305
2023-08-23,2222.0,val,525.0,678.0,2151.0,2365.0,525.4285714285714,601.3333333333334,821.75,2034.803503201112,0.0,374.57185086004927
2023-08-24,2097.0,val,525.0,696.0,2070.0,2151.0,525.4285714285714,601.3333333333334,830.0,2236.416744427232,0.0,274.0721011667581
2023-08-25,1389.0,val,525.0,623.0,1405.0,2070.0,525.4285714285714,601.3333333333334,532.5,2408.0890112343177,0.0,0.0
2023-08-26,709.0,val,525.0,525.0,678.0,1405.0,525.4285714285714,601.3333333333334,260.25,1317.1371980383926,0.0,0.0
2023-08-27,163.0,val,525.0,365.0,455.0,678.0,525.4285714285714,601.3333333333334,222.5,1197.267483220013,0.0,0.0
2023-08-28,497.0,val,525.0,191.0,2013.0,455.0,525.4285714285714,601.3333333333334,604.25,1211.5129471184596,0.0,206.11548070496963
2023-08-29,641.0,val,525.0,600.0,2318.0,2013.0,525.4285714285714,601.3333333333334,828.75,2577.2947255753097,0.0,338.1413923741308
2023-08-30,1580.0,val,525.0,678.0,1136.0,2318.0,525.4285714285714,601.3333333333334,821.75,892.9481560325861,0.0,352.9327475876078
2023-08-31,1738.0,val,525.0,696.0,2077.0,1136.0,525.4285714285714,601.3333333333334,830.0,1464.1096254737959,0.0,252.2923450130896
2023-09-01,1560.0,val,525.0,623.0,1904.0,2077.0,525.4285714285714,601.3333333333334,532.5,1816.654156508142,0.0,0.0
2023-09-02,1296.0,val,525.0,525.0,817.0,1904.0,525.4285714285714,601.3333333333334,260.25,1950.0802700408146,0.0,0.0
2023-09-03,1296.0,val,525.0,365.0,1342.0,817.0,525.4285714285714,601.3333333333334,222.5,2098.574645221403,0.0,0.0
2023-09-04,2604.0,val,525.0,191.0,2474.0,1342.0,525.4285714285714,601.3333333333334,604.25,2039.3959358989587,0.0,184.21193159434006
2023-09-05,2811.0,val,525.0,600.0,2649.0,2474.0,525.4285714285714,601.3333333333334,828.75,2340.276631439688,0.0,316.40265036087266
2023-09-06,2741.0,val,525.0,678.0,2432.0,2649.0,525.4285714285714,601.3333333333334,821.75,3085.827778614239,0.0,331.2048061638108
2023-09-07,3070.0,val,525.0,696.0,1674.0,2432.0,525.4285714285714,601.3333333333334,830.0,2986.6392285069796,0.0,230.42356593780906
2023-09-08,2402.0,val,525.0,623.0,1606.0,1674.0,525.4285714285714,601.3333333333334,532.5,2110.7321958237453,0.0,0.0
2023-09-09,1334.0,val,525.0,525.0,507.0,1606.0,525.4285714285714,601.3333333333334,260.25,2808.532474348424,0.0,0.0
2023-09-10,1513.0,val,525.0,365.0,629.0,507.0,525.4285714285714,601.3333333333334,222.5,2914.9868738260825,0.0,0.0
2023-09-11,2868.0,val,525.0,191.0,2752.0,629.0,525.4285714285714,601.3333333333334,604.25,3602.687284765162,0.0,162.21919694007283
2023-09-12,3020.0,val,525.0,600.0,2940.0,2752.0,525.4285714285714,601.3333333333334,828.75,2959.6100823088937,0.0,294.574939304694
2023-09-13,1448.0,val,525.0,678.0,2088.0,2940.0,525.4285714285714,601.3333333333334,821.75,2876.4909793582774,0.0,309.38790988541047
2023-09-14,2461.0,val,525.0,696.0,1627.0,2088.0,525.4285714285714,601.3333333333334,830.0,3112.3409563786754,0.0,208.46564699494314
2023-09-15,2311.0,val,525.0,623.0,1274.0,1627.0,525.4285714285714,601.3333333333334,532.5,2407.9134564668075,0.0,0.0
2023-09-16,1458.0,val,525.0,525.0,491.0,1274.0,525.4285714285714,601.3333333333334,260.25,1073.5122728215292,0.0,0.0
2023-09-17,1595.0,val,525.0,365.0,416.0,491.0,525.4285714285714,601.3333333333334,222.5,2578.98221951573,0.0,0.0
2023-09-18,2105.0,val,525.0,191.0,1929.0,416.0,525.4285714285714,601.3333333333334,604.25,2804.4457671763475,0.0,140.13715958256466
2023-09-19,2770.0,val,525.0,600.0,1966.0,1929.0,525.4285714285714,601.3333333333334,828.75,2339.054978110433,0.0,272.6581423304001
2023-09-20,2997.0,val,525.0,678.0,2455.0,1966.0,525.4285714285714,601.3333333333334,821.75,2478.271125893382,0.0,287.48194189585064
2023-09-21,2914.0,val,525.0,696.0,2313.0,2455.0,525.4285714285714,601.3333333333334,830.0,2945.221954867361,0.0,186.4184710848913
2023-09-22,780.0,val,525.0,623.0,2105.0,2313.0,525.4285714285714,601.3333333333334,532.5,2633.3949604292998,0.0,0.0
2023-09-23,802.0,val,525.0,525.0,521.0,2105.0,525.4285714285714,601.3333333333334,260.25,1952.1317682156334,0.0,0.0
2023-09-24,1477.0,val,525.0,365.0,658.0,521.0,525.4285714285714,601.3333333333334,222.5,2322.46416134531,0.0,0.0
2023-09-25,2618.0,val,525.0,191.0,1645.0,658.0,525.4285714285714,601.3333333333334,604.25,1708.461434259439,0.0,117.96570220830415
2023-09-26,2966.0,val,525.0,600.0,1474.0,1645.0,525.4285714285714,601.3333333333334,828.75,2318.0182164113958,0.0,250.65214240926187
2023-09-27,2725.0,val,525.0,678.0,966.0,1474.0,525.4285714285714,601.3333333333334,821.75,2222.377525747679,0.0,265.4867851850654
2023-09-28,2743.0,val,525.0,696.0,1309.0,966.0,525.4285714285714,601.3333333333334,830.0,1818.1923227762677,0.0,164.28192095422395
2023-09-29,2249.0,val,525.0,623.0,1420.0,1309.0,525.4285714285714,601.3333333333334,532.5,1992.6733630763736,0.0,0.0
2023-09-30,1031.0,val,525.0,525.0,414.0,1420.0,525.4285714285714,601.3333333333334,260.25,2078.577370728962,0.0,0.0
2023-10-01,1383.0,val,525.0,365.0,293.0,414.0,525.4285714285714,601.3333333333334,222.5,2025.2855191881322,0.0,0.0
2023-10-02,2106.0,val,525.0,191.0,1082.0,293.0,525.4285714285714,601.3333333333334,604.25,1093.962801275036,0.0,95.70470734966955
2023-10-03,1617.0,val,525.0,600.0,2120.0,1082.0,525.4285714285714,601.3333333333334,828.75,1772.099250416073,0.0,228.55682235881392
2023-10-04,2479.0,val,525.0,678.0,2418.0,2120.0,525.4285714285714,601.3333333333334,821.75,2687.888072243622,0.0,243.40232258927696
2023-10-05,2400.0,val,525.0,696.0,2341.0,2418.0,525.4285714285714,601.3333333333334,830.0,1844.9882528465407,0.0,142.05587919547986
2023-10-06,1934.0,val,525.0,623.0,1797.0,2341.0,525.4285714285714,601.3333333333334,532.5,1943.7277863417003,0.0,0.0
2023-10-07,1219.0,val,525.0,525.0,721.0,1797.0,525.4285714285714,601.3333333333334,260.25,1591.4887903335227,0.0,0.0
2023-10-08,910.0,val,525.0,365.0,874.0,721.0,525.4285714285714,601.3333333333334,222.5,1203.7928512375559,0.0,0.0
2023-10-09,2318.0,val,525.0,191.0,2264.0,874.0,525.4285714285714,601.3333333333334,604.25,2018.1452672906098,0.0,73.35405738472662
2023-10-10,2760.0,val,525.0,600.0,2285.0,2264.0,525.4285714285714,601.3333333333334,828.75,2897.922494804131,0.0,206.37206484265295
2023-10-11,2825.0,val,525.0,678.0,2318.0,2285.0,525.4285714285714,601.3333333333334,821.75,2749.905753739479,0.0,221.22843679079426
2023-10-12,2540.0,val,525.0,696.0,2115.0,2318.0,525.4285714285714,601.3333333333334,830.0,2206.1148434036836,0.0,119.74022824696449
2023-10-13,2260.0,val,525.0,623.0,1661.0,2115.0,525.4285714285714,601.3333333333334,532.5,2348.751937212526,0.0,0.0
2023-10-14,596.0,val,525.0,525.0,752.0,1661.0,525.4285714285714,601.3333333333334,260.25,1835.4262447223334,0.0,0.0
2023-10-15,408.0,val,525.0,365.0,1340.0,752.0,525.4285714285714,601.3333333333334,222.5,1924.4618475463303,0.0,0.0
2023-10-16,2127.0,val,525.0,191.0,2767.0,1340.0,525.4285714285714,601.3333333333334,604.25,1802.6882873967156,0.0,50.9136345370257
2023-10-17,2094.0,val,525.0,600.0,2707.0,2767.0,525.4285714285714,601.3333333333334,828.75,3218.632553132781,0.0,184.09775237023533
2023-10-18,2005.0,val,525.0,678.0,2418.0,2707.0,525.4285714285714,601.3333333333334,821.75,2892.809250235322,0.0,198.96501031781045
2023-10-19,2108.0,val,525.0,696.0,2453.0,2418.0,525.4285714285714,601.3333333333334,830.0,2670.6228941846034,0.0,97.33485039254697
2023-10-20,1739.0,val,525.0,623.0,1613.0,2453.0,525.4285714285714,601.3333333333334,532.5,2754.8890437801083,0.0,0.0
2023-10-21,1083.0,val,525.0,525.0,1048.0,1613.0,525.4285714285714,601.3333333333334,260.25,1658.6501440492582,0.0,0.0
2023-10-22,1155.0,val,525.0,365.0,1332.0,1048.0,525.4285714285714,601.3333333333334,222.5,1350.9402076899128,0.0,0.0
2023-10-23,2333.0,val,525.0,191.0,1408.0,1332.0,525.4285714285714,601.3333333333334,604.25,1891.4343569903044,0.0,28.383320875399022
2023-10-24,1819.0,val,525.0,600.0,2737.0,1408.0,525.4285714285714,601.3333333333334,828.75,1854.1563810940206,0.0,161.73376729667493
2023-10-25,2179.0,val,525.0,678.0,2275.0,2737.0,525.4285714285714,601.3333333333334,821.75,2738.4960024704947,0.0,176.6119255442008
2023-10-26,1486.0,val,525.0,696.0,2700.0,2275.0,525.4285714285714,601.3333333333334,830.0,2287.4637149645696,0.0,74.83962776145758
2023-10-27,1100.0,val,525.0,623.0,2233.0,2700.0,525.4285714285714,601.3333333333334,532.5,2532.818594510552,0.0,0.0
2023-10-28,957.0,val,525.0,525.0,1178.0,2233.0,525.4285714285714,601.3333333333334,260.25,1778.2010529649103,0.0,0.0
2023-10-29,1056.0,val,525.0,365.0,1301.0,1178.0,525.4285714285714,601.3333333333334,222.5,1033.2998876588126,0.0,0.0
2023-10-30,1788.0,val,525.0,191.0,1591.0,1301.0,525.4285714285714,601.3333333333334,604.25,1660.981556812932,0.0,5.762998313756384
2023-10-31,1141.0,val,525.0,600.0,879.0,1591.0,525.4285714285714,601.3333333333334,828.75,1563.8052513721086,0.0,139.27999182253922
2023-11-01,835.0,val,525.0,678.0,2072.0,879.0,525.4285714285714,601.3333333333334,821.75,918.9609416761492,0.0,154.16906468931876
2023-11-02,1084.0,val,525.0,696.0,2056.0,2072.0,525.4285714285714,601.3333333333334,830.0,2162.2544056032434,0.0,52.25444232808334
2023-11-03,913.0,val,525.0,623.0,818.0,2056.0,525.4285714285714,601.3333333333334,532.5,1740.6310060000726,0.0,0.0
2023-11-04,685.0,val,525.0,525.0,449.0,818.0,525.4285714285714,601.3333333333334,260.25,892.8787794881207,0.0,0.0
2023-11-05,385.0,val,525.0,365.0,840.0,449.0,525.4285714285714,601.3333333333334,222.5,1083.8065482771472,0.0,0.0
2023-11-06,2061.0,val,525.0,191.0,2445.0,840.0,525.4285714285714,601.3333333333334,604.25,1497.4620499130788,0.0,0.0
2023-11-07,2017.0,val,525.0,600.0,2527.0,2445.0,525.4285714285714,601.3333333333334,828.75,1872.2463128353386,0.0,116.73630799364801
2023-11-08,2123.0,val,525.0,678.0,2354.0,2527.0,525.4285714285714,601.3333333333334,821.75,2533.535422361604,0.0,131.6363098177949
2023-11-09,1993.0,val,525.0,696.0,2201.0,2354.0,525.4285714285714,601.3333333333334,830.0,2491.6798143133533,0.0,29.579175911766697
2023-11-10,1272.0,val,525.0,623.0,1826.0,2201.0,525.4285714285714,601.3333333333334,532.5,2137.703267100455,0.0,0.0
2023-11-11,509.0,val,525.0,525.0,783.0,1826.0,525.4285714285714,601.3333333333334,260.25,1649.5601003551562,0.0,0.0
2023-11-12,457.0,val,525.0,365.0,820.0,783.0,525.4285714285714,601.3333333333334,222.5,1036.3870626140872,0.0,0.0
2023-11-13,1047.0,val,525.0,191.0,2281.0,820.0,525.4285714285714,601.3333333333334,604.25,1718.7500551440157,0.0,0.0
2023-11-14,1223.0,val,525.0,600.0,2449.0,2281.0,525.4285714285714,601.3333333333334,828.75,2495.7546865476124,0.0,94.10259770086878
2023-11-15,1586.0,val,525.0,678.0,1475.0,2449.0,525.4285714285714,601.3333333333334,821.75,2312.661909408628,0.0,109.01354283933215
2023-11-16,2081.0,val,525.0,696.0,1606.0,1475.0,525.4285714285714,601.3333333333334,830.0,1817.8141093194288,0.0,6.813710176600139
2023-11-17,913.0,val,525.0,623.0,1015.0,1606.0,525.4285714285714,601.3333333333334,532.5,1909.8653049567495,0.0,0.0
2023-11-18,627.0,val,525.0,525.0,582.0,1015.0,525.4285714285714,601.3333333333334,260.25,1286.5838557243299,0.0,0.0
2023-11-19,516.0,val,525.0,365.0,512.0,582.0,525.4285714285714,601.3333333333334,222.5,1094.6516840903098,0.0,0.0
2023-11-20,1977.0,val,525.0,191.0,1726.0,512.0,525.4285714285714,601.3333333333334,604.25,1403.9703168452875,0.0,0.0
2023-11-21,1625.0,val,525.0,600.0,1291.0,1726.0,525.4285714285714,601.3333333333334,828.75,1906.3554831259237,0.0,71.37874267991393
2023-11-22,1485.0,val,525.0,678.0,2000.0,1291.0,525.4285714285714,601.3333333333334,821.75,1645.6544097706937,0.0,86.30064550850302
2023-11-23,2028.0,val,525.0,696.0,1707.0,2000.0,525.4285714285714,601.3333333333334,830.0,2095.5172592405515,0.0,0.0
2023-11-24,734.0,val,525.0,623.0,1262.0,1707.0,525.4285714285714,601.3333333333334,532.5,1872.6000323908822,0.0,0.0
2023-11-25,241.0,val,525.0,525.0,537.0,1262.0,525.4285714285714,601.3333333333334,260.25,1186.3088527339019,0.0,0.0
2023-11-26,256.0,val,525.0,365.0,625.0,537.0,525.4285714285714,601.3333333333334,222.5,793.6923826484153,0.0,0.0
2023-11-27,1242.0,val,525.0,191.0,1640.0,625.0,525.4285714285714,601.3333333333334,604.25,1380.9875717561931,0.0,0.0
2023-11-28,921.0,val,525.0,600.0,1260.0,1640.0,525.4285714285714,601.3333333333334,828.75,1543.0170265021084,0.0,48.564624511136685
2023-11-29,943.0,val,525.0,678.0,1671.0,1260.0,525.4285714285714,601.3333333333334,821.75,1395.4337920651938,0.0,63.49749942454574
2023-11-30,771.0,val,525.0,696.0,1662.0,1671.0,525.4285714285714,601.3333333333334,830.0,1410.0568393328497,0.0,0.0
2023-12-01,380.0,val,525.0,623.0,1125.0,1662.0,525.4285714285714,601.3333333333334,532.5,1391.0510481923252,0.0,0.0
2023-12-02,14.0,val,525.0,525.0,515.0,1125.0,525.4285714285714,601.3333333333334,260.25,904.5438519757467,0.0,0.0
2023-12-03,22.0,val,525.0,365.0,378.0,515.0,525.4285714285714,601.3333333333334,222.5,718.5793233076233,0.0,0.0
2023-12-04,116.0,val,525.0,191.0,1274.0,378.0,525.4285714285714,601.3333333333334,604.25,1249.754692018225,0.0,0.0
2023-12-05,91.0,val,525.0,600.0,1639.0,1274.0,525.4285714285714,601.3333333333334,828.75,1469.7411040427414,0.0,25.66012461932641
2023-12-06,99.0,val,525.0,678.0,1629.0,1639.0,525.4285714285714,601.3333333333334,821.75,1675.7491929003377,0.0,40.60398603115934
2023-12-07,171.0,val,525.0,696.0,1535.0,1629.0,525.4285714285714,601.3333333333334,830.0,1576.9469788967879,0.0,0.0
2023-12-08,211.0,val,525.0,623.0,1011.0,1535.0,525.4285714285714,601.3333333333334,532.5,1542.3057449871867,0.0,0.0
2023-12-09,129.0,val,525.0,525.0,303.0,1011.0,525.4285714285714,601.3333333333334,260.25,685.630398400406,0.0,0.0
2023-12-10,195.0,val,525.0,365.0,133.0,303.0,525.4285714285714,601.3333333333334,222.5,539.4704761578269,0.0,0.0
2023-12-11,975.0,val,525.0,191.0,770.0,133.0,525.4285714285714,601.3333333333334,604.25,962.9598876445228,0.0,0.0
2023-12-12,1012.0,val,525.0,600.0,722.0,770.0,525.4285714285714,601.3333333333334,828.75,1114.495216802661,0.0,2.66512427350537
2023-12-13,1117.0,val,525.0,678.0,427.0,722.0,525.4285714285714,601.3333333333334,821.75,1144.3757394153622,0.0,17.619986616300768
2023-12-14,1039.0,val,525.0,696.0,344.0,427.0,525.4285714285714,601.3333333333334,830.0,1219.3227777344312,0.0,0.0
2023-12-15,909.0,val,525.0,623.0,56.0,344.0,525.4285714285714,601.3333333333334,532.5,1277.676930156908,0.0,0.0
2023-12-16,475.0,val,525.0,525.0,9.0,56.0,525.4285714285714,601.3333333333334,260.25,705.9127253367267,0.0,0.0
2023-12-17,415.0,val,525.0,365.0,14.0,9.0,525.4285714285714,601.3333333333334,222.5,907.8137804306143,0.0,0.0
2023-12-18,1323.0,val,525.0,191.0,182.0,14.0,525.4285714285714,601.3333333333334,604.25,1123.2524585783103,0.0,0.0
2023-12-19,1498.0,val,525.0,600.0,354.0,182.0,525.4285714285714,601.3333333333334,828.75,1037.950748127222,0.0,0.0
2023-12-20,870.0,val,525.0,678.0,553.0,354.0,525.4285714285714,601.3333333333334,821.75,994.333597935427,0.0,0.0
2023-12-21,734.0,val,525.0,696.0,745.0,553.0,525.4285714285714,601.3333333333334,830.0,1106.809581351465,0.0,0.0
2023-12-22,337.0,val,525.0,623.0,440.0,745.0,525.4285714285714,601.3333333333334,532.5,1000.0379923031564,0.0,0.0
2023-12-23,116.0,val,525.0,525.0,204.0,440.0,525.4285714285714,601.3333333333334,260.25,261.7319968375626,0.0,0.0
2023-12-24,54.0,val,525.0,365.0,365.0,204.0,525.4285714285714,601.3333333333334,222.5,0.0,0.0,0.0
2023-12-25,225.0,val,525.0,191.0,191.0,365.0,525.4285714285714,601.3333333333334,604.25,545.4112275886165,0.0,0.0
2023-12-26,294.0,val,525.0,600.0,600.0,191.0,525.4285714285714,601.3333333333334,828.75,641.1396581656363,0.0,0.0
2023-12-27,667.0,val,525.0,678.0,678.0,600.0,525.4285714285714,601.3333333333334,821.75,972.226068287033,0.0,0.0
2023-12-28,624.0,val,525.0,696.0,696.0,678.0,525.4285714285714,601.3333333333334,830.0,837.8746408629011,0.0,0.0
2023-12-29,543.0,val,525.0,623.0,623.0,696.0,525.4285714285714,601.3333333333334,532.5,802.2269623352192,0.0,0.0
2023-12-30,518.0,val,525.0,525.0,525.0,623.0,525.4285714285714,601.3333333333334,260.25,239.0772170402816,0.0,0.0
2023-12-31,334.0,val,525.0,365.0,754.0,525.0,525.4285714285714,601.3333333333334,222.5,199.6240750741669,0.0,0.0
2024-01-01,261.0,test,334.0,225.0,1085.0,596.0,457.85714285714283,504.23333333333335,659.75,900.9544161224782,1141.2260696882154,1061.0013183477408
2024-01-02,590.0,test,334.0,294.0,884.0,1085.0,457.85714285714283,504.23333333333335,723.75,973.7338636473503,1116.6403978925869,1038.3347924080992
2024-01-03,714.0,test,334.0,667.0,1018.0,884.0,457.85714285714283,504.23333333333335,688.25,928.6686755497732,1044.3932740245461,1007.1255178062559
2024-01-04,729.0,test,334.0,624.0,725.0,1018.0,457.85714285714283,504.23333333333335,642.0,972.2810092108616,1037.1544905155768,973.5372006234032
2024-01-05,631.0,test,334.0,543.0,616.0,725.0,457.85714285714283,504.23333333333335,500.0,690.0236426262081,534.3156540498535,533.464227583386
2024-01-06,175.0,test,334.0,518.0,764.0,616.0,457.85714285714283,504.23333333333335,309.5,70.69844227308437,0.0,0.0
2024-01-07,78.0,test,334.0,334.0,516.0,764.0,457.85714285714283,504.23333333333335,249.5,392.09505754816877,0.0,0.0
2024-01-08,346.0,test,334.0,225.0,1491.0,516.0,457.85714285714283,504.23333333333335,659.75,850.9742568687369,923.3556981423101,931.2198170237027
2024-01-09,255.0,test,334.0,294.0,1545.0,1491.0,457.85714285714283,504.23333333333335,723.75,926.1715657963082,998.2385645178089,1011.5358802674529
2024-01-10,227.0,test,334.0,667.0,1427.0,1545.0,457.85714285714283,504.23333333333335,688.25,1088.1481296346722,974.3563214110251,987.5615459229864
2024-01-11,240.0,test,334.0,624.0,1540.0,1427.0,457.85714285714283,504.23333333333335,642.0,1157.2322143131757,990.6955827389261,980.7052631535687
2024-01-12,270.0,test,334.0,543.0,1157.0,1540.0,457.85714285714283,504.23333333333335,500.0,1034.8179912195776,498.77643819818155,513.5512021202846
2024-01-13,98.0,test,334.0,518.0,760.0,1157.0,457.85714285714283,504.23333333333335,309.5,655.4847657923276,0.0,0.0
2024-01-14,117.0,test,334.0,334.0,327.0,760.0,457.85714285714283,504.23333333333335,249.5,737.9670083883607,0.0,0.0
2024-01-15,508.0,test,334.0,225.0,1628.0,327.0,457.85714285714283,504.23333333333335,659.75,1052.4162197878363,897.8692930699774,897.156366751262
2024-01-16,435.0,test,334.0,294.0,1717.0,1628.0,457.85714285714283,504.23333333333335,723.75,1160.6835870676166,973.4725661368383,987.1271259520825
2024-01-17,229.0,test,334.0,667.0,1555.0,1717.0,457.85714285714283,504.23333333333335,688.25,1008.793721035722,949.8690808997458,967.5292987933881
2024-01-18,674.0,test,334.0,624.0,1061.0,1555.0,457.85714285714283,504.23333333333335,642.0,932.2491258201744,966.3705673946049,962.4357657168792
2024-01-19,318.0,test,334.0,543.0,796.0,1061.0,457.85714285714283,504.23333333333335,500.0,955.790572132116,473.9680028650721,495.20244638678116
2024-01-20,93.0,test,334.0,518.0,150.0,796.0,457.85714285714283,504.23333333333335,309.5,570.1830886220123,0.0,0.0
2024-01-21,117.0,test,334.0,334.0,97.0,150.0,457.85714285714283,504.23333333333335,249.5,606.1363696118369,0.0,0.0
2024-01-22,730.0,test,334.0,225.0,586.0,97.0,457.85714285714283,504.23333333333335,659.75,1269.6558940589416,873.5411342475245,878.7952208122368
2024-01-23,1016.0,test,334.0,294.0,745.0,586.0,457.85714285714283,504.23333333333335,723.75,1167.249265283625,949.223746780558,968.6672823179147
2024-01-24,1154.0,test,334.0,667.0,961.0,745.0,457.85714285714283,504.23333333333335,688.25,1280.5241663528327,925.5867671906511,948.8821464920134
2024-01-25,1500.0,test,334.0,624.0,988.0,961.0,457.85714285714283,504.23333333333335,642.0,1143.5902305361535,942.0984551543891,943.665695307888
2024-01-26,906.0,test,334.0,543.0,531.0,988.0,457.85714285714283,504.23333333333335,500.0,1062.374799182158,449.13781424133185,475.76225469243764
2024-01-27,724.0,test,334.0,518.0,274.0,531.0,457.85714285714283,504.23333333333335,309.5,620.1989620249121,0.0,0.0
2024-01-28,760.0,test,334.0,334.0,229.0,274.0,457.85714285714283,504.23333333333335,249.5,479.5638272933367,0.0,0.0
2024-01-29,1372.0,test,334.0,225.0,1004.0,229.0,457.85714285714283,504.23333333333335,659.75,1141.6460033609005,849.1295327316166,859.7241814492565
2024-01-30,1837.0,test,334.0,294.0,1192.0,1004.0,457.85714285714283,504.23333333333335,723.75,1240.2614120469675,924.8874057168401,949.6920608643296
2024-01-31,1716.0,test,334.0,667.0,1154.0,1192.0,457.85714285714283,504.23333333333335,688.25,1161.3467028281407,901.214864999623,929.8686009977522
2024-02-01,1135.0,test,334.0,624.0,810.0,1154.0,457.85714285714283,504.23333333333335,642.0,1081.3145759784607,917.7357775813055,924.6347277696684
2024-02-02,1080.0,test,334.0,543.0,740.0,810.0,457.85714285714283,504.23333333333335,500.0,933.3372154671711,424.21595643107383,456.1310823588509
2024-02-03,866.0,test,334.0,518.0,419.0,740.0,457.85714285714283,504.23333333333335,309.5,499.5207154288908,0.0,0.0
2024-02-04,619.0,test,334.0,334.0,393.0,419.0,457.85714285714283,504.23333333333335,249.5,918.7446050148917,0.0,0.0
2024-02-05,1941.0,test,334.0,225.0,1191.0,393.0,457.85714285714283,504.23333333333335,659.75,1475.255039397609,824.6263250179999,840.552751918861
2024-02-06,2108.0,test,334.0,294.0,1356.0,1191.0,457.85714285714283,504.23333333333335,723.75,1229.3642907195128,900.459515362147,930.6262096555236
2024-02-07,1694.0,test,334.0,667.0,1194.0,1356.0,457.85714285714283,504.23333333333335,688.25,1129.3935301943002,876.7513606667408,910.7697333365903
2024-02-08,1405.0,test,334.0,624.0,1204.0,1194.0,457.85714285714283,504.23333333333335,642.0,1390.5554362070936,893.2815017415901,905.5212688440497
2024-02-09,1224.0,test,334.0,543.0,1019.0,1204.0,457.85714285714283,504.23333333333335,500.0,970.5598061753975,399.20187337066375,436.4181018193319
2024-02-10,712.0,test,334.0,518.0,522.0,1019.0,457.85714285714283,504.23333333333335,309.5,568.3633395627633,0.0,0.0
2024-02-11,441.0,test,334.0,334.0,584.0,522.0,457.85714285714283,504.23333333333335,249.5,464.3481465480707,0.0,0.0
2024-02-12,1197.0,test,334.0,225.0,1378.0,584.0,457.85714285714283,504.23333333333335,659.75,1240.0910881420405,800.0313565052086,821.3011393166755
2024-02-13,1376.0,test,334.0,294.0,1559.0,1378.0,457.85714285714283,504.23333333333335,723.75,1334.9098336221166,875.9399480616951,911.4803131590846
2024-02-14,1472.0,test,334.0,667.0,1570.0,1559.0,457.85714285714283,504.23333333333335,688.25,1497.95327078455,852.1961395692019,891.5907525540308
2024-02-15,1696.0,test,334.0,624.0,1588.0,1570.0,457.85714285714283,504.23333333333335,642.0,1283.8371500369133,868.7355193914847,886.3276462003136
2024-02-16,1410.0,test,334.0,543.0,1062.0,1588.0,457.85714285714283,504.23333333333335,500.0,1289.1653589986229,374.0954592210498,416.6241722239484
2024-02-17,620.0,test,334.0,518.0,580.0,1062.0,457.85714285714283,504.23333333333335,309.5,890.9755925481818,0.0,0.0
2024-02-18,1006.0,test,334.0,334.0,427.0,580.0,457.85714285714283,504.23333333333335,249.5,1044.475316989479,0.0,0.0
2024-02-19,1535.0,test,334.0,225.0,1552.0,427.0,457.85714285714283,504.23333333333335,659.75,1421.8574463181835,775.3445244785148,801.9691125390862
2024-02-20,1430.0,test,334.0,294.0,1760.0,1552.0,457.85714285714283,504.23333333333335,723.75,1688.835443285629,851.3286013688556,892.2541293090122
2024-02-21,2051.0,test,334.0,667.0,1635.0,1760.0,457.85714285714283,504.23333333333335,688.25,1464.836956933505,827.5490993009498,872.3314385309894
2024-02-22,1140.0,test,334.0,624.0,1455.0,1635.0,457.85714285714283,504.23333333333335,642.0,1428.304767404051,844.0977281777624,867.053669372329
2024-02-23,1108.0,test,334.0,543.0,931.0,1455.0,457.85714285714283,504.23333333333335,500.0,1379.1042830924673,348.8966109523381,396.74912907791304
2024-02-24,764.0,test,334.0,518.0,417.0,931.0,457.85714285714283,504.23333333333335,309.5,1300.2045870641225,0.0,0.0
2024-02-25,910.0,test,334.0,334.0,187.0,417.0,457.85714285714283,504.23333333333335,249.5,879.2274077255436,0.0,0.0
2024-02-26,1846.0,test,334.0,225.0,1041.0,187.0,457.85714285714283,504.23333333333335,659.75,1255.8393215561432,750.5657264466047,782.5565539891815
2024-02-27,1920.0,test,334.0,294.0,1225.0,1041.0,457.85714285714283,504.23333333333335,723.75,1215.2625597193776,826.6253728872997,872.9475472242364
2024-02-28,1820.0,test,334.0,667.0,1372.0,1225.0,457.85714285714283,504.23333333333335,688.25,1435.7154276456008,802.810137421828,852.9916844014025
2024-02-29,1865.0,test,334.0,624.0,1969.0,1372.0,457.85714285714283,504.23333333333335,642.0,1421.5513755503368,819.3680256720352,847.699233911208
2024-03-01,1246.0,test,334.0,543.0,1727.0,1969.0,457.85714285714283,504.23333333333335,500.0,1602.9809569607917,323.6052254386945,376.79286839016726
2024-03-02,1042.0,test,334.0,518.0,759.0,1727.0,457.85714285714283,504.23333333333335,309.5,1069.1352504692954,0.0,0.0
2024-03-03,1140.0,test,334.0,334.0,435.0,759.0,457.85714285714283,504.23333333333335,249.5,1030.6011817216995,0.0,0.0
2024-03-04,1849.0,test,334.0,225.0,1523.0,435.0,457.85714285714283,504.23333333333335,659.75,1202.1373191600323,725.6948598060127,763.0633618442549
2024-03-05,1798.0,test,334.0,294.0,1949.0,1523.0,457.85714285714283,504.23333333333335,723.75,1288.4245460278348,801.8301601075269,853.56046535376
2024-03-06,962.0,test,334.0,667.0,1386.0,1949.0,457.85714285714283,504.23333333333335,688.25,1541.8947095147582,777.9791513779115,833.5713886052766
2024-03-07,1971.0,test,334.0,624.0,1273.0,1386.0,457.85714285714283,504.23333333333335,642.0,1676.6590596574827,794.5463093318918,828.2642382483838
2024-03-08,1659.0,test,334.0,543.0,1077.0,1273.0,457.85714285714283,504.23333333333335,500.0,1606.494830843618,298.2211994393535,356.7552876357467
2024-03-09,1151.0,test,334.0,518.0,741.0,1077.0,457.85714285714283,504.23333333333335,309.5,959.8421941524284,0.0,0.0
2024-03-10,874.0,test,334.0,334.0,342.0,741.0,457.85714285714283,504.23333333333335,249.5,1131.3300732448179,0.0,0.0
2024-03-11,2116.0,test,334.0,225.0,2176.0,342.0,457.85714285714283,504.23333333333335,659.75,1771.6557875344474,700.7318218388164,743.4894343052589
2024-03-12,2110.0,test,334.0,294.0,1499.0,2176.0,457.85714285714283,504.23333333333335,723.75,1597.9388604552637,776.9428604056772,834.0927820644122
2024-03-13,1629.0,test,334.0,667.0,1394.0,1499.0,457.85714285714283,504.23333333333335,688.25,1285.1847807115407,753.0560385008623,814.0704494543601
2024-03-14,2165.0,test,334.0,624.0,1824.0,1394.0,457.85714285714283,504.23333333333335,642.0,1564.9743198083354,769.6324765005198,808.7485806707135
2024-03-15,1627.0,test,334.0,543.0,1819.0,1824.0,457.85714285714283,504.23333333333335,500.0,1616.9239760889593,272.74442959836824,336.63628414113987
2024-03-16,596.0,test,334.0,518.0,1363.0,1819.0,457.85714285714283,504.23333333333335,309.5,1028.8757363566933,0.0,0.0
2024-03-17,1092.0,test,334.0,334.0,619.0,1363.0,457.85714285714283,504.23333333333335,249.5,1127.7744612636207,0.0,0.0
2024-03-18,1337.0,test,334.0,225.0,1939.0,619.0,457.85714285714283,504.23333333333335,659.75,1569.6292818210532,675.6765097124944,723.8346694357251
2024-03-19,2233.0,test,334.0,294.0,2387.0,1939.0,457.85714285714283,504.23333333333335,723.75,1752.675868771105,751.9633710433965,814.5443955887657
2024-03-20,2487.0,test,334.0,667.0,2682.0,2387.0,457.85714285714283,504.23333333333335,688.25,1919.0280986442162,728.0406960077992,794.4887651282153
2024-03-21,1563.0,test,334.0,624.0,2230.0,2682.0,457.85714285714283,504.23333333333335,642.0,1715.3792979707698,744.626424406576,789.1521593342943
2024-03-22,1995.0,test,334.0,543.0,1076.0,2230.0,457.85714285714283,504.23333333333335,500.0,1786.7479097775179,247.17481244448146,316.4357551018091
2024-03-23,318.0,test,334.0,518.0,646.0,1076.0,457.85714285714283,504.23333333333335,309.5,1626.0126001485444,0.0,0.0
2024-03-24,242.0,test,334.0,334.0,277.0,646.0,457.85714285714283,504.23333333333335,249.5,1615.3065110482398,0.0,0.0
2024-03-25,1684.0,test,334.0,225.0,1793.0,277.0,457.85714285714283,504.23333333333335,659.75,1782.8644099517082,650.5288204797988,704.098965170247
2024-03-26,2109.0,test,334.0,294.0,1727.0,1793.0,457.85714285714283,504.23333333333335,723.75,1879.1407448942696,726.8915891677094,794.9152040307852
2024-03-27,1495.0,test,334.0,667.0,1659.0,1727.0,457.85714285714283,504.23333333333335,688.25,2599.8393097296134,702.9330210011693,774.8262336777918
2024-03-28,1144.0,test,334.0,624.0,1194.0,1659.0,457.85714285714283,504.23333333333335,642.0,2591.7242715615375,719.5280501640586,769.4748722666126
2024-03-29,930.0,test,334.0,543.0,1083.0,1194.0,457.85714285714283,504.23333333333335,500.0,1766.2475284623274,221.51224439099627,296.15359758340827
2024-03-30,960.0,test,334.0,518.0,492.0,1083.0,457.85714285714283,504.23333333333335,309.5,1228.2018456661801,0.0,0.0
2024-03-31,749.0,test,334.0,334.0,442.0,492.0,457.85714285714283,504.23333333333335,249.5,1202.399351317138,0.0,0.0
2024-04-01,285.0,test,334.0,225.0,1347.0,442.0,457.85714285714283,504.23333333333335,659.75,2014.8094790026125,625.2886510786266,684.2822193145536
2024-04-02,1509.0,test,334.0,294.0,1515.0,1347.0,457.85714285714283,504.23333333333335,723.75,1665.846982695859,701.7274118108903,775.2051053657856
2024-04-03,1428.0,test,334.0,667.0,1472.0,1515.0,457.85714285714283,504.23333333333335,688.25,1909.6524160165022,677.7329104686203,755.0827530253238
2024-04-04,1624.0,test,334.0,624.0,1365.0,1472.0,457.85714285714283,504.23333333333335,642.0,1557.9713969422323,694.3372507721791,749.71661736641
2024-04-05,1809.0,test,334.0,543.0,540.0,1365.0,457.85714285714283,504.23333333333335,500.0,1944.503300602136,195.75662173564717,275.78970852163263
2024-04-06,1565.0,test,334.0,518.0,299.0,540.0,457.85714285714283,504.23333333333335,309.5,1193.3847392014238,0.0,0.0
2024-04-07,1642.0,test,334.0,334.0,503.0,299.0,457.85714285714283,504.23333333333335,249.5,1263.4534741576088,0.0,0.0
2024-04-08,3197.0,test,334.0,225.0,1102.0,503.0,457.85714285714283,504.23333333333335,659.75,2393.9691423179065,599.9558983318914,664.384329545346
2024-04-09,2448.0,test,334.0,294.0,1002.0,1102.0,457.85714285714283,504.23333333333335,723.75,2630.207285092293,676.4707358903361,755.4139974402652
2024-04-10,1837.0,test,334.0,667.0,1007.0,1002.0,457.85714285714283,504.23333333333335,688.25,2483.51441785173,652.4402612828723,735.2582209641583
2024-04-11,2671.0,test,334.0,624.0,1252.0,1007.0,457.85714285714283,504.23333333333335,642.0,2284.946951648057,669.0539231152344,729.8772924035095
2024-04-12,2436.0,test,334.0,543.0,755.0,1252.0,457.85714285714283,504.23333333333335,500.0,1410.377206462311,169.90784066047166,255.343984722041
2024-04-13,1811.0,test,334.0,518.0,477.0,755.0,457.85714285714283,504.23333333333335,309.5,1296.2327342207877,0.0,0.0
2024-04-14,1776.0,test,334.0,334.0,483.0,477.0,457.85714285714283,504.23333333333335,249.5,1147.3986441017869,0.0,0.0
2024-04-15,1375.0,test,334.0,225.0,1870.0,483.0,457.85714285714283,504.23333333333335,659.75,2554.863569691383,574.5304589473957,644.405193410126
2024-04-16,1371.0,test,334.0,294.0,2117.0,1870.0,457.85714285714283,504.23333333333335,723.75,1440.4626410876338,651.1214582084369,735.5417779717396
2024-04-17,965.0,test,334.0,667.0,1332.0,2117.0,457.85714285714283,504.23333333333335,688.25,1529.9307859011242,627.054970201589,715.3525351585954
2024-04-18,1066.0,test,334.0,624.0,1394.0,1332.0,457.85714285714283,504.23333333333335,642.0,2175.540036311778,643.6779639624777,709.956795018659
2024-04-19,848.0,test,334.0,543.0,2355.0,1394.0,457.85714285714283,504.23333333333335,500.0,1999.8664664395899,143.96579723167997,234.816322859901
2024-04-20,432.0,test,334.0,518.0,1910.0,2355.0,457.85714285714283,504.23333333333335,309.5,1732.9889940453984,0.0,0.0
2024-04-21,257.0,test,334.0,334.0,1184.0,1910.0,457.85714285714283,504.23333333333335,249.5,1740.590100983714,0.0,0.0
2024-04-22,1350.0,test,334.0,225.0,1795.0,1184.0,457.85714285714283,504.23333333333335,659.75,2964.032339358026,549.0122295177018,624.3447083270398
2024-04-23,1235.0,test,334.0,294.0,1484.0,1795.0,457.85714285714283,504.23333333333335,723.75,2703.705900159651,625.6794754524495,715.5883445485828
2024-04-24,1423.0,test,334.0,667.0,1947.0,1484.0,457.85714285714283,504.23333333333335,688.25,2367.2711284321385,601.5769338672508,695.3655931437253
2024-04-25,1785.0,test,334.0,624.0,2336.0,1947.0,457.85714285714283,504.23333333333335,642.0,2376.456340366266,618.2092699679923,689.9550227233666
2024-04-26,1773.0,test,334.0,543.0,936.0,2336.0,457.85714285714283,504.23333333333335,500.0,2285.073916798711,117.930387399528,214.20661948002123
2024-04-27,1584.0,test,334.0,518.0,1257.0,936.0,457.85714285714283,504.23333333333335,309.5,1967.8358377781785,0.0,0.0
2024-04-28,1541.0,test,334.0,334.0,1185.0,1257.0,457.85714285714283,504.23333333333335,249.5,1370.3570776393597,0.0,0.0
2024-04-29,3086.0,test,334.0,225.0,422.0,1185.0,457.85714285714283,504.23333333333335,659.75,1709.8574641043774,523.401106520005,604.2027715847153
2024-04-30,3311.0,test,334.0,294.0,1921.0,422.0,457.85714285714283,504.23333333333335,723.75,1410.705383558023,600.1446841943684,695.5535946298652
2024-05-01,2001.0,test,334.0,667.0,2390.0,1921.0,457.85714285714283,504.23333333333335,688.25,1169.9508764224438,576.0060488070259,675.2972923252677
2024-05-02,2241.0,test,334.0,624.0,3117.0,2390.0,457.85714285714283,504.23333333333335,642.0,2553.683078422118,592.647737670562,669.8718728997395
2024-05-03,1304.0,test,334.0,543.0,2208.0,3117.0,457.85714285714283,504.23333333333335,500.0,1967.4933752193188,91.80150699818711,193.51477099658854
2024-05-04,1547.0,test,334.0,518.0,1134.0,2208.0,457.85714285714283,504.23333333333335,309.5,1561.790541916851,0.0,0.0
2024-05-05,1197.0,test,334.0,334.0,1617.0,1134.0,457.85714285714283,504.23333333333335,249.5,1341.8211354426217,0.0,0.0
2024-05-06,1906.0,test,334.0,225.0,2087.0,1617.0,457.85714285714283,504.23333333333335,659.75,1167.3103533606109,497.69698631600295,583.9792803420951
2024-05-07,2029.0,test,334.0,294.0,3084.0,2087.0,457.85714285714283,504.23333333333335,723.75,2730.8739069546614,574.5169808907966,675.4374255451879
2024-05-08,1090.0,test,334.0,667.0,1092.0,3084.0,457.85714285714283,504.23333333333335,688.25,2841.7023332199487,550.3422114326409,655.1475299794055
2024-05-09,1352.0,test,334.0,624.0,778.0,1092.0,457.85714285714283,504.23333333333335,642.0,3538.596008931034,566.9932634935417,649.7072428003191
2024-05-10,2083.0,test,334.0,543.0,1331.0,778.0,457.85714285714283,504.23333333333335,500.0,1776.739534035623,65.5790517456133,172.74067369300218
2024-05-11,1449.0,test,334.0,518.0,743.0,1331.0,457.85714285714283,504.23333333333335,309.5,941.646613050917,0.0,0.0
2024-05-12,1570.0,test,334.0,334.0,756.0,743.0,457.85714285714283,504.23333333333335,249.5,856.3010492858471,0.0,0.0
2024-05-13,2967.0,test,334.0,225.0,1882.0,756.0,457.85714285714283,504.23333333333335,659.75,2156.4769366137675,471.8997651517674,563.6741316282757
2024-05-14,3440.0,test,334.0,294.0,1429.0,1882.0,457.85714285714283,504.23333333333335,723.75,1959.811909493388,548.7962618828168,655.239734494521
2024-05-15,2573.0,test,334.0,667.0,2060.0,1429.0,457.85714285714283,504.23333333333335,688.25,2314.500841724317,524.585318040252,634.9162032526234
2024-05-16,2366.0,test,334.0,624.0,1053.0,2060.0,457.85714285714283,504.23333333333335,642.0,2855.3542479736,541.2457437447293,629.4610295479185
2024-05-17,1180.0,test,334.0,543.0,1678.0,1053.0,457.85714285714283,504.23333333333335,500.0,1703.4851956424138,39.262917243419054,151.8842237217096
2024-05-18,1181.0,test,334.0,518.0,1244.0,1678.0,457.85714285714283,504.23333333333335,309.5,562.6417132799959,0.0,0.0
2024-05-19,1225.0,test,334.0,334.0,1613.0,1244.0,457.85714285714283,504.23333333333335,249.5,1989.077319188355,0.0,0.0
2024-05-20,1613.0,test,334.0,225.0,3073.0,1613.0,457.85714285714283,504.23333333333335,659.75,2028.580105375555,446.0093391576153,543.2872223423437
2024-05-21,1189.0,test,334.0,294.0,2447.0,3073.0,457.85714285714283,504.23333333333335,723.75,2505.9558177208896,522.9824233958632,634.9604185480395
2024-05-22,1817.0,test,334.0,667.0,2434.0,2447.0,457.85714285714283,504.23333333333335,688.25,2384.2559303310004,498.7352648103169,614.6032091615424
2024-05-23,1438.0,test,334.0,624.0,2691.0,2434.0,457.85714285714283,504.23333333333335,642.0,1746.916557864437,515.4050746162369,609.1331301354564
2024-05-24,1491.0,test,334.0,543.0,2395.0,2691.0,457.85714285714283,504.23333333333335,500.0,1912.7311909547198,12.85299897674281,130.9453171040377
2024-05-25,893.0,test,334.0,518.0,1410.0,2395.0,457.85714285714283,504.23333333333335,309.5,1580.1315841708,0.0,0.0
2024-05-26,1404.0,test,334.0,334.0,1496.0,1410.0,457.85714285714283,504.23333333333335,249.5,1457.437849898286,0.0,0.0
2024-05-27,1819.0,test,334.0,225.0,1629.0,1496.0,457.85714285714283,504.23333333333335,659.75,2233.7028909947057,420.0256043479793,522.8184492532059
2024-05-28,1344.0,test,334.0,294.0,2510.0,1629.0,457.85714285714283,504.23333333333335,723.75,2360.5433829274666,497.0753615395916,614.5993746459554
2024-05-29,1933.0,test,334.0,667.0,2688.0,2510.0,457.85714285714283,504.23333333333335,688.25,2619.8947833400302,472.7919478074647,594.2084445927541
2024-05-30,529.0,test,334.0,624.0,2680.0,2688.0,457.85714285714283,504.23333333333335,642.0,2543.4231542530556,489.47115218436113,588.7234414257929
2024-05-31,295.0,test,334.0,543.0,2085.0,2680.0,457.85714285714283,504.23333333333335,500.0,2429.4827761647057,0.0,109.92384973002908
2024-06-01,103.0,test,334.0,518.0,1278.0,2085.0,457.85714285714283,504.23333333333335,309.5,2398.034485374266,0.0,0.0
2024-06-02,567.0,test,334.0,334.0,1309.0,1278.0,457.85714285714283,504.23333333333335,249.5,1876.361506393218,0.0,0.0
2024-06-03,909.0,test,334.0,225.0,2177.0,1309.0,457.85714285714283,504.23333333333335,659.75,1600.4178324835357,393.9484566212792,502.26770899943153
2024-06-04,3072.0,test,334.0,294.0,2435.0,2177.0,457.85714285714283,504.23333333333335,723.75,1510.6053679542897,471.07497230775135,594.1564995983603
2024-06-05,3049.0,test,334.0,667.0,2420.0,2435.0,457.85714285714283,504.23333333333335,688.25,1697.164510188565,446.7552629803677,573.7318063026617
2024-06-06,3085.0,test,334.0,624.0,1095.0,2420.0,457.85714285714283,504.23333333333335,642.0,2014.3102705397082,463.4438724094548,568.2318601515701
2024-06-07,1900.0,test,334.0,543.0,1601.0,1095.0,457.85714285714283,504.23333333333335,500.0,2497.508505731721,0.0,88.81971735827995
2024-06-08,1388.0,test,334.0,518.0,1249.0,1601.0,457.85714285714283,504.23333333333335,309.5,926.8674041604261,0.0,0.0
2024-06-09,778.0,test,334.0,334.0,1341.0,1249.0,457.85714285714283,504.23333333333335,249.5,1519.2459796897392,0.0,0.0
2024-06-10,1656.0,test,334.0,225.0,3212.0,1341.0,457.85714285714283,504.23333333333335,659.75,1820.6867189441023,367.7777917597921,481.63489808908673
2024-06-11,2142.0,test,334.0,294.0,3583.0,3212.0,457.85714285714283,504.23333333333335,723.75,2241.1680149893423,444.9811515780555,573.6316900850579
2024-06-12,2662.0,test,334.0,667.0,3396.0,3583.0,457.85714285714283,504.23333333333335,688.25,2460.5070184943384,420.6251061616119,553.1731909173128
2024-06-13,2885.0,test,334.0,624.0,3209.0,3396.0,457.85714285714283,504.23333333333335,642.0,3197.5620400041525,437.32313113579744,547.658282915044
2024-06-14,2140.0,test,334.0,543.0,2425.0,3209.0,457.85714285714283,504.23333333333335,500.0,886.5268144349279,0.0,67.63281561577008
2024-06-15,829.0,test,334.0,518.0,1552.0,2425.0,457.85714285714283,504.23333333333335,309.5,878.8944738780083,0.0,0.0
2024-06-16,1461.0,test,334.0,334.0,1538.0,1552.0,457.85714285714283,504.23333333333335,249.5,2096.868915702534,0.0,0.0
2024-06-17,2724.0,test,334.0,225.0,3044.0,1538.0,457.85714285714283,504.23333333333335,659.75,3342.721471034101,341.51350542952275,460.9199128995673
2024-06-18,3615.0,test,334.0,294.0,3403.0,3044.0,457.85714285714283,504.23333333333335,723.75,1492.9662503343332,418.79379511205093,553.024842655399
2024-06-19,3430.0,test,334.0,667.0,3179.0,3403.0,457.85714285714283,504.23333333333335,688.25,2676.863338487271,394.4013730675663,532.5324949322336
2024-06-20,2891.0,test,334.0,624.0,2627.0,3179.0,457.85714285714283,504.23333333333335,642.0,3367.713449288627,411.1088240914646,527.0026061879189
2024-06-21,1661.0,test,334.0,543.0,1598.0,2627.0,457.85714285714283,504.23333333333335,500.0,2646.658333278976,0.0,46.3630399976966
2024-06-22,1194.0,test,334.0,518.0,1496.0,1598.0,457.85714285714283,504.23333333333335,309.5,2759.3096534209362,0.0,0.0
2024-06-23,1215.0,test,334.0,334.0,1543.0,1496.0,457.85714285714283,504.23333333333335,249.5,1668.2103959887659,0.0,0.0
2024-06-24,3354.0,test,334.0,225.0,3239.0,1543.0,457.85714285714283,504.23333333333335,659.75,3688.0759238517917,315.1554931800737,440.1226496774343
2024-06-25,3688.0,test,334.0,294.0,3395.0,3239.0,457.85714285714283,504.23333333333335,723.75,2821.271077784467,392.51279855498916,532.3358537281161
2024-06-26,2560.0,test,334.0,667.0,3012.0,3395.0,457.85714285714283,504.23333333333335,688.25,2819.829259424551,368.0839592982545,511.8096147122644
2024-06-27,2604.0,test,334.0,624.0,3434.0,3012.0,457.85714285714283,504.23333333333335,642.0,2631.9994976899607,384.8008468881997,506.2647263111834
2024-06-28,2458.0,test,334.0,543.0,1231.0,3434.0,457.85714285714283,504.23333333333335,500.0,1827.2106862121816,0.0,25.01028586730746
2024-06-29,1426.0,test,334.0,518.0,1366.0,1231.0,457.85714285714283,504.23333333333335,309.5,2229.265387601815,0.0,0.0
2024-06-30,1245.0,test,334.0,334.0,978.0,1366.0,457.85714285714283,504.23333333333335,249.5,1196.5467162554078,0.0,0.0
2024-07-01,2393.0,test,334.0,225.0,3281.0,978.0,457.85714285714283,504.23333333333335,659.75,2332.4623734790976,288.7036504445156,419.24300453824833
2024-07-02,2924.0,test,334.0,294.0,3373.0,3281.0,457.85714285714283,504.23333333333335,723.75,2658.918606144209,366.1380574356965,511.5646195911602
2024-07-03,1278.0,test,334.0,667.0,2715.0,3373.0,457.85714285714283,504.23333333333335,688.25,2544.413567757373,341.6727603372244,491.00444649139666
2024-07-04,2537.0,test,334.0,624.0,3328.0,2715.0,457.85714285714283,504.23333333333335,642.0,3660.4931516578918,358.39909502128324,485.4445394949478
2024-07-05,2236.0,test,334.0,543.0,2690.0,3328.0,457.85714285714283,504.23333333333335,500.0,3347.668130295995,0.0,3.574448455738832
2024-07-06,1062.0,test,334.0,518.0,1563.0,2690.0,457.85714285714283,504.23333333333335,309.5,1693.428562869063,0.0,0.0
2024-07-07,472.0,test,334.0,334.0,1273.0,1563.0,457.85714285714283,504.23333333333335,249.5,1647.4561162584828,0.0,0.0
2024-07-08,2372.0,test,334.0,225.0,2986.0,1273.0,457.85714285714283,504.23333333333335,659.75,1813.6609766143665,262.15787253925714,398.28087346640893
2024-07-09,3745.0,test,334.0,294.0,3145.0,2986.0,457.85714285714283,504.23333333333335,723.75,2504.560764346503,339.66946716644395,490.71103640153706
2024-07-10,2874.0,test,334.0,667.0,2464.0,3145.0,457.85714285714283,504.23333333333335,688.25,1521.018321620985,315.167671551418,470.11688637260715
2024-07-11,2861.0,test,334.0,624.0,2660.0,2464.0,457.85714285714283,504.23333333333335,642.0,3689.1674081509186,331.90346386940297,464.5419418182763
2024-07-12,1892.0,test,334.0,543.0,2704.0,2660.0,457.85714285714283,504.23333333333335,500.0,2825.2992614633426,0.0,0.0
2024-07-13,1184.0,test,334.0,518.0,1081.0,2704.0,457.85714285714283,504.23333333333335,309.5,2466.742566538628,0.0,0.0
2024-07-14,1638.0,test,334.0,334.0,1431.0,1081.0,457.85714285714283,504.23333333333335,249.5,1709.8105521096536,0.0,0.0
2024-07-15,3284.0,test,334.0,225.0,2527.0,1431.0,457.85714285714283,504.23333333333335,659.75,1995.429697703963,235.51805466391488,377.236152314983
2024-07-16,2308.0,test,334.0,294.0,3379.0,2527.0,457.85714285714283,504.23333333333335,723.75,1840.9948186827646,313.1069230428175,469.7750001851392
2024-07-17,3080.0,test,334.0,667.0,3289.0,3379.0,457.85714285714283,504.23333333333335,688.25,3679.3973481962917,288.56858819104167,449.14683032769244
2024-07-18,3390.0,test,334.0,624.0,3324.0,3289.0,457.85714285714283,504.23333333333335,642.0,3562.1065433142467,305.31384869452427,443.5568292290237
2024-07-19,2495.0,test,334.0,543.0,1960.0,3324.0,457.85714285714283,504.23333333333335,500.0,3473.9244010040047,0.0,0.0
2024-07-20,1172.0,test,334.0,518.0,1596.0,1960.0,457.85714285714283,504.23333333333335,309.5,2818.4336898960914,0.0,0.0
2024-07-21,1177.0,test,334.0,334.0,1434.0,1596.0,457.85714285714283,504.23333333333335,249.5,2762.7373468360597,0.0,0.0
2024-07-22,2333.0,test,334.0,225.0,2211.0,1434.0,457.85714285714283,504.23333333333335,659.75,3496.4313418708566,208.7840919011835,356.10873680554175
2024-07-23,3100.0,test,334.0,294.0,1779.0,2211.0,457.85714285714283,504.23333333333335,723.75,2109.688379467356,286.4503202435885,448.7564068365807
2024-07-24,3185.0,test,334.0,667.0,1501.0,1779.0,457.85714285714283,504.23333333333335,688.25,2892.9685811528666,261.87540538943665,428.09417419710144
2024-07-25,3456.0,test,334.0,624.0,2675.0,1501.0,457.85714285714283,504.23333333333335,642.0,2544.7251559684946,278.63014464176047,422.4890975436665
2024-07-26,2612.0,test,334.0,543.0,2036.0,2675.0,457.85714285714283,504.23333333333335,500.0,3523.534154535987,0.0,0.0
2024-07-27,1379.0,test,334.0,518.0,647.0,2036.0,457.85714285714283,504.23333333333335,309.5,2082.5339472111473,0.0,0.0
2024-07-28,1090.0,test,334.0,334.0,1219.0,647.0,457.85714285714283,504.23333333333335,249.5,2835.1975756661354,0.0,0.0
2024-07-29,3260.0,test,334.0,225.0,2788.0,1219.0,457.85714285714283,504.23333333333335,659.75,2971.8412369956436,181.95587921670483,334.8985225279938
2024-07-30,3423.0,test,334.0,294.0,1450.0,2788.0,457.85714285714283,504.23333333333335,723.75,2509.8193147238744,259.69955383058226,427.655152119032
2024-07-31,3020.0,test,334.0,667.0,2174.0,1450.0,457.85714285714283,504.23333333333335,688.25,3239.1714624736014,235.08801816294732,406.95881368977155
2024-08-01,2542.0,test,334.0,624.0,2632.0,2174.0,457.85714285714283,504.23333333333335,642.0,3469.745577065495,251.85224673924108,401.3386424471396
2024-08-02,1856.0,test,334.0,543.0,1440.0,2632.0,457.85714285714283,504.23333333333335,500.0,2783.6992440398944,0.0,0.0
2024-08-03,1003.0,test,334.0,518.0,537.0,1440.0,457.85714285714283,504.23333333333335,309.5,1326.896229779088,0.0,0.0
2024-08-04,1311.0,test,334.0,334.0,362.0,537.0,457.85714285714283,504.23333333333335,249.5,1813.169874278275,0.0,0.0
2024-08-05,2519.0,test,334.0,225.0,1384.0,362.0,457.85714285714283,504.23333333333335,659.75,2149.8772661981675,155.03331145893742,313.6054049404207
2024-08-06,3127.0,test,334.0,294.0,2521.0,1384.0,457.85714285714283,504.23333333333335,723.75,3021.554690417574,232.8545187485484,406.47113166405506
2024-08-07,2596.0,test,334.0,667.0,1315.0,2521.0,457.85714285714283,504.23333333333335,688.25,2779.042917629132,208.2063214107918,385.740644382963
2024-08-08,1886.0,test,334.0,624.0,2570.0,1315.0,457.85714285714283,504.23333333333335,642.0,2543.3545020626175,224.98004989798252,380.10535949267023
2024-08-09,2141.0,test,334.0,543.0,2002.0,2570.0,457.85714285714283,504.23333333333335,500.0,2670.885632913644,0.0,0.0
2024-08-10,1181.0,test,334.0,518.0,1290.0,2002.0,457.85714285714283,504.23333333333335,309.5,2253.7175364298514,0.0,0.0
2024-08-11,1116.0,test,334.0,334.0,1029.0,1290.0,457.85714285714283,504.23333333333335,249.5,2072.630784489104,0.0,0.0
2024-08-12,2289.0,test,334.0,225.0,1882.0,1029.0,457.85714285714283,504.23333333333335,659.75,2450.9546736434468,128.01628335902558,292.2292793689086
2024-08-13,2162.0,test,334.0,294.0,979.0,1882.0,457.85714285714283,504.23333333333335,723.75,1748.6564866949884,205.9151098250295,385.20424097143564
2024-08-14,1895.0,test,334.0,667.0,2679.0,979.0,457.85714285714283,504.23333333333335,688.25,1837.611045402262,181.23020991493013,364.4395617220914
2024-08-15,1148.0,test,334.0,624.0,2418.0,2679.0,457.85714285714283,504.23333333333335,642.0,2098.5445654148816,198.01344891175637,358.7891441016107
2024-08-16,1243.0,test,334.0,543.0,2045.0,2418.0,457.85714285714283,504.23333333333335,500.0,2294.1044349956096,0.0,0.0
2024-08-17,849.0,test,334.0,518.0,1063.0,2045.0,457.85714285714283,504.23333333333335,309.5,1524.6072531135637,0.0,0.0
2024-08-18,236.0,test,334.0,334.0,1089.0,1063.0,457.85714285714283,504.23333333333335,249.5,1368.3186762204434,0.0,0.0
2024-08-19,708.0,test,334.0,225.0,2150.0,1089.0,457.85714285714283,504.23333333333335,659.75,2540.1252550340955,100.9046895306684,270.77004100738066
2024-08-20,1906.0,test,334.0,294.0,2333.0,2150.0,457.85714285714283,504.23333333333335,723.75,2192.4976262835858,178.8812217702308,363.8543754090156
2024-08-21,2041.0,test,334.0,667.0,2222.0,2333.0,457.85714285714283,504.23333333333335,688.25,2588.0861714847065,154.1595783399344,343.0554610205597
2024-08-22,2102.0,test,334.0,624.0,2097.0,2222.0,457.85714285714283,504.23333333333335,642.0,2112.9369581799915,170.95233845695935,337.3898915632704
2024-08-23,1706.0,test,334.0,543.0,1389.0,2097.0,457.85714285714283,504.23333333333335,500.0,2191.3709054807623,0.0,0.0
2024-08-24,1149.0,test,334.0,518.0,709.0,1389.0,457.85714285714283,504.23333333333335,309.5,2024.7241867161244,0.0,0.0
2024-08-25,288.0,test,334.0,334.0,163.0,709.0,457.85714285714283,504.23333333333335,249.5,1439.812563264338,0.0,0.0
2024-08-26,1396.0,test,334.0,225.0,497.0,163.0,457.85714285714283,504.23333333333335,659.75,1919.540340756288,73.69842446998939,249.22758491743411
2024-08-27,2245.0,test,334.0,294.0,641.0,497.0,457.85714285714283,504.23333333333335,723.75,1397.5200353637915,151.7527491768892,342.4214302125305
2024-08-28,2452.0,test,334.0,667.0,1580.0,641.0,457.85714285714283,504.23333333333335,688.25,2702.9736236125914,126.99432123285723,321.5882374595956
2024-08-29,2272.0,test,334.0,624.0,1738.0,1580.0,457.85714285714283,504.23333333333335,642.0,971.0816110114654,143.79661309248195,315.9074970347528
2024-08-30,1759.0,test,334.0,543.0,1560.0,1738.0,457.85714285714283,504.23333333333335,500.0,1419.0637865273268,0.0,0.0
2024-08-31,997.0,test,334.0,518.0,1296.0,1560.0,457.85714285714283,504.23333333333335,309.5,1433.2893319899483,0.0,0.0
2024-09-01,1248.0,test,334.0,334.0,1296.0,1296.0,457.85714285714283,504.23333333333335,249.5,2072.7556352667602,0.0,0.0
2024-09-02,2036.0,test,334.0,225.0,2604.0,1296.0,457.85714285714283,504.23333333333335,659.75,2820.847502757678,46.39738255540385,227.60180602816797
2024-09-03,2684.0,test,334.0,294.0,2811.0,2604.0,457.85714285714283,504.23333333333335,723.75,2225.4030241442906,124.52958652014128,320.90530048543724
2024-09-04,2339.0,test,334.0,667.0,2741.0,2811.0,457.85714285714283,504.23333333333335,688.25,2465.9555294769702,99.73433302309999,300.0377860880794
2024-09-05,2435.0,test,334.0,624.0,3070.0,2741.0,457.85714285714283,504.23333333333335,642.0,3163.9612335931183,116.54616725957649,294.3418555407835
2024-09-06,1720.0,test,334.0,543.0,2402.0,3070.0,457.85714285714283,504.23333333333335,500.0,2941.5933895605103,0.0,0.0
2024-09-07,1303.0,test,334.0,518.0,1334.0,2402.0,457.85714285714283,504.23333333333335,309.5,1727.3673713055516,0.0,0.0
2024-09-08,1090.0,test,334.0,334.0,1513.0,1334.0,457.85714285714283,504.23333333333335,249.5,2931.207839574369,0.0,0.0
2024-09-09,1184.0,test,334.0,225.0,2868.0,1513.0,457.85714285714283,504.23333333333335,659.75,3637.2597313623573,19.001458047489223,205.8925991360187
2024-09-10,2087.0,test,334.0,294.0,3020.0,2868.0,457.85714285714283,504.23333333333335,723.75,3788.694373010494,97.21162815739423,299.30588119875165
2024-09-11,1864.0,test,334.0,667.0,1448.0,3020.0,457.85714285714283,504.23333333333335,688.25,3085.2889803461753,72.37950802228393,278.40400182238244
2024-09-12,1667.0,test,334.0,624.0,2461.0,1448.0,457.85714285714283,504.23333333333335,642.0,2954.624434337157,89.20089528172869,272.6928619735497
2024-09-13,823.0,test,334.0,543.0,2311.0,2461.0,457.85714285714283,504.23333333333335,500.0,3067.2951174322056,0.0,0.0
2024-09-14,150.0,test,334.0,518.0,1458.0,2311.0,457.85714285714283,504.23333333333335,309.5,2024.5486319486138,0.0,0.0
2024-09-15,695.0,test,334.0,334.0,1595.0,1458.0,457.85714285714283,504.23333333333335,249.5,1196.1876380474746,0.0,0.0
2024-09-16,766.0,test,334.0,225.0,2105.0,1595.0,457.85714285714283,504.23333333333335,659.75,3301.255077052005,0.0,184.0998589045962
2024-09-17,1756.0,test,334.0,294.0,2770.0,2105.0,457.85714285714283,504.23333333333335,723.75,2990.45285542168,69.79876832819271,277.62306719088167
2024-09-18,2320.0,test,334.0,667.0,2997.0,2770.0,457.85714285714283,504.23333333333335,688.25,2464.7338761477145,44.92974042411628,256.68677944619753
2024-09-19,2563.0,test,334.0,624.0,2914.0,2997.0,457.85714285714283,504.23333333333335,642.0,2556.4045808722612,61.76069136452319,250.96041109252786
2024-09-20,2060.0,test,334.0,543.0,780.0,2914.0,457.85714285714283,504.23333333333335,500.0,2900.176115920892,0.0,0.0
2024-09-21,1468.0,test,334.0,518.0,802.0,780.0,457.85714285714283,504.23333333333335,309.5,2250.0301359111063,0.0,0.0
2024-09-22,1623.0,test,334.0,334.0,1477.0,802.0,457.85714285714283,504.23333333333335,249.5,2074.8071334415786,0.0,0.0
2024-09-23,2433.0,test,334.0,225.0,2618.0,1477.0,457.85714285714283,504.23333333333335,659.75,3044.737018881585,0.0,162.22347986450882
2024-09-24,2484.0,test,334.0,294.0,2966.0,2618.0,457.85714285714283,504.23333333333335,723.75,1894.468522504771,42.29090115408822,255.85675316745497
2024-09-25,2603.0,test,334.0,667.0,2725.0,2966.0,457.85714285714283,504.23333333333335,688.25,2443.697114448678,17.38492430426026,234.8860136103686
2024-09-26,1492.0,test,334.0,624.0,2743.0,2725.0,457.85714285714283,504.23333333333335,642.0,2300.5109807265585,34.225449595514036,229.14439752431548
2024-09-27,1259.0,test,334.0,543.0,2249.0,2743.0,457.85714285714283,504.23333333333335,500.0,1773.1464838297986,0.0,0.0
2024-09-28,535.0,test,334.0,518.0,1031.0,2249.0,457.85714285714283,504.23333333333335,309.5,1609.3085385581796,0.0,0.0
2024-09-29,1151.0,test,334.0,334.0,1383.0,1031.0,457.85714285714283,504.23333333333335,249.5,2201.2527359549067,0.0,0.0
2024-09-30,1779.0,test,334.0,225.0,2106.0,1383.0,457.85714285714283,504.23333333333335,659.75,2747.5583767244075,0.0,140.26335641319793
2024-10-01,2018.0,test,334.0,294.0,1617.0,2106.0,457.85714285714283,504.23333333333335,723.75,1279.9698895203683,14.687920638507151,234.00683370115385
2024-10-02,1620.0,test,334.0,667.0,2479.0,1617.0,457.85714285714283,504.23333333333335,688.25,1897.7781484533548,0.0,213.00159883272593
2024-10-03,639.0,test,334.0,624.0,2400.0,2479.0,457.85714285714283,504.23333333333335,642.0,2766.021527222502,6.595063944091969,207.2447157624667
2024-10-04,534.0,test,334.0,543.0,1934.0,2400.0,457.85714285714283,504.23333333333335,500.0,1799.9424139000714,0.0,0.0
2024-10-05,371.0,test,334.0,518.0,1219.0,1934.0,457.85714285714283,504.23333333333335,309.5,1560.3629618235063,0.0,0.0
2024-10-06,1016.0,test,334.0,334.0,910.0,1219.0,457.85714285714283,504.23333333333335,249.5,1714.1641555594679,0.0,0.0
2024-10-07,2317.0,test,334.0,225.0,2318.0,910.0,457.85714285714283,504.23333333333335,659.75,1926.065708773831,0.0,118.2193828147731
2024-10-08,2213.0,test,334.0,294.0,2760.0,2318.0,457.85714285714283,504.23333333333335,723.75,2204.1523555359418,0.0,212.07320323154968
2024-10-09,2414.0,test,334.0,667.0,2825.0,2760.0,457.85714285714283,504.23333333333335,688.25,3023.601392841413,0.0,191.033429497919
2024-10-10,1305.0,test,334.0,624.0,2540.0,2825.0,457.85714285714283,504.23333333333335,642.0,2828.0392087183586,0.0,185.2612601673235
2024-10-11,1432.0,test,334.0,543.0,2260.0,2540.0,457.85714285714283,504.23333333333335,500.0,2161.069004457214,0.0,0.0
2024-10-12,989.0,test,334.0,518.0,596.0,2260.0,457.85714285714283,504.23333333333335,309.5,1965.387112694333,0.0,0.0
2024-10-13,499.0,test,334.0,334.0,408.0,596.0,457.85714285714283,504.23333333333335,249.5,1958.101609948279,0.0,0.0
2024-10-14,2039.0,test,334.0,225.0,2127.0,408.0,457.85714285714283,504.23333333333335,659.75,2646.734705082605,0.0,96.09145319984157
2024-10-15,2197.0,test,334.0,294.0,2094.0,2127.0,457.85714285714283,504.23333333333335,723.75,1988.6953756420476,0.0,190.05575606493292
2024-10-16,2341.0,test,334.0,667.0,2005.0,2094.0,457.85714285714283,504.23333333333335,688.25,3344.3114511700624,0.0,168.98139985724688
2024-10-17,2570.0,test,334.0,624.0,2108.0,2005.0,457.85714285714283,504.23333333333335,642.0,2970.942705214202,0.0,163.19392496584678
2024-10-18,1692.0,test,334.0,543.0,1739.0,2108.0,457.85714285714283,504.23333333333335,500.0,2625.5770552381337,0.0,0.0
2024-10-19,1144.0,test,334.0,518.0,1083.0,1739.0,457.85714285714283,504.23333333333335,309.5,2371.5242192619153,0.0,0.0
2024-10-20,880.0,test,334.0,334.0,1155.0,1083.0,457.85714285714283,504.23333333333335,249.5,1781.3255092752033,0.0,0.0
2024-10-21,2568.0,test,334.0,225.0,2333.0,1155.0,457.85714285714283,504.23333333333335,659.75,2073.2130652261876,0.0,73.87946156533917
2024-10-22,2443.0,test,334.0,294.0,1819.0,2333.0,457.85714285714283,504.23333333333335,723.75,2077.441445235636,0.0,167.95438637414455
2024-10-23,1515.0,test,334.0,667.0,2179.0,1819.0,457.85714285714283,504.23333333333335,688.25,1979.8352791313023,0.0,146.8454040284901
2024-10-24,2082.0,test,334.0,624.0,1486.0,2179.0,457.85714285714283,504.23333333333335,642.0,2816.629457449374,0.0,141.04260425144832
2024-10-25,1712.0,test,334.0,543.0,1100.0,1486.0,457.85714285714283,504.23333333333335,500.0,2242.4178760181003,0.0,0.0
2024-10-26,864.0,test,334.0,518.0,957.0,1100.0,457.85714285714283,504.23333333333335,309.5,2149.4537699923585,0.0,0.0
2024-10-27,899.0,test,334.0,334.0,1056.0,957.0,457.85714285714283,504.23333333333335,249.5,1900.8764181908555,0.0,0.0
2024-10-28,1897.0,test,334.0,225.0,1788.0,1056.0,457.85714285714283,504.23333333333335,659.75,1755.5727451950875,0.0,51.58330177436221
2024-10-29,2139.0,test,334.0,294.0,1141.0,1788.0,457.85714285714283,504.23333333333335,723.75,1846.988645058264,0.0,145.76898819840838
2024-10-30,1874.0,test,334.0,667.0,835.0,1141.0,457.85714285714283,504.23333333333335,688.25,1689.4841494093905,0.0,124.62533599574242
2024-10-31,1523.0,test,334.0,624.0,1084.0,835.0,457.85714285714283,504.23333333333335,642.0,997.0943966550283,0.0,118.80719198382246
2024-11-01,895.0,test,334.0,543.0,913.0,1084.0,457.85714285714283,504.23333333333335,500.0,2117.2085666567737,0.0,0.0
2024-11-02,602.0,test,334.0,518.0,685.0,913.0,457.85714285714283,504.23333333333335,309.5,1357.2661814818787,0.0,0.0
2024-11-03,517.0,test,334.0,334.0,385.0,685.0,457.85714285714283,504.23333333333335,249.5,1015.5541447140661,0.0,0.0
2024-11-04,2102.0,test,334.0,225.0,2061.0,385.0,457.85714285714283,504.23333333333335,659.75,1806.0794058134225,0.0,29.202867555998637
2024-11-05,2297.0,test,334.0,294.0,2017.0,2061.0,457.85714285714283,504.23333333333335,723.75,1683.469138158411,0.0,123.49945544316157
2024-11-06,2110.0,test,334.0,667.0,2123.0,2017.0,457.85714285714283,504.23333333333335,688.25,1997.9252108726203,0.0,102.32108960924111
2024-11-07,2047.0,test,334.0,624.0,1993.0,2123.0,457.85714285714283,504.23333333333335,642.0,2611.668877340484,0.0,96.48758198877603
2024-11-08,1556.0,test,334.0,543.0,1272.0,1993.0,457.85714285714283,504.23333333333335,500.0,2446.6339753668835,0.0,0.0
2024-11-09,815.0,test,334.0,518.0,509.0,1272.0,457.85714285714283,504.23333333333335,309.5,1754.3384425822612,0.0,0.0
2024-11-10,517.0,test,334.0,334.0,457.0,509.0,457.85714285714283,504.23333333333335,249.5,1772.2354655811018,0.0,0.0
2024-11-11,1795.0,test,334.0,225.0,1047.0,457.0,457.85714285714283,504.23333333333335,659.75,1758.6599201503623,0.0,6.738052505158521
2024-11-12,1925.0,test,334.0,294.0,1223.0,1047.0,457.85714285714283,504.23333333333335,723.75,1904.7571433893474,0.0,101.14568187988644
2024-11-13,1670.0,test,334.0,667.0,1586.0,1223.0,457.85714285714283,504.23333333333335,688.25,2621.4335845848946,0.0,79.93255858519879
2024-11-14,1661.0,test,334.0,624.0,2081.0,1586.0,457.85714285714283,504.23333333333335,642.0,2390.795364387508,0.0,74.08366795806008
2024-11-15,1429.0,test,334.0,543.0,913.0,2081.0,457.85714285714283,504.23333333333335,500.0,1772.7682703729597,0.0,0.0
2024-11-16,882.0,test,334.0,518.0,627.0,913.0,457.85714285714283,504.23333333333335,309.5,1526.5004804385555,0.0,0.0
2024-11-17,577.0,test,334.0,334.0,516.0,627.0,457.85714285714283,504.23333333333335,249.5,1409.259220950275,0.0,0.0
2024-11-18,1542.0,test,334.0,225.0,1977.0,516.0,457.85714285714283,504.23333333333335,659.75,1816.9245416265849,0.0,0.0
2024-11-19,1441.0,test,334.0,294.0,1625.0,1977.0,457.85714285714283,504.23333333333335,723.75,1589.9774050906194,0.0,78.7075611459401
2024-11-20,1006.0,test,334.0,667.0,1485.0,1625.0,457.85714285714283,504.23333333333335,688.25,2032.0343811632056,0.0,57.45963650563358
2024-11-21,1260.0,test,334.0,624.0,2028.0,1485.0,457.85714285714283,504.23333333333335,642.0,1723.7878647495731,0.0,51.59534344920091
2024-11-22,469.0,test,334.0,543.0,734.0,2028.0,457.85714285714283,504.23333333333335,500.0,2050.4714202940822,0.0,0.0
2024-11-23,334.0,test,334.0,518.0,241.0,734.0,457.85714285714283,504.23333333333335,309.5,1489.2352078726883,0.0,0.0
2024-11-24,549.0,test,334.0,334.0,256.0,241.0,457.85714285714283,504.23333333333335,249.5,1308.9842179598472,0.0,0.0
2024-11-25,2001.0,test,334.0,225.0,1242.0,256.0,457.85714285714283,504.23333333333335,659.75,1515.9652401846906,0.0,0.0
2024-11-26,1793.0,test,334.0,294.0,921.0,1242.0,457.85714285714283,504.23333333333335,723.75,1566.9946600015255,0.0,56.18498674438652
2024-11-27,1879.0,test,334.0,667.0,943.0,921.0,457.85714285714283,504.23333333333335,688.25,1668.69592453939,0.0,34.90221681820009
2024-11-28,1020.0,test,334.0,624.0,771.0,943.0,457.85714285714283,504.23333333333335,642.0,1473.567247044073,0.0,29.022501885329813
2024-11-29,1322.0,test,334.0,543.0,380.0,771.0,457.85714285714283,504.23333333333335,500.0,1365.0110003863804,0.0,0.0
2024-11-30,622.0,test,334.0,518.0,14.0,380.0,457.85714285714283,504.23333333333335,309.5,1007.6862236741315,0.0,0.0
2024-12-01,336.0,test,334.0,334.0,22.0,14.0,457.85714285714283,504.23333333333335,249.5,1027.2192172016921,0.0,0.0
2024-12-02,1478.0,test,334.0,225.0,116.0,22.0,457.85714285714283,504.23333333333335,659.75,1440.8521808438986,0.0,0.0
2024-12-03,1344.0,test,334.0,294.0,91.0,116.0,457.85714285714283,504.23333333333335,723.75,1435.7617802635568,0.0,33.577852043826084
2024-12-04,1438.0,test,334.0,667.0,99.0,91.0,457.85714285714283,504.23333333333335,688.25,1595.420002080023,0.0,12.260192836019957
2024-12-05,1478.0,test,334.0,624.0,171.0,99.0,457.85714285714283,504.23333333333335,642.0,1753.882647879217,0.0,6.365036555014758
2024-12-06,762.0,test,334.0,543.0,211.0,171.0,457.85714285714283,504.23333333333335,500.0,1531.9011399503188,0.0,0.0
2024-12-07,371.0,test,334.0,518.0,129.0,211.0,457.85714285714283,504.23333333333335,309.5,1158.940920468993,0.0,0.0
2024-12-08,398.0,test,334.0,334.0,195.0,129.0,457.85714285714283,504.23333333333335,249.5,808.3057636263511,0.0,0.0
2024-12-09,1112.0,test,334.0,225.0,975.0,195.0,457.85714285714283,504.23333333333335,659.75,1261.7433336941017,0.0,0.0
2024-12-10,1288.0,test,334.0,294.0,1012.0,975.0,457.85714285714283,504.23333333333335,723.75,1148.966975889855,0.0,10.886050278226236
2024-12-11,1429.0,test,334.0,667.0,1117.0,1012.0,457.85714285714283,504.23333333333335,688.25,1240.1741148399428,0.0,0.0
2024-12-12,1334.0,test,334.0,624.0,1039.0,1117.0,457.85714285714283,504.23333333333335,642.0,1222.5091943942414,0.0,0.0
2024-12-13,1086.0,test,334.0,543.0,909.0,1039.0,457.85714285714283,504.23333333333335,500.0,1174.2769387879623,0.0,0.0
2024-12-14,463.0,test,334.0,518.0,475.0,909.0,457.85714285714283,504.23333333333335,309.5,894.312105638714,0.0,0.0
2024-12-15,388.0,test,334.0,334.0,415.0,475.0,457.85714285714283,504.23333333333335,249.5,828.5880905626718,0.0,0.0
2024-12-16,1572.0,test,334.0,225.0,1323.0,415.0,457.85714285714283,504.23333333333335,659.75,1630.0866379668892,0.0,0.0
2024-12-17,1861.0,test,334.0,294.0,1498.0,1323.0,457.85714285714283,504.23333333333335,723.75,1309.2595468236425,0.0,0.0
2024-12-18,1677.0,test,334.0,667.0,870.0,1498.0,457.85714285714283,504.23333333333335,688.25,1163.629646164504,0.0,0.0
2024-12-19,1432.0,test,334.0,624.0,734.0,870.0,457.85714285714283,504.23333333333335,642.0,1072.4670529143061,0.0,0.0
2024-12-20,868.0,test,334.0,543.0,337.0,734.0,457.85714285714283,504.23333333333335,500.0,1061.7637424049958,0.0,0.0
2024-12-21,474.0,test,334.0,518.0,116.0,337.0,457.85714285714283,504.23333333333335,309.5,616.6731677849627,0.0,0.0
2024-12-22,118.0,test,334.0,334.0,54.0,116.0,457.85714285714283,504.23333333333335,249.5,384.40736206350783,0.0,0.0
2024-12-23,398.0,test,334.0,225.0,225.0,54.0,457.85714285714283,504.23333333333335,659.75,622.1242993030768,0.0,0.0
2024-12-24,147.0,test,334.0,294.0,294.0,225.0,457.85714285714283,504.23333333333335,723.75,731.4183158339486,0.0,0.0
2024-12-25,178.0,test,334.0,667.0,667.0,294.0,457.85714285714283,504.23333333333335,688.25,766.8185562029181,0.0,0.0
2024-12-26,152.0,test,334.0,624.0,624.0,667.0,457.85714285714283,504.23333333333335,642.0,1050.359523265912,0.0,0.0
2024-12-27,318.0,test,334.0,543.0,543.0,624.0,457.85714285714283,504.23333333333335,500.0,792.828801916432,0.0,0.0
2024-12-28,277.0,test,334.0,518.0,518.0,543.0,457.85714285714283,504.23333333333335,309.5,418.8621378170256,0.0,0.0
2024-12-29,252.0,test,334.0,334.0,334.0,518.0,457.85714285714283,504.23333333333335,249.5,361.75258226622685,0.0,0.0
2024-12-30,352.0,test,334.0,225.0,1085.0,334.0,457.85714285714283,504.23333333333335,659.75,921.8969326104419,0.0,0.0
2024-12-31,269.0,test,334.0,294.0,884.0,596.0,457.85714285714283,504.23333333333335,723.75,1086.96150436781,0.0,0.0
2025-01-01,295.0,test,334.0,667.0,1018.0,1085.0,457.85714285714283,504.23333333333335,688.25,1099.4127616846322,0.0,0.0
2025-01-02,433.0,test,334.0,624.0,725.0,884.0,457.85714285714283,504.23333333333335,642.0,1006.8021305286525,0.0,0.0
2025-01-03,225.0,test,334.0,543.0,616.0,1018.0,457.85714285714283,504.23333333333335,500.0,927.2351702643925,0.0,0.0
2025-01-04,172.0,test,334.0,518.0,764.0,725.0,457.85714285714283,504.23333333333335,309.5,306.65881810801426,0.0,0.0
2025-01-05,85.0,test,334.0,334.0,516.0,616.0,457.85714285714283,504.23333333333335,249.5,193.3738074990294,0.0,0.0
2025-01-06,391.0,test,334.0,225.0,1491.0,764.0,457.85714285714283,504.23333333333335,659.75,1114.3679150844441,0.0,0.0
2025-01-07,1416.0,test,334.0,294.0,1545.0,516.0,457.85714285714283,504.23333333333335,723.75,1036.981345114069,0.0,0.0
2025-01-08,777.0,test,334.0,667.0,1427.0,1491.0,457.85714285714283,504.23333333333335,688.25,1051.85046383359,0.0,0.0
2025-01-09,1356.0,test,334.0,624.0,1540.0,1545.0,457.85714285714283,504.23333333333335,642.0,1166.2815846135516,0.0,0.0
2025-01-10,1003.0,test,334.0,543.0,1157.0,1427.0,457.85714285714283,504.23333333333335,500.0,1112.1863753667064,0.0,0.0
2025-01-11,418.0,test,334.0,518.0,760.0,1540.0,457.85714285714283,504.23333333333335,309.5,651.4531667013837,0.0,0.0
2025-01-12,330.0,test,334.0,334.0,327.0,1157.0,457.85714285714283,504.23333333333335,249.5,778.160131018273,0.0,0.0
2025-01-13,1233.0,test,334.0,225.0,1628.0,760.0,457.85714285714283,504.23333333333335,659.75,1460.239865924636,0.0,0.0
2025-01-14,1286.0,test,334.0,294.0,1717.0,327.0,457.85714285714283,504.23333333333335,723.75,1238.4233080331685,0.0,0.0
2025-01-15,706.0,test,334.0,667.0,1555.0,1628.0,457.85714285714283,504.23333333333335,688.25,1286.3624851048985,0.0,0.0
2025-01-16,774.0,test,334.0,624.0,1061.0,1717.0,457.85714285714283,504.23333333333335,642.0,1086.9271760146012,0.0,0.0
2025-01-17,833.0,test,334.0,543.0,796.0,1555.0,457.85714285714283,504.23333333333335,500.0,887.2032868737053,0.0,0.0
2025-01-18,393.0,test,334.0,518.0,150.0,1061.0,457.85714285714283,504.23333333333335,309.5,572.4257476139223,0.0,0.0
2025-01-19,520.0,test,334.0,334.0,97.0,796.0,457.85714285714283,504.23333333333335,249.5,692.8584538479577,0.0,0.0
2025-01-20,1384.0,test,334.0,225.0,586.0,150.0,457.85714285714283,504.23333333333335,659.75,1328.4092271481122,0.0,0.0
2025-01-21,1497.0,test,334.0,294.0,745.0,97.0,457.85714285714283,504.23333333333335,723.75,1455.6629823042736,0.0,0.0
2025-01-22,1355.0,test,334.0,667.0,961.0,586.0,457.85714285714283,504.23333333333335,688.25,1292.9281633209066,0.0,0.0
2025-01-23,1188.0,test,334.0,624.0,988.0,745.0,457.85714285714283,504.23333333333335,642.0,1358.6576213317123,0.0,0.0
2025-01-24,1183.0,test,334.0,543.0,531.0,961.0,457.85714285714283,504.23333333333335,500.0,1098.5443915896844,0.0,0.0
2025-01-25,723.0,test,334.0,518.0,274.0,988.0,457.85714285714283,504.23333333333335,309.5,679.0099746639646,0.0,0.0
2025-01-26,490.0,test,334.0,334.0,229.0,531.0,457.85714285714283,504.23333333333335,249.5,742.8743272508573,0.0,0.0
2025-01-27,1457.0,test,334.0,225.0,1004.0,274.0,457.85714285714283,504.23333333333335,659.75,1201.8366848296118,0.0,0.0
2025-01-28,826.0,test,334.0,294.0,1192.0,229.0,457.85714285714283,504.23333333333335,723.75,1327.6530916062327,0.0,0.0
2025-01-29,1487.0,test,334.0,667.0,1154.0,1004.0,457.85714285714283,504.23333333333335,688.25,1365.9403100842494,0.0,0.0
2025-01-30,1561.0,test,334.0,624.0,810.0,1192.0,457.85714285714283,504.23333333333335,642.0,1239.4801578070199,0.0,0.0
2025-01-31,1031.0,test,334.0,543.0,740.0,1154.0,457.85714285714283,504.23333333333335,500.0,1036.2687370319913,0.0,0.0
2025-02-01,514.0,test,334.0,518.0,419.0,810.0,457.85714285714283,504.23333333333335,309.5,549.9723909489771,0.0,0.0
2025-02-02,366.0,test,334.0,334.0,393.0,740.0,457.85714285714283,504.23333333333335,249.5,622.1960806548361,0.0,0.0
2025-02-03,1407.0,test,334.0,225.0,1191.0,419.0,457.85714285714283,504.23333333333335,659.75,1641.0174625511668,0.0,0.0
2025-02-04,1600.0,test,334.0,294.0,1356.0,393.0,457.85714285714283,504.23333333333335,723.75,1661.262127642941,0.0,0.0
2025-02-05,1524.0,test,334.0,667.0,1194.0,1191.0,457.85714285714283,504.23333333333335,688.25,1355.0431887567947,0.0,0.0
2025-02-06,1270.0,test,334.0,624.0,1204.0,1356.0,457.85714285714283,504.23333333333335,642.0,1207.5269851731794,0.0,0.0
2025-02-07,1014.0,test,334.0,543.0,1019.0,1194.0,457.85714285714283,504.23333333333335,500.0,1345.5095972606243,0.0,0.0
2025-02-08,1336.0,test,334.0,518.0,522.0,1204.0,457.85714285714283,504.23333333333335,309.5,587.1949816572039,0.0,0.0
2025-02-09,521.0,test,334.0,334.0,584.0,1019.0,457.85714285714283,504.23333333333335,249.5,691.0387047887084,0.0,0.0
2025-02-10,1484.0,test,334.0,225.0,1378.0,522.0,457.85714285714283,504.23333333333335,659.75,1186.6210040843457,0.0,0.0
2025-02-11,1275.0,test,334.0,294.0,1559.0,584.0,457.85714285714283,504.23333333333335,723.75,1426.0981763873724,0.0,0.0
2025-02-12,1201.0,test,334.0,667.0,1570.0,1378.0,457.85714285714283,504.23333333333335,688.25,1460.5887316593983,0.0,0.0
2025-02-13,996.0,test,334.0,624.0,1588.0,1559.0,457.85714285714283,504.23333333333335,642.0,1576.0867257634293,0.0,0.0
2025-02-14,708.0,test,334.0,543.0,1062.0,1570.0,457.85714285714283,504.23333333333335,500.0,1238.791311090444,0.0,0.0
2025-02-15,475.0,test,334.0,518.0,580.0,1588.0,457.85714285714283,504.23333333333335,309.5,905.800534480429,0.0,0.0
2025-02-16,200.0,test,334.0,334.0,427.0,1062.0,457.85714285714283,504.23333333333335,249.5,1013.6509577741272,0.0,0.0
2025-02-17,728.0,test,334.0,225.0,1552.0,580.0,457.85714285714283,504.23333333333335,659.75,1766.7481745257542,0.0,0.0
2025-02-18,1137.0,test,334.0,294.0,1760.0,427.0,457.85714285714283,504.23333333333335,723.75,1607.8645345635155,0.0,0.0
2025-02-19,1129.0,test,334.0,667.0,1635.0,1552.0,457.85714285714283,504.23333333333335,688.25,1814.514341322911,0.0,0.0
2025-02-20,1363.0,test,334.0,624.0,1455.0,1760.0,457.85714285714283,504.23333333333335,642.0,1542.9704119123842,0.0,0.0
2025-02-21,1336.0,test,334.0,543.0,931.0,1635.0,457.85714285714283,504.23333333333335,500.0,1383.258928457582,0.0,0.0
2025-02-22,933.0,test,334.0,518.0,417.0,1455.0,457.85714285714283,504.23333333333335,309.5,995.7394585742734,0.0,0.0
2025-02-23,594.0,test,334.0,334.0,187.0,931.0,457.85714285714283,504.23333333333335,249.5,1422.8799522900676,0.0,0.0
2025-02-24,1903.0,test,334.0,225.0,1041.0,417.0,457.85714285714283,504.23333333333335,659.75,1601.5002652618186,0.0,0.0
2025-02-25,1913.0,test,334.0,294.0,1225.0,187.0,457.85714285714283,504.23333333333335,723.75,1441.8464098014754,0.0,0.0
2025-02-26,1475.0,test,334.0,667.0,1372.0,1041.0,457.85714285714283,504.23333333333335,688.25,1340.9414577566595,0.0,0.0
2025-02-27,1423.0,test,334.0,624.0,1969.0,1225.0,457.85714285714283,504.23333333333335,642.0,1513.8488826244804,0.0,0.0
2025-02-28,1122.0,test,334.0,543.0,1727.0,1372.0,457.85714285714283,504.23333333333335,500.0,1376.5055366038675,0.0,0.0
2025-03-01,491.0,test,334.0,518.0,759.0,1969.0,457.85714285714283,504.23333333333335,309.5,1219.6161324425977,0.0,0.0
2025-03-02,672.0,test,334.0,334.0,435.0,1727.0,457.85714285714283,504.23333333333335,249.5,1191.8106156952408,0.0,0.0
2025-03-03,1515.0,test,334.0,225.0,1523.0,759.0,457.85714285714283,504.23333333333335,659.75,1752.8740392579748,0.0,0.0
2025-03-04,1582.0,test,334.0,294.0,1949.0,435.0,457.85714285714283,504.23333333333335,723.75,1388.1444074053643,0.0,0.0
2025-03-05,1711.0,test,334.0,667.0,1386.0,1523.0,457.85714285714283,504.23333333333335,688.25,1414.1034440651165,0.0,0.0
2025-03-06,1757.0,test,334.0,624.0,1273.0,1949.0,457.85714285714283,504.23333333333335,642.0,1620.0281644936374,0.0,0.0
2025-03-07,1526.0,test,334.0,543.0,1077.0,1386.0,457.85714285714283,504.23333333333335,500.0,1631.6132207110138,0.0,0.0
2025-03-08,1234.0,test,334.0,518.0,741.0,1273.0,457.85714285714283,504.23333333333335,309.5,1223.1300063254243,0.0,0.0
2025-03-09,1296.0,test,334.0,334.0,342.0,1077.0,457.85714285714283,504.23333333333335,249.5,1082.5175593783738,0.0,0.0
2025-03-10,1691.0,test,334.0,225.0,2176.0,741.0,457.85714285714283,504.23333333333335,659.75,1853.6029307810927,0.0,0.0
2025-03-11,2302.0,test,334.0,294.0,1499.0,342.0,457.85714285714283,504.23333333333335,723.75,1957.6628757797794,0.0,0.0
2025-03-12,1582.0,test,334.0,667.0,1394.0,2176.0,457.85714285714283,504.23333333333335,688.25,1723.6177584925458,0.0,0.0
2025-03-13,1206.0,test,334.0,624.0,1824.0,1499.0,457.85714285714283,504.23333333333335,642.0,1363.3182356904201,0.0,0.0
2025-03-14,1138.0,test,334.0,543.0,1819.0,1394.0,457.85714285714283,504.23333333333335,500.0,1519.928480861866,0.0,0.0
2025-03-15,409.0,test,334.0,518.0,1363.0,1824.0,457.85714285714283,504.23333333333335,309.5,1233.5591515707656,0.0,0.0
2025-03-16,317.0,test,334.0,334.0,619.0,1819.0,457.85714285714283,504.23333333333335,249.5,1151.5511015826385,0.0,0.0
2025-03-17,1668.0,test,334.0,225.0,1939.0,1363.0,457.85714285714283,504.23333333333335,659.75,1850.0473187998955,0.0,0.0
2025-03-18,1890.0,test,334.0,294.0,2387.0,619.0,457.85714285714283,504.23333333333335,723.75,1755.6363700663856,0.0,0.0
2025-03-19,2069.0,test,334.0,667.0,2682.0,1939.0,457.85714285714283,504.23333333333335,688.25,1878.354766808387,0.0,0.0
2025-03-20,2248.0,test,334.0,624.0,2230.0,2387.0,457.85714285714283,504.23333333333335,642.0,1997.1615536230959,0.0,0.0
2025-03-21,1834.0,test,334.0,543.0,1076.0,2682.0,457.85714285714283,504.23333333333335,500.0,1670.3334590243005,0.0,0.0
2025-03-22,1287.0,test,334.0,518.0,646.0,2230.0,457.85714285714283,504.23333333333335,309.5,1403.383085259324,0.0,0.0
2025-03-23,595.0,test,334.0,334.0,277.0,1076.0,457.85714285714283,504.23333333333335,249.5,1748.6879653744895,0.0,0.0
2025-03-24,1790.0,test,334.0,225.0,1793.0,646.0,457.85714285714283,504.23333333333335,659.75,2337.579368584515,0.0,0.0
2025-03-25,1687.0,test,334.0,294.0,1727.0,277.0,457.85714285714283,504.23333333333335,723.75,1968.8714981970402,0.0,0.0
2025-03-26,1562.0,test,334.0,667.0,1659.0,1793.0,457.85714285714283,504.23333333333335,688.25,2004.8196429315517,0.0,0.0
2025-03-27,1533.0,test,334.0,624.0,1194.0,1727.0,457.85714285714283,504.23333333333335,642.0,2677.972764708493,0.0,0.0
2025-03-28,1588.0,test,334.0,543.0,1083.0,1659.0,457.85714285714283,504.23333333333335,500.0,2546.6784326150673,0.0,0.0
2025-03-29,285.0,test,334.0,518.0,492.0,1194.0,457.85714285714283,504.23333333333335,309.5,1382.8827039441337,0.0,0.0
2025-03-30,738.0,test,334.0,334.0,442.0,1083.0,457.85714285714283,504.23333333333335,249.5,1350.8772108921255,0.0,0.0
2025-03-31,1366.0,test,334.0,225.0,1347.0,492.0,457.85714285714283,504.23333333333335,659.75,1924.6722088534134,0.0,0.0
2025-04-01,1667.0,test,334.0,294.0,1515.0,442.0,457.85714285714283,504.23333333333335,723.75,2200.8165672479445,0.0,0.0
2025-04-02,2147.0,test,334.0,667.0,1472.0,1347.0,457.85714285714283,504.23333333333335,688.25,1791.5258807331406,0.0,0.0
2025-04-03,2498.0,test,334.0,624.0,1365.0,1515.0,457.85714285714283,504.23333333333335,642.0,1987.7858709953816,0.0,0.0
2025-04-04,2081.0,test,334.0,543.0,540.0,1472.0,457.85714285714283,504.23333333333335,500.0,1512.9255579957633,0.0,0.0
2025-04-05,1438.0,test,334.0,518.0,299.0,1365.0,457.85714285714283,504.23333333333335,309.5,1561.1384760839424,0.0,0.0
2025-04-06,833.0,test,334.0,334.0,503.0,540.0,457.85714285714283,504.23333333333335,249.5,1316.060104427369,0.0,0.0
2025-04-07,1983.0,test,334.0,225.0,1102.0,299.0,457.85714285714283,504.23333333333335,659.75,1985.7263316938838,0.0,0.0
2025-04-08,2332.0,test,334.0,294.0,1002.0,503.0,457.85714285714283,504.23333333333335,723.75,2579.976230563239,0.0,0.0
2025-04-09,2315.0,test,334.0,667.0,1007.0,1102.0,457.85714285714283,504.23333333333335,688.25,2755.8861831295753,0.0,0.0
2025-04-10,2331.0,test,334.0,624.0,1252.0,1002.0,457.85714285714283,504.23333333333335,642.0,2561.6478728306092,0.0,0.0
2025-04-11,2183.0,test,334.0,543.0,755.0,1007.0,457.85714285714283,504.23333333333335,500.0,2239.9011127015874,0.0,0.0
2025-04-12,1443.0,test,334.0,518.0,477.0,1252.0,457.85714285714283,504.23333333333335,309.5,1027.0123819441171,0.0,0.0
2025-04-13,929.0,test,334.0,334.0,483.0,755.0,457.85714285714283,504.23333333333335,249.5,1418.9080994467329,0.0,0.0
2025-04-14,2069.0,test,334.0,225.0,1870.0,477.0,457.85714285714283,504.23333333333335,659.75,1869.6715016380622,0.0,0.0
2025-04-15,2351.0,test,334.0,294.0,2117.0,483.0,457.85714285714283,504.23333333333335,723.75,2740.8706579367154,0.0,0.0
2025-04-16,2480.0,test,334.0,667.0,1332.0,1870.0,457.85714285714283,504.23333333333335,688.25,1566.1415391249157,0.0,0.0
2025-04-17,1574.0,test,334.0,624.0,1394.0,2117.0,457.85714285714283,504.23333333333335,642.0,1608.0642408800034,0.0,0.0
2025-04-18,485.0,test,334.0,543.0,2355.0,1332.0,457.85714285714283,504.23333333333335,500.0,2130.4941973653085,0.0,0.0
2025-04-19,1050.0,test,334.0,518.0,1910.0,1394.0,457.85714285714283,504.23333333333335,309.5,1616.501641921396,0.0,0.0
2025-04-20,883.0,test,334.0,334.0,1184.0,2355.0,457.85714285714283,504.23333333333335,249.5,1855.664359271344,0.0,0.0
2025-04-21,842.0,test,334.0,225.0,1795.0,1910.0,457.85714285714283,504.23333333333335,659.75,2462.862958519989,0.0,0.0
2025-04-22,2204.0,test,334.0,294.0,1484.0,1184.0,457.85714285714283,504.23333333333335,723.75,3150.0394276033585,0.0,0.0
2025-04-23,2045.0,test,334.0,667.0,1947.0,1795.0,457.85714285714283,504.23333333333335,688.25,2829.3847981969325,0.0,0.0
2025-04-24,1502.0,test,334.0,624.0,2336.0,1484.0,457.85714285714283,504.23333333333335,642.0,2445.404583411018,0.0,0.0
2025-04-25,1340.0,test,334.0,543.0,936.0,1947.0,457.85714285714283,504.23333333333335,500.0,2331.4105014197967,0.0,0.0
2025-04-26,851.0,test,334.0,518.0,1257.0,2336.0,457.85714285714283,504.23333333333335,309.5,1901.709092280517,0.0,0.0
2025-04-27,1567.0,test,334.0,334.0,1185.0,936.0,457.85714285714283,504.23333333333335,249.5,2090.511203004124,0.0,0.0
2025-04-28,2888.0,test,334.0,225.0,422.0,1257.0,457.85714285714283,504.23333333333335,659.75,2092.6299351756347,0.0,0.0
2025-04-29,3426.0,test,334.0,294.0,1921.0,1185.0,457.85714285714283,504.23333333333335,723.75,1895.8645523497094,0.0,0.0
2025-04-30,3232.0,test,334.0,667.0,2390.0,422.0,457.85714285714283,504.23333333333335,688.25,1536.3842815953049,0.0,0.0
2025-05-01,1865.0,test,334.0,624.0,3117.0,1921.0,457.85714285714283,504.23333333333335,642.0,1248.084331401323,0.0,0.0
2025-05-02,2244.0,test,334.0,543.0,2208.0,2390.0,457.85714285714283,504.23333333333335,500.0,2508.637239475648,0.0,0.0
2025-05-03,1063.0,test,334.0,518.0,1134.0,3117.0,457.85714285714283,504.23333333333335,309.5,1584.128550701125,0.0,0.0
2025-05-04,362.0,test,334.0,334.0,1617.0,2208.0,457.85714285714283,504.23333333333335,249.5,1684.4659071427964,0.0,0.0
2025-05-05,700.0,test,334.0,225.0,2087.0,1134.0,457.85714285714283,504.23333333333335,659.75,2064.0939929788965,0.0,0.0
2025-05-06,1573.0,test,334.0,294.0,3084.0,1617.0,457.85714285714283,504.23333333333335,723.75,1353.3174416059428,0.0,0.0
2025-05-07,2214.0,test,334.0,667.0,1092.0,2087.0,457.85714285714283,504.23333333333335,688.25,2856.552804991943,0.0,0.0
2025-05-08,1901.0,test,334.0,624.0,778.0,3084.0,457.85714285714283,504.23333333333335,642.0,2919.8357881988286,0.0,0.0
2025-05-09,1948.0,test,334.0,543.0,1331.0,1092.0,457.85714285714283,504.23333333333335,500.0,3493.5501699845645,0.0,0.0
2025-05-10,1653.0,test,334.0,518.0,743.0,778.0,457.85714285714283,504.23333333333335,309.5,1393.374709517429,0.0,0.0
2025-05-11,2078.0,test,334.0,334.0,756.0,1331.0,457.85714285714283,504.23333333333335,249.5,1064.3219782768624,0.0,0.0
2025-05-12,3019.0,test,334.0,225.0,1882.0,743.0,457.85714285714283,504.23333333333335,659.75,1578.5739068221224,0.0,0.0
2025-05-13,3387.0,test,334.0,294.0,1429.0,756.0,457.85714285714283,504.23333333333335,723.75,2342.4840248590995,0.0,0.0
2025-05-14,3380.0,test,334.0,667.0,2060.0,1882.0,457.85714285714283,504.23333333333335,688.25,2085.49080753067,0.0,0.0
2025-05-15,2939.0,test,334.0,624.0,1053.0,1429.0,457.85714285714283,504.23333333333335,642.0,2392.634296703196,0.0,0.0
2025-05-16,2049.0,test,334.0,543.0,1678.0,2060.0,457.85714285714283,504.23333333333335,500.0,2810.3084090271304,0.0,0.0
2025-05-17,1107.0,test,334.0,518.0,1244.0,1053.0,457.85714285714283,504.23333333333335,309.5,1320.1203711242201,0.0,0.0
2025-05-18,1349.0,test,334.0,334.0,1613.0,1678.0,457.85714285714283,504.23333333333335,249.5,685.3170785059415,0.0,0.0
2025-05-19,3143.0,test,334.0,225.0,3073.0,1244.0,457.85714285714283,504.23333333333335,659.75,2711.3501767246303,0.0,0.0
2025-05-20,3400.0,test,334.0,294.0,2447.0,1613.0,457.85714285714283,504.23333333333335,723.75,2214.587193620887,0.0,0.0
2025-05-21,2473.0,test,334.0,667.0,2434.0,3073.0,457.85714285714283,504.23333333333335,688.25,2631.6347157581713,0.0,0.0
2025-05-22,1593.0,test,334.0,624.0,2691.0,2447.0,457.85714285714283,504.23333333333335,642.0,2462.38938530988,0.0,0.0
2025-05-23,1804.0,test,334.0,543.0,2395.0,2434.0,457.85714285714283,504.23333333333335,500.0,1701.870718917968,0.0,0.0
2025-05-24,1234.0,test,334.0,518.0,1410.0,2691.0,457.85714285714283,504.23333333333335,309.5,1529.366366436526,0.0,0.0
2025-05-25,359.0,test,334.0,334.0,1496.0,2395.0,457.85714285714283,504.23333333333335,249.5,1702.806949396745,0.0,0.0
2025-05-26,1708.0,test,334.0,225.0,1629.0,1410.0,457.85714285714283,504.23333333333335,659.75,2179.710707434561,0.0,0.0
2025-05-27,2568.0,test,334.0,294.0,2510.0,1496.0,457.85714285714283,504.23333333333335,723.75,2419.7099792400377,0.0,0.0
2025-05-28,1474.0,test,334.0,667.0,2688.0,1629.0,457.85714285714283,504.23333333333335,688.25,2486.2222809647483,0.0,0.0
2025-05-29,901.0,test,334.0,624.0,2680.0,2510.0,457.85714285714283,504.23333333333335,642.0,2698.02823831891,0.0,0.0
2025-05-30,2082.0,test,334.0,543.0,2085.0,2688.0,457.85714285714283,504.23333333333335,500.0,2498.377315306586,0.0,0.0
2025-05-31,1627.0,test,334.0,518.0,1278.0,2680.0,457.85714285714283,504.23333333333335,309.5,2046.117951646512,0.0,0.0
2025-06-01,1119.0,test,334.0,334.0,1309.0,2085.0,457.85714285714283,504.23333333333335,249.5,2520.7098506002108,0.0,0.0
2025-06-02,1722.0,test,334.0,225.0,2177.0,1278.0,457.85714285714283,504.23333333333335,659.75,2598.6343639294932,0.0,0.0
2025-06-03,2041.0,test,334.0,294.0,2435.0,1309.0,457.85714285714283,504.23333333333335,723.75,1786.424920728868,0.0,0.0
2025-06-04,2405.0,test,334.0,667.0,2420.0,2177.0,457.85714285714283,504.23333333333335,688.25,1636.2842659915716,0.0,0.0
2025-06-05,1399.0,test,334.0,624.0,1095.0,2435.0,457.85714285714283,504.23333333333335,642.0,1775.297965167444,0.0,0.0
2025-06-06,1935.0,test,334.0,543.0,1601.0,2420.0,457.85714285714283,504.23333333333335,500.0,1969.264431593239,0.0,0.0
2025-06-07,395.0,test,334.0,518.0,1249.0,1095.0,457.85714285714283,504.23333333333335,309.5,2114.1436812135275,0.0,0.0
2025-06-08,527.0,test,334.0,334.0,1341.0,1601.0,457.85714285714283,504.23333333333335,249.5,1049.5427693863717,0.0,0.0
2025-06-09,1549.0,test,334.0,225.0,3212.0,1249.0,457.85714285714283,504.23333333333335,659.75,2241.5188372260145,0.0,0.0
2025-06-10,2468.0,test,334.0,294.0,3583.0,1341.0,457.85714285714283,504.23333333333335,723.75,2006.6938071894342,0.0,0.0
2025-06-11,2805.0,test,334.0,667.0,3396.0,3212.0,457.85714285714283,504.23333333333335,688.25,2366.846913026624,0.0,0.0
2025-06-12,2646.0,test,334.0,624.0,3209.0,3583.0,457.85714285714283,504.23333333333335,642.0,2538.6404734732178,0.0,0.0
2025-06-13,2087.0,test,334.0,543.0,2425.0,3396.0,457.85714285714283,504.23333333333335,500.0,3152.5162010576832,0.0,0.0
2025-06-14,1265.0,test,334.0,518.0,1552.0,3209.0,457.85714285714283,504.23333333333335,309.5,503.1619899167343,0.0,0.0
2025-06-15,954.0,test,334.0,334.0,1538.0,2425.0,457.85714285714283,504.23333333333335,249.5,1001.5698391039537,0.0,0.0
2025-06-16,1834.0,test,334.0,225.0,3044.0,1552.0,457.85714285714283,504.23333333333335,659.75,2819.1417732388086,0.0,0.0
2025-06-17,2843.0,test,334.0,294.0,3403.0,1538.0,457.85714285714283,504.23333333333335,723.75,3528.7285592794324,0.0,0.0
2025-06-18,2454.0,test,334.0,667.0,3179.0,3044.0,457.85714285714283,504.23333333333335,688.25,1618.645148371615,0.0,0.0
2025-06-19,1236.0,test,334.0,624.0,2627.0,3403.0,457.85714285714283,504.23333333333335,642.0,2754.996793466151,0.0,0.0
2025-06-20,1697.0,test,334.0,543.0,1598.0,3179.0,457.85714285714283,504.23333333333335,500.0,3322.6676103421573,0.0,0.0
2025-06-21,1125.0,test,334.0,518.0,1496.0,2627.0,457.85714285714283,504.23333333333335,309.5,2263.2935087607825,0.0,0.0
2025-06-22,1216.0,test,334.0,334.0,1543.0,1598.0,457.85714285714283,504.23333333333335,249.5,2881.9850186468807,0.0,0.0
2025-06-23,2320.0,test,334.0,225.0,3239.0,1496.0,457.85714285714283,504.23333333333335,659.75,2390.4832535250407,0.0,0.0
2025-06-24,3459.0,test,334.0,294.0,3395.0,1543.0,457.85714285714283,504.23333333333335,723.75,3874.0830120971236,0.0,0.0
2025-06-25,3120.0,test,334.0,667.0,3012.0,3239.0,457.85714285714283,504.23333333333335,688.25,2946.949975821749,0.0,0.0
2025-06-26,2111.0,test,334.0,624.0,3434.0,3395.0,457.85714285714283,504.23333333333335,642.0,2897.9627144034303,0.0,0.0
2025-06-27,2004.0,test,334.0,543.0,1231.0,3012.0,457.85714285714283,504.23333333333335,500.0,2586.9536587434905,0.0,0.0
2025-06-28,1610.0,test,334.0,518.0,1366.0,3434.0,457.85714285714283,504.23333333333335,309.5,1443.8458616939877,0.0,0.0
2025-06-29,1274.0,test,334.0,334.0,978.0,1231.0,457.85714285714283,504.23333333333335,249.5,2351.9407528277598,0.0,0.0
2025-06-30,3185.0,test,334.0,225.0,3281.0,1366.0,457.85714285714283,504.23333333333335,659.75,1918.819573791683,0.0,0.0
2025-07-01,3262.0,test,334.0,294.0,3373.0,978.0,457.85714285714283,504.23333333333335,723.75,2518.4694617244295,0.0,0.0
2025-07-02,2900.0,test,334.0,667.0,2715.0,3281.0,457.85714285714283,504.23333333333335,688.25,2784.597504181491,0.0,0.0
2025-07-03,2596.0,test,334.0,624.0,3328.0,3373.0,457.85714285714283,504.23333333333335,642.0,2622.5470227362525,0.0,0.0
2025-07-04,1983.0,test,334.0,543.0,2690.0,2715.0,457.85714285714283,504.23333333333335,500.0,3615.4473127114225,0.0,0.0
2025-07-05,1501.0,test,334.0,518.0,1563.0,3328.0,457.85714285714283,504.23333333333335,309.5,2964.303305777802,0.0,0.0
2025-07-06,1377.0,test,334.0,334.0,1273.0,2690.0,457.85714285714283,504.23333333333335,249.5,1816.1039280950085,0.0,0.0
2025-07-07,2136.0,test,334.0,225.0,2986.0,1563.0,457.85714285714283,504.23333333333335,659.75,2369.728973794758,0.0,0.0
2025-07-08,1496.0,test,334.0,294.0,3145.0,1273.0,457.85714285714283,504.23333333333335,723.75,1999.6680648596985,0.0,0.0
2025-07-09,2665.0,test,334.0,667.0,2464.0,2986.0,457.85714285714283,504.23333333333335,688.25,2630.239662383785,0.0,0.0
2025-07-10,2990.0,test,334.0,624.0,2660.0,3145.0,457.85714285714283,504.23333333333335,642.0,1599.1517765998644,0.0,0.0
2025-07-11,2035.0,test,334.0,543.0,2704.0,2464.0,457.85714285714283,504.23333333333335,500.0,3644.121569204449,0.0,0.0
2025-07-12,1592.0,test,334.0,518.0,1081.0,2660.0,457.85714285714283,504.23333333333335,309.5,2441.9344369451496,0.0,0.0
2025-07-13,1709.0,test,334.0,334.0,1431.0,2704.0,457.85714285714283,504.23333333333335,249.5,2589.4179317645735,0.0,0.0
2025-07-14,2255.0,test,334.0,225.0,2527.0,1081.0,457.85714285714283,504.23333333333335,659.75,2432.0834096459284,0.0,0.0
2025-07-15,2699.0,test,334.0,294.0,3379.0,1431.0,457.85714285714283,504.23333333333335,723.75,2181.436785949295,0.0,0.0
2025-07-16,2300.0,test,334.0,667.0,3289.0,2527.0,457.85714285714283,504.23333333333335,688.25,1966.6737167200465,0.0,0.0
2025-07-17,2731.0,test,334.0,624.0,3324.0,3379.0,457.85714285714283,504.23333333333335,642.0,3757.530803175171,0.0,0.0
2025-07-18,2556.0,test,334.0,543.0,1960.0,3289.0,457.85714285714283,504.23333333333335,500.0,3517.0607043677765,0.0,0.0
2025-07-19,1592.0,test,334.0,518.0,1596.0,3324.0,457.85714285714283,504.23333333333335,309.5,3090.559576485811,0.0,0.0
2025-07-20,1489.0,test,334.0,334.0,1434.0,1960.0,457.85714285714283,504.23333333333335,249.5,2941.1090551220364,0.0,0.0
2025-07-21,1665.0,test,334.0,225.0,2211.0,1596.0,457.85714285714283,504.23333333333335,659.75,3485.010204372335,0.0,0.0
2025-07-22,3294.0,test,334.0,294.0,1779.0,1434.0,457.85714285714283,504.23333333333335,723.75,3682.438430116189,0.0,0.0
2025-07-23,3503.0,test,334.0,667.0,1501.0,2211.0,457.85714285714283,504.23333333333335,688.25,2235.367277504638,0.0,0.0
2025-07-24,1320.0,test,334.0,624.0,2675.0,1779.0,457.85714285714283,504.23333333333335,642.0,2971.102036131746,0.0,0.0
2025-07-25,1748.0,test,334.0,543.0,2036.0,1501.0,457.85714285714283,504.23333333333335,500.0,2499.6793170220253,0.0,0.0
2025-07-26,380.0,test,334.0,518.0,647.0,2675.0,457.85714285714283,504.23333333333335,309.5,3140.169330017794,0.0,0.0
2025-07-27,720.0,test,334.0,334.0,1219.0,2036.0,457.85714285714283,504.23333333333335,249.5,2205.209312437092,0.0,0.0
2025-07-28,1542.0,test,334.0,225.0,2788.0,647.0,457.85714285714283,504.23333333333335,659.75,3557.4704332024107,0.0,0.0
2025-07-29,2182.0,test,334.0,294.0,1450.0,1219.0,457.85714285714283,504.23333333333335,723.75,3157.8483252409756,0.0,0.0
2025-07-30,2165.0,test,334.0,667.0,2174.0,2788.0,457.85714285714283,504.23333333333335,688.25,2635.498212761156,0.0,0.0
2025-07-31,2333.0,test,334.0,624.0,2632.0,1450.0,457.85714285714283,504.23333333333335,642.0,3317.3049174524813,0.0,0.0
2025-08-01,1327.0,test,334.0,543.0,1440.0,2174.0,457.85714285714283,504.23333333333335,500.0,3424.699738119026,0.0,0.0
2025-08-02,357.0,test,334.0,518.0,537.0,2632.0,457.85714285714283,504.23333333333335,309.5,2400.3344195217014,0.0,0.0
2025-08-03,501.0,test,334.0,334.0,362.0,1440.0,457.85714285714283,504.23333333333335,249.5,1449.5715950050333,0.0,0.0
2025-08-04,1501.0,test,334.0,225.0,1384.0,537.0,457.85714285714283,504.23333333333335,659.75,2535.44273181455,0.0,0.0
2025-08-05,2394.0,test,334.0,294.0,2521.0,362.0,457.85714285714283,504.23333333333335,723.75,2335.8843544434994,0.0,0.0
2025-08-06,2840.0,test,334.0,667.0,1315.0,1384.0,457.85714285714283,504.23333333333335,688.25,3147.233588454856,0.0,0.0
2025-08-07,2979.0,test,334.0,624.0,2570.0,2521.0,457.85714285714283,504.23333333333335,642.0,2857.176372608011,0.0,0.0
2025-08-08,2210.0,test,334.0,543.0,2002.0,1315.0,457.85714285714283,504.23333333333335,500.0,2498.308663116148,0.0,0.0
2025-08-09,1283.0,test,334.0,518.0,1290.0,2570.0,457.85714285714283,504.23333333333335,309.5,2287.5208083954503,0.0,0.0
2025-08-10,1147.0,test,334.0,334.0,1029.0,2002.0,457.85714285714283,504.23333333333335,249.5,2376.3929016557963,0.0,0.0
2025-08-11,2639.0,test,334.0,225.0,1882.0,1290.0,457.85714285714283,504.23333333333335,659.75,2794.903642025379,0.0,0.0
2025-08-12,2847.0,test,334.0,294.0,979.0,1029.0,457.85714285714283,504.23333333333335,723.75,2636.961761888779,0.0,0.0
2025-08-13,2365.0,test,334.0,667.0,2679.0,1882.0,457.85714285714283,504.23333333333335,688.25,1874.3353847322705,0.0,0.0
2025-08-14,2084.0,test,334.0,624.0,2418.0,979.0,457.85714285714283,504.23333333333335,642.0,1915.7445003811415,0.0,0.0
2025-08-15,898.0,test,334.0,543.0,2045.0,2679.0,457.85714285714283,504.23333333333335,500.0,2053.4987264684123,0.0,0.0
2025-08-16,502.0,test,334.0,518.0,1063.0,2418.0,457.85714285714283,504.23333333333335,309.5,1910.739610477416,0.0,0.0
2025-08-17,1060.0,test,334.0,334.0,1089.0,2045.0,457.85714285714283,504.23333333333335,249.5,1647.282618339509,0.0,0.0
2025-08-18,2206.0,test,334.0,225.0,2150.0,1063.0,457.85714285714283,504.23333333333335,659.75,2090.5915337567185,0.0,0.0
2025-08-19,2528.0,test,334.0,294.0,2333.0,1089.0,457.85714285714283,504.23333333333335,723.75,2726.132343279428,0.0,0.0
2025-08-20,1717.0,test,334.0,667.0,2222.0,2150.0,457.85714285714283,504.23333333333335,688.25,2318.1765243208674,0.0,0.0
2025-08-21,770.0,test,334.0,624.0,2097.0,2333.0,457.85714285714283,504.23333333333335,642.0,2666.219626463586,0.0,0.0
2025-08-22,1569.0,test,334.0,543.0,1389.0,2222.0,457.85714285714283,504.23333333333335,500.0,2067.891119233522,0.0,0.0
2025-08-23,869.0,test,334.0,518.0,709.0,2097.0,457.85714285714283,504.23333333333335,309.5,1808.0060809625686,0.0,0.0
2025-08-24,1070.0,test,334.0,334.0,163.0,1389.0,457.85714285714283,504.23333333333335,249.5,2147.3995519420696,0.0,0.0
2025-08-25,2209.0,test,334.0,225.0,497.0,709.0,457.85714285714283,504.23333333333335,659.75,2162.085420800613,0.0,0.0
2025-08-26,2556.0,test,334.0,294.0,641.0,163.0,457.85714285714283,504.23333333333335,723.75,2105.54742900162,0.0,0.0
2025-08-27,1945.0,test,334.0,667.0,1580.0,497.0,457.85714285714283,504.23333333333335,688.25,1523.1989334010734,0.0,0.0
2025-08-28,1182.0,test,334.0,624.0,1738.0,641.0,457.85714285714283,504.23333333333335,642.0,2781.107078591471,0.0,0.0
2025-08-29,982.0,test,334.0,543.0,1560.0,1580.0,457.85714285714283,504.23333333333335,500.0,926.0357720649963,0.0,0.0
2025-08-30,785.0,test,334.0,518.0,1296.0,1738.0,457.85714285714283,504.23333333333335,309.5,1035.698962009133,0.0,0.0
2025-08-31,1327.0,test,334.0,334.0,1296.0,1560.0,457.85714285714283,504.23333333333335,249.5,1555.9646972158935,0.0,0.0
2025-09-01,1913.0,test,334.0,225.0,2604.0,1296.0,457.85714285714283,504.23333333333335,659.75,2795.0284928030346,0.0,0.0
2025-09-02,1577.0,test,334.0,294.0,2811.0,1296.0,457.85714285714283,504.23333333333335,723.75,3006.85459100301,0.0,0.0
2025-09-03,2516.0,test,334.0,667.0,2741.0,2604.0,457.85714285714283,504.23333333333335,688.25,2351.0819221815727,0.0,0.0
2025-09-04,2248.0,test,334.0,624.0,3070.0,2811.0,457.85714285714283,504.23333333333335,642.0,2544.0889844558496,0.0,0.0
2025-09-05,818.0,test,334.0,543.0,2402.0,2741.0,457.85714285714283,504.23333333333335,500.0,3118.9153946466486,0.0,0.0
2025-09-06,1163.0,test,334.0,518.0,1334.0,3070.0,457.85714285714283,504.23333333333335,309.5,2558.2285650423164,0.0,0.0
2025-09-07,1369.0,test,334.0,334.0,1513.0,2402.0,457.85714285714283,504.23333333333335,249.5,1850.0427365314968,0.0,0.0
2025-09-08,2389.0,test,334.0,225.0,2868.0,1334.0,457.85714285714283,504.23333333333335,659.75,3653.480697110644,0.0,0.0
2025-09-09,1944.0,test,334.0,294.0,3020.0,1513.0,457.85714285714283,504.23333333333335,723.75,3823.2668196076893,0.0,0.0
2025-09-10,1411.0,test,334.0,667.0,1448.0,2868.0,457.85714285714283,504.23333333333335,688.25,3914.373271047776,0.0,0.0
2025-09-11,1989.0,test,334.0,624.0,2461.0,3020.0,457.85714285714283,504.23333333333335,642.0,3163.4224353250547,0.0,0.0
2025-09-12,1606.0,test,334.0,543.0,2311.0,1448.0,457.85714285714283,504.23333333333335,500.0,2909.578595390687,0.0,0.0
2025-09-13,1396.0,test,334.0,518.0,1458.0,2461.0,457.85714285714283,504.23333333333335,309.5,2683.930292914012,0.0,0.0
2025-09-14,670.0,test,334.0,334.0,1595.0,2311.0,457.85714285714283,504.23333333333335,249.5,2147.223997174559,0.0,0.0
2025-09-15,2616.0,test,334.0,225.0,2105.0,1458.0,457.85714285714283,504.23333333333335,659.75,1918.46049558375,0.0,0.0
2025-09-16,2400.0,test,334.0,294.0,2770.0,1595.0,457.85714285714283,504.23333333333335,723.75,3487.2621652973367,0.0,0.0
2025-09-17,2759.0,test,334.0,667.0,2997.0,2105.0,457.85714285714283,504.23333333333335,688.25,3116.1317534589616,0.0,0.0
2025-09-18,2921.0,test,334.0,624.0,2914.0,2770.0,457.85714285714283,504.23333333333335,642.0,2542.867331126594,0.0,0.0
2025-09-19,2390.0,test,334.0,543.0,780.0,2997.0,457.85714285714283,504.23333333333335,500.0,2511.358741925792,0.0,0.0
2025-09-20,1675.0,test,334.0,518.0,802.0,2914.0,457.85714285714283,504.23333333333335,309.5,2516.8112914026988,0.0,0.0
2025-09-21,1868.0,test,334.0,334.0,1477.0,780.0,457.85714285714283,504.23333333333335,249.5,2372.7055011370517,0.0,0.0
2025-09-22,1697.0,test,334.0,225.0,2618.0,802.0,457.85714285714283,504.23333333333335,659.75,2797.079990977854,0.0,0.0
2025-09-23,1953.0,test,334.0,294.0,2966.0,1477.0,457.85714285714283,504.23333333333335,723.75,3230.744107126917,0.0,0.0
2025-09-24,1204.0,test,334.0,667.0,2725.0,2618.0,457.85714285714283,504.23333333333335,688.25,2020.147420542053,0.0,0.0
2025-09-25,1834.0,test,334.0,624.0,2743.0,2966.0,457.85714285714283,504.23333333333335,642.0,2521.8305694275573,0.0,0.0
2025-09-26,1640.0,test,334.0,543.0,2249.0,2725.0,457.85714285714283,504.23333333333335,500.0,2255.465141780089,0.0,0.0
2025-09-27,1052.0,test,334.0,518.0,1031.0,2743.0,457.85714285714283,504.23333333333335,309.5,1389.7816593116047,0.0,0.0
2025-09-28,1001.0,test,334.0,334.0,1383.0,2249.0,457.85714285714283,504.23333333333335,249.5,1731.9839037841252,0.0,0.0
2025-09-29,2200.0,test,334.0,225.0,2106.0,1031.0,457.85714285714283,504.23333333333335,659.75,2923.5255934911816,0.0,0.0
2025-09-30,1551.0,test,334.0,294.0,1617.0,1383.0,457.85714285714283,504.23333333333335,723.75,2933.5654649697394,0.0,0.0
2025-10-01,2142.0,test,334.0,667.0,2479.0,2106.0,457.85714285714283,504.23333333333335,688.25,1405.64878755765,0.0,0.0
2025-10-02,1892.0,test,334.0,624.0,2400.0,1617.0,457.85714285714283,504.23333333333335,642.0,1975.911603432234,0.0,0.0
2025-10-03,964.0,test,334.0,543.0,1934.0,2479.0,457.85714285714283,504.23333333333335,500.0,2720.975688276032,0.0,0.0
2025-10-04,674.0,test,334.0,518.0,1219.0,2400.0,457.85714285714283,504.23333333333335,309.5,1416.5775893818775,0.0,0.0
2025-10-05,417.0,test,334.0,334.0,910.0,1934.0,457.85714285714283,504.23333333333335,249.5,1683.0383270494517,0.0,0.0
2025-10-06,1156.0,test,334.0,225.0,2318.0,1219.0,457.85714285714283,504.23333333333335,659.75,2436.4370130957427,0.0,0.0
2025-10-07,1688.0,test,334.0,294.0,2760.0,910.0,457.85714285714283,504.23333333333335,723.75,2112.072797019163,0.0,0.0
2025-10-08,2200.0,test,334.0,667.0,2825.0,2318.0,457.85714285714283,504.23333333333335,688.25,2329.8312535732234,0.0,0.0
2025-10-09,1855.0,test,334.0,624.0,2540.0,2760.0,457.85714285714283,504.23333333333335,642.0,3101.7348478202925,0.0,0.0
2025-10-10,1559.0,test,334.0,543.0,2260.0,2825.0,457.85714285714283,504.23333333333335,500.0,2782.9933697718893,0.0,0.0
2025-10-11,1056.0,test,334.0,518.0,596.0,2540.0,457.85714285714283,504.23333333333335,309.5,1777.7041799390206,0.0,0.0
2025-10-12,958.0,test,334.0,334.0,408.0,2260.0,457.85714285714283,504.23333333333335,249.5,2088.062477920278,0.0,0.0
2025-10-13,2146.0,test,334.0,225.0,2127.0,596.0,457.85714285714283,504.23333333333335,659.75,2680.374467484554,0.0,0.0
2025-10-14,2350.0,test,334.0,294.0,2094.0,408.0,457.85714285714283,504.23333333333335,723.75,2832.741793327937,0.0,0.0
2025-10-15,2345.0,test,334.0,667.0,2005.0,2127.0,457.85714285714283,504.23333333333335,688.25,2114.3742736793297,0.0,0.0
2025-10-16,2127.0,test,334.0,624.0,2108.0,2094.0,457.85714285714283,504.23333333333335,642.0,3422.444906148942,0.0,0.0
2025-10-17,1692.0,test,334.0,543.0,1739.0,2005.0,457.85714285714283,504.23333333333335,500.0,2925.896866267732,0.0,0.0
2025-10-18,927.0,test,334.0,518.0,1083.0,2108.0,457.85714285714283,504.23333333333335,309.5,2242.2122307199406,0.0,0.0
2025-10-19,923.0,test,334.0,334.0,1155.0,1739.0,457.85714285714283,504.23333333333335,249.5,2494.19958448786,0.0,0.0
2025-10-20,2198.0,test,334.0,225.0,2333.0,1083.0,457.85714285714283,504.23333333333335,659.75,2503.598366811478,0.0,0.0
2025-10-21,2439.0,test,334.0,294.0,1819.0,1155.0,457.85714285714283,504.23333333333335,723.75,2259.2201534715196,0.0,0.0
2025-10-22,1684.0,test,334.0,667.0,2179.0,2333.0,457.85714285714283,504.23333333333335,688.25,2203.120343272918,0.0,0.0
2025-10-23,1615.0,test,334.0,624.0,1486.0,1819.0,457.85714285714283,504.23333333333335,642.0,2057.968734110182,0.0,0.0
2025-10-24,1248.0,test,334.0,543.0,1100.0,2179.0,457.85714285714283,504.23333333333335,500.0,2771.5836185029048,0.0,0.0
2025-10-25,479.0,test,334.0,518.0,957.0,1486.0,457.85714285714283,504.23333333333335,309.5,1859.0530514999066,0.0,0.0
2025-10-26,559.0,test,334.0,334.0,1056.0,1100.0,457.85714285714283,504.23333333333335,249.5,2272.129135218304,0.0,0.0
2025-10-27,1025.0,test,334.0,225.0,1788.0,957.0,457.85714285714283,504.23333333333335,659.75,2623.1492757271303,0.0,0.0
2025-10-28,2093.0,test,334.0,294.0,1141.0,1056.0,457.85714285714283,504.23333333333335,723.75,1941.5798334404199,0.0,0.0
2025-10-29,2330.0,test,334.0,667.0,835.0,1788.0,457.85714285714283,504.23333333333335,688.25,1972.6675430955456,0.0,0.0
2025-10-30,2180.0,test,334.0,624.0,1084.0,1141.0,457.85714285714283,504.23333333333335,642.0,1767.6176043882697,0.0,0.0
2025-10-31,1691.0,test,334.0,543.0,913.0,835.0,457.85714285714283,504.23333333333335,500.0,952.0485577085592,0.0,0.0
2025-11-01,917.0,test,334.0,518.0,685.0,1084.0,457.85714285714283,504.23333333333335,309.5,1733.8437421385804,0.0,0.0
2025-11-02,270.0,test,334.0,334.0,385.0,913.0,457.85714285714283,504.23333333333335,249.5,1479.9415467078243,0.0,0.0
2025-11-03,1997.0,test,334.0,225.0,2061.0,685.0,457.85714285714283,504.23333333333335,659.75,1737.8270022503411,0.0,0.0
2025-11-04,2437.0,test,334.0,294.0,2017.0,385.0,457.85714285714283,504.23333333333335,723.75,1992.0864940587542,0.0,0.0
2025-11-05,2381.0,test,334.0,667.0,2123.0,2061.0,457.85714285714283,504.23333333333335,688.25,1809.1480361956926,0.0,0.0
2025-11-06,2065.0,test,334.0,624.0,1993.0,2017.0,457.85714285714283,504.23333333333335,642.0,2076.0586658515,0.0,0.0
2025-11-07,1443.0,test,334.0,543.0,1272.0,2123.0,457.85714285714283,504.23333333333335,500.0,2566.623038394014,0.0,0.0
2025-11-08,650.0,test,334.0,518.0,509.0,1993.0,457.85714285714283,504.23333333333335,309.5,2063.2691508486905,0.0,0.0
2025-11-09,404.0,test,334.0,334.0,457.0,1272.0,457.85714285714283,504.23333333333335,249.5,1877.0138078082064,0.0,0.0
2025-11-10,2093.0,test,334.0,225.0,1047.0,509.0,457.85714285714283,504.23333333333335,659.75,2494.5083231173767,0.0,0.0
2025-11-11,2312.0,test,334.0,294.0,1223.0,457.0,457.85714285714283,504.23333333333335,723.75,1944.6670083956942,0.0,0.0
2025-11-12,2337.0,test,334.0,667.0,1586.0,1047.0,457.85714285714283,504.23333333333335,688.25,2030.4360414266293,0.0,0.0
2025-11-13,2321.0,test,334.0,624.0,2081.0,1223.0,457.85714285714283,504.23333333333335,642.0,2699.567039563774,0.0,0.0
2025-11-14,1894.0,test,334.0,543.0,913.0,1586.0,457.85714285714283,504.23333333333335,500.0,2345.7495254410383,0.0,0.0
2025-11-15,1023.0,test,334.0,518.0,627.0,2081.0,457.85714285714283,504.23333333333335,309.5,1389.4034458547658,0.0,0.0
2025-11-16,820.0,test,334.0,334.0,516.0,913.0,457.85714285714283,504.23333333333335,249.5,1649.1758456645007,0.0,0.0
2025-11-17,1302.0,test,334.0,225.0,1977.0,627.0,457.85714285714283,504.23333333333335,659.75,2131.5320784865503,0.0,0.0
2025-11-18,1845.0,test,334.0,294.0,1625.0,516.0,457.85714285714283,504.23333333333335,723.75,2002.9316298719168,0.0,0.0
2025-11-19,1655.0,test,334.0,667.0,1485.0,1977.0,457.85714285714283,504.23333333333335,688.25,1715.6563031279013,0.0,0.0
2025-11-20,1543.0,test,334.0,624.0,2028.0,1625.0,457.85714285714283,504.23333333333335,642.0,2110.167836142085,0.0,0.0
2025-11-21,1021.0,test,334.0,543.0,734.0,1485.0,457.85714285714283,504.23333333333335,500.0,1678.7420258031038,0.0,0.0
2025-11-22,371.0,test,334.0,518.0,241.0,2028.0,457.85714285714283,504.23333333333335,309.5,1667.1065957758885,0.0,0.0
2025-11-23,329.0,test,334.0,334.0,256.0,734.0,457.85714285714283,504.23333333333335,249.5,1611.9105730986334,0.0,0.0
2025-11-24,712.0,test,334.0,225.0,1242.0,241.0,457.85714285714283,504.23333333333335,659.75,2031.2570754961225,0.0,0.0
2025-11-25,1280.0,test,334.0,294.0,921.0,256.0,457.85714285714283,504.23333333333335,723.75,1701.9723284300226,0.0,0.0
2025-11-26,1135.0,test,334.0,667.0,943.0,1242.0,457.85714285714283,504.23333333333335,688.25,1692.6735580388072,0.0,0.0
2025-11-27,1425.0,test,334.0,624.0,771.0,921.0,457.85714285714283,504.23333333333335,642.0,1746.8293795182694,0.0,0.0
2025-11-28,1184.0,test,334.0,543.0,380.0,943.0,457.85714285714283,504.23333333333335,500.0,1428.5214080976036,0.0,0.0
2025-11-29,461.0,test,334.0,518.0,14.0,771.0,457.85714285714283,504.23333333333335,309.5,981.6461758681869,0.0,0.0
2025-11-30,447.0,test,334.0,334.0,22.0,380.0,457.85714285714283,504.23333333333335,249.5,1130.3615889000769,0.0,0.0
2025-12-01,1567.0,test,334.0,225.0,116.0,14.0,457.85714285714283,504.23333333333335,659.75,1749.492074737967,0.0,0.0
2025-12-02,1694.0,test,334.0,294.0,91.0,22.0,457.85714285714283,504.23333333333335,723.75,1626.8592690892303,0.0,0.0
2025-12-03,1591.0,test,334.0,667.0,99.0,116.0,457.85714285714283,504.23333333333335,688.25,1561.4406783008387,0.0,0.0
2025-12-04,1452.0,test,334.0,624.0,171.0,91.0,457.85714285714283,504.23333333333335,642.0,1673.5534570589027,0.0,0.0
2025-12-05,879.0,test,334.0,543.0,211.0,99.0,457.85714285714283,504.23333333333335,500.0,1708.836808932748,0.0,0.0
2025-12-06,546.0,test,334.0,518.0,129.0,171.0,457.85714285714283,504.23333333333335,309.5,1148.5363154321249,0.0,0.0
2025-12-07,366.0,test,334.0,334.0,195.0,211.0,457.85714285714283,504.23333333333335,249.5,1281.6162856949381,0.0,0.0
2025-12-08,1486.0,test,334.0,225.0,975.0,129.0,457.85714285714283,504.23333333333335,659.75,1530.578621162626,0.0,0.0
2025-12-09,1949.0,test,334.0,294.0,1012.0,195.0,457.85714285714283,504.23333333333335,723.75,1447.750421939434,0.0,0.0
2025-12-10,2048.0,test,334.0,667.0,1117.0,975.0,457.85714285714283,504.23333333333335,688.25,1274.6458739271368,0.0,0.0
2025-12-11,1688.0,test,334.0,624.0,1039.0,1012.0,457.85714285714283,504.23333333333335,642.0,1318.3075698188222,0.0,0.0
2025-12-12,1291.0,test,334.0,543.0,909.0,1117.0,457.85714285714283,504.23333333333335,500.0,1177.463355447772,0.0,0.0
2025-12-13,500.0,test,334.0,518.0,475.0,1039.0,457.85714285714283,504.23333333333335,309.5,790.9121142697684,0.0,0.0
2025-12-14,472.0,test,334.0,334.0,415.0,909.0,457.85714285714283,504.23333333333335,249.5,1016.9874708646594,0.0,0.0
2025-12-15,1528.0,test,334.0,225.0,1323.0,475.0,457.85714285714283,504.23333333333335,659.75,1550.8609480989467,0.0,0.0
2025-12-16,1630.0,test,334.0,294.0,1498.0,415.0,457.85714285714283,504.23333333333335,723.75,1816.0937262122216,0.0,0.0
2025-12-17,1606.0,test,334.0,667.0,870.0,1323.0,457.85714285714283,504.23333333333335,688.25,1434.9384448609242,0.0,0.0
2025-12-18,1659.0,test,334.0,624.0,734.0,1498.0,457.85714285714283,504.23333333333335,642.0,1241.763101143383,0.0,0.0
2025-12-19,1321.0,test,334.0,543.0,337.0,870.0,457.85714285714283,504.23333333333335,500.0,1027.4212139678368,0.0,0.0
2025-12-20,644.0,test,334.0,518.0,116.0,734.0,457.85714285714283,504.23333333333335,309.5,678.3989178868021,0.0,0.0
2025-12-21,312.0,test,334.0,334.0,54.0,337.0,457.85714285714283,504.23333333333335,249.5,739.3485330109081,0.0,0.0
2025-12-22,804.0,test,334.0,225.0,225.0,116.0,457.85714285714283,504.23333333333335,659.75,1106.680219599783,0.0,0.0
2025-12-23,601.0,test,334.0,294.0,294.0,54.0,457.85714285714283,504.23333333333335,723.75,808.1313875484086,0.0,0.0
2025-12-24,88.0,test,334.0,667.0,667.0,225.0,457.85714285714283,504.23333333333335,688.25,857.0972138712303,0.0,0.0
2025-12-25,89.0,test,334.0,624.0,624.0,294.0,457.85714285714283,504.23333333333335,642.0,844.9520111817974,0.0,0.0
2025-12-26,114.0,test,334.0,543.0,543.0,667.0,457.85714285714283,504.23333333333335,500.0,1005.3136843194429,0.0,0.0
2025-12-27,250.0,test,334.0,518.0,518.0,624.0,457.85714285714283,504.23333333333335,309.5,409.46397739823834,0.0,0.0
2025-12-28,185.0,test,334.0,334.0,334.0,543.0,457.85714285714283,504.23333333333335,249.5,541.5375030429707,0.0,0.0
2025-12-29,434.0,test,334.0,225.0,1085.0,518.0,457.85714285714283,504.23333333333335,659.75,1084.0254398025018,0.0,0.0
2025-12-30,300.0,test,334.0,294.0,884.0,334.0,457.85714285714283,504.23333333333335,723.75,1107.904020855774,0.0,0.0
2025-12-31,170.0,test,334.0,667.0,1018.0,596.0,457.85714285714283,504.23333333333335,688.25,1212.640402405092,0.0,0.0
2026-01-01,148.0,test,334.0,624.0,725.0,1085.0,457.85714285714283,504.23333333333335,642.0,1177.5462166635116,0.0,0.0
2026-01-02,283.0,test,334.0,543.0,616.0,884.0,457.85714285714283,504.23333333333335,500.0,961.7562915821832,0.0,0.0
2026-01-03,153.0,test,334.0,518.0,764.0,1018.0,457.85714285714283,504.23333333333335,309.5,543.8703457461986,0.0,0.0
2026-01-04,106.0,test,334.0,334.0,516.0,725.0,457.85714285714283,504.23333333333335,249.5,429.3341833339595,0.0,0.0
2026-01-05,257.0,test,334.0,225.0,1491.0,616.0,457.85714285714283,504.23333333333335,659.75,915.6466650353046,0.0,0.0
2026-01-06,99.0,test,334.0,294.0,1545.0,764.0,457.85714285714283,504.23333333333335,723.75,1300.375003329776,0.0,0.0
2026-01-07,694.0,test,334.0,667.0,1427.0,516.0,457.85714285714283,504.23333333333335,688.25,1162.6602431513509,0.0,0.0
2026-01-08,640.0,test,334.0,624.0,1540.0,1491.0,457.85714285714283,504.23333333333335,642.0,1129.9839188124693,0.0,0.0
2026-01-09,465.0,test,334.0,543.0,1157.0,1545.0,457.85714285714283,504.23333333333335,500.0,1121.2357456670823,0.0,0.0
2026-01-10,254.0,test,334.0,518.0,760.0,1427.0,457.85714285714283,504.23333333333335,309.5,728.8215508485125,0.0,0.0
2026-01-11,86.0,test,334.0,334.0,327.0,1540.0,457.85714285714283,504.23333333333335,249.5,774.1285319273293,0.0,0.0
2026-01-12,362.0,test,334.0,225.0,1628.0,1157.0,457.85714285714283,504.23333333333335,659.75,1500.432988554548,0.0,0.0
2026-01-13,1097.0,test,334.0,294.0,1717.0,760.0,457.85714285714283,504.23333333333335,723.75,1646.246954169968,0.0,0.0
2026-01-14,1382.0,test,334.0,667.0,1555.0,327.0,457.85714285714283,504.23333333333335,688.25,1364.1022060704502,0.0,0.0
2026-01-15,1483.0,test,334.0,624.0,1061.0,1628.0,457.85714285714283,504.23333333333335,642.0,1364.4959400837777,0.0,0.0
2026-01-16,1184.0,test,334.0,543.0,796.0,1717.0,457.85714285714283,504.23333333333335,500.0,1041.8813370681319,0.0,0.0
2026-01-17,396.0,test,334.0,518.0,150.0,1555.0,457.85714285714283,504.23333333333335,309.5,503.8384623555117,0.0,0.0
2026-01-18,321.0,test,334.0,334.0,97.0,1061.0,457.85714285714283,504.23333333333335,249.5,695.1011128398677,0.0,0.0
2026-01-19,1452.0,test,334.0,225.0,586.0,796.0,457.85714285714283,504.23333333333335,659.75,1415.1313113842325,0.0,0.0
2026-01-20,1445.0,test,334.0,294.0,745.0,150.0,457.85714285714283,504.23333333333335,723.75,1514.4163153934442,0.0,0.0
2026-01-21,1450.0,test,334.0,667.0,961.0,97.0,457.85714285714283,504.23333333333335,688.25,1581.3418803415557,0.0,0.0
2026-01-22,1230.0,test,334.0,624.0,988.0,586.0,457.85714285714283,504.23333333333335,642.0,1371.0616182997862,0.0,0.0
2026-01-23,928.0,test,334.0,543.0,531.0,745.0,457.85714285714283,504.23333333333335,500.0,1313.611782385243,0.0,0.0
2026-01-24,370.0,test,334.0,518.0,274.0,961.0,457.85714285714283,504.23333333333335,309.5,715.1795670714905,0.0,0.0
2026-01-25,247.0,test,334.0,334.0,229.0,988.0,457.85714285714283,504.23333333333335,249.5,801.6853398899098,0.0,0.0
2026-01-26,679.0,test,334.0,225.0,1004.0,531.0,457.85714285714283,504.23333333333335,659.75,1465.1471847871326,0.0,0.0
2026-01-27,1326.0,test,334.0,294.0,1192.0,274.0,457.85714285714283,504.23333333333335,723.75,1387.8437730749438,0.0,0.0
2026-01-28,1364.0,test,334.0,667.0,1154.0,229.0,457.85714285714283,504.23333333333335,688.25,1453.3319896435146,0.0,0.0
2026-01-29,595.0,test,334.0,624.0,810.0,1004.0,457.85714285714283,504.23333333333335,642.0,1444.0737650631286,0.0,0.0
2026-01-30,857.0,test,334.0,543.0,740.0,1192.0,457.85714285714283,504.23333333333335,500.0,1194.4343188605505,0.0,0.0
2026-01-31,478.0,test,334.0,518.0,419.0,1154.0,457.85714285714283,504.23333333333335,309.5,652.9039125137976,0.0,0.0
2026-02-01,345.0,test,334.0,334.0,393.0,810.0,457.85714285714283,504.23333333333335,249.5,672.6477561749225,0.0,0.0
2026-02-02,1641.0,test,334.0,225.0,1191.0,740.0,457.85714285714283,504.23333333333335,659.75,1344.4689381911112,0.0,0.0
2026-02-03,1574.0,test,334.0,294.0,1356.0,419.0,457.85714285714283,504.23333333333335,723.75,1827.024550796499,0.0,0.0
2026-02-04,1450.0,test,334.0,667.0,1194.0,393.0,457.85714285714283,504.23333333333335,688.25,1786.9410256802228,0.0,0.0
2026-02-05,1472.0,test,334.0,624.0,1204.0,1191.0,457.85714285714283,504.23333333333335,642.0,1433.176643735674,0.0,0.0
2026-02-06,1038.0,test,334.0,543.0,1019.0,1356.0,457.85714285714283,504.23333333333335,500.0,1162.4811462267103,0.0,0.0
2026-02-07,561.0,test,334.0,518.0,522.0,1194.0,457.85714285714283,504.23333333333335,309.5,962.1447727424306,0.0,0.0
2026-02-08,573.0,test,334.0,334.0,584.0,1204.0,457.85714285714283,504.23333333333335,249.5,709.8703468831491,0.0,0.0
2026-02-09,1469.0,test,334.0,225.0,1378.0,1019.0,457.85714285714283,504.23333333333335,659.75,1413.3115623249832,0.0,0.0
2026-02-10,1608.0,test,334.0,294.0,1559.0,522.0,457.85714285714283,504.23333333333335,723.75,1372.6280923296777,0.0,0.0
2026-02-11,1596.0,test,334.0,667.0,1570.0,584.0,457.85714285714283,504.23333333333335,688.25,1551.777074424654,0.0,0.0
2026-02-12,1309.0,test,334.0,624.0,1588.0,1378.0,457.85714285714283,504.23333333333335,642.0,1538.7221866382777,0.0,0.0
2026-02-13,1267.0,test,334.0,543.0,1062.0,1559.0,457.85714285714283,504.23333333333335,500.0,1531.0408868169604,0.0,0.0
2026-02-14,387.0,test,334.0,518.0,580.0,1570.0,457.85714285714283,504.23333333333335,309.5,855.4264865722505,0.0,0.0
2026-02-15,233.0,test,334.0,334.0,427.0,1588.0,457.85714285714283,504.23333333333335,249.5,1028.475899706374,0.0,0.0
2026-02-16,718.0,test,334.0,225.0,1552.0,1062.0,457.85714285714283,504.23333333333335,659.75,1735.923815310402,0.0,0.0
2026-02-17,884.0,test,334.0,294.0,1760.0,580.0,457.85714285714283,504.23333333333335,723.75,1952.755262771086,0.0,0.0
2026-02-18,858.0,test,334.0,667.0,1635.0,427.0,457.85714285714283,504.23333333333335,688.25,1733.5434326007976,0.0,0.0
2026-02-19,684.0,test,334.0,624.0,1455.0,1552.0,457.85714285714283,504.23333333333335,642.0,1892.6477963017903,0.0,0.0
2026-02-20,283.0,test,334.0,543.0,931.0,1760.0,457.85714285714283,504.23333333333335,500.0,1497.9245729659149,0.0,0.0
2026-02-21,174.0,test,334.0,518.0,417.0,1635.0,457.85714285714283,504.23333333333335,309.5,999.8941039393881,0.0,0.0
2026-02-22,322.0,test,334.0,334.0,187.0,1455.0,457.85714285714283,504.23333333333335,249.5,1118.4148238002185,0.0,0.0
2026-02-23,1290.0,test,334.0,225.0,1041.0,931.0,457.85714285714283,504.23333333333335,659.75,2145.152809826343,0.0,0.0
2026-02-24,814.0,test,334.0,294.0,1225.0,417.0,457.85714285714283,504.23333333333335,723.75,1787.5073535071508,0.0,0.0
2026-02-25,2040.0,test,334.0,667.0,1372.0,187.0,457.85714285714283,504.23333333333335,688.25,1567.5253078387573,0.0,0.0
2026-02-26,2118.0,test,334.0,624.0,1969.0,1041.0,457.85714285714283,504.23333333333335,642.0,1419.0749127355386,0.0,0.0
2026-02-27,2259.0,test,334.0,543.0,1727.0,1225.0,457.85714285714283,504.23333333333335,500.0,1468.8030436780111,0.0,0.0
2026-02-28,1333.0,test,334.0,518.0,759.0,1372.0,457.85714285714283,504.23333333333335,309.5,993.1407120856736,0.0,0.0
2026-03-01,636.0,test,334.0,334.0,435.0,1969.0,457.85714285714283,504.23333333333335,249.5,1342.2914976685431,0.0,0.0
2026-03-02,2026.0,test,334.0,225.0,1523.0,1727.0,457.85714285714283,504.23333333333335,659.75,1914.083473231516,0.0,0.0
2026-03-03,2089.0,test,334.0,294.0,1949.0,759.0,457.85714285714283,504.23333333333335,723.75,1938.8811275033065,0.0,0.0
2026-03-04,1955.0,test,334.0,667.0,1386.0,435.0,457.85714285714283,504.23333333333335,688.25,1513.823305442646,0.0,0.0
2026-03-05,2191.0,test,334.0,624.0,1273.0,1523.0,457.85714285714283,504.23333333333335,642.0,1492.2368990439957,0.0,0.0
2026-03-06,1768.0,test,334.0,543.0,1077.0,1949.0,457.85714285714283,504.23333333333335,500.0,1574.9823255471683,0.0,0.0
2026-03-07,1218.0,test,334.0,518.0,741.0,1386.0,457.85714285714283,504.23333333333335,309.5,1248.2483961928199,0.0,0.0
2026-03-08,1120.0,test,334.0,334.0,342.0,1273.0,457.85714285714283,504.23333333333335,249.5,1345.8053715513695,0.0,0.0
2026-03-09,2164.0,test,334.0,225.0,2176.0,1077.0,457.85714285714283,504.23333333333335,659.75,1804.7904169146486,0.0,0.0
2026-03-10,2598.0,test,334.0,294.0,1499.0,741.0,457.85714285714283,504.23333333333335,723.75,2039.6100190264249,0.0,0.0
2026-03-11,2012.0,test,334.0,667.0,1394.0,342.0,457.85714285714283,504.23333333333335,688.25,2083.3417738170615,0.0,0.0
2026-03-12,1381.0,test,334.0,624.0,1824.0,2176.0,457.85714285714283,504.23333333333335,642.0,1801.751213471425,0.0,0.0
2026-03-13,1907.0,test,334.0,543.0,1819.0,1499.0,457.85714285714283,504.23333333333335,500.0,1318.272396743951,0.0,0.0
2026-03-14,655.0,test,334.0,518.0,1363.0,1394.0,457.85714285714283,504.23333333333335,309.5,1136.5636563436722,0.0,0.0
2026-03-15,590.0,test,334.0,334.0,619.0,1824.0,457.85714285714283,504.23333333333335,249.5,1356.2345167967107,0.0,0.0
2026-03-16,1539.0,test,334.0,225.0,1939.0,1819.0,457.85714285714283,504.23333333333335,659.75,1873.8239591189135,0.0,0.0
2026-03-17,1583.0,test,334.0,294.0,2387.0,1363.0,457.85714285714283,504.23333333333335,723.75,2036.0544070452277,0.0,0.0
2026-03-18,2192.0,test,334.0,667.0,2682.0,619.0,457.85714285714283,504.23333333333335,688.25,1881.3152681036672,0.0,0.0
2026-03-19,2463.0,test,334.0,624.0,2230.0,1939.0,457.85714285714283,504.23333333333335,642.0,1956.4882217872662,0.0,0.0
2026-03-20,1795.0,test,334.0,543.0,1076.0,2387.0,457.85714285714283,504.23333333333335,500.0,1952.1157146766266,0.0,0.0
2026-03-21,720.0,test,334.0,518.0,646.0,2682.0,457.85714285714283,504.23333333333335,309.5,1286.9686345061068,0.0,0.0
2026-03-22,1213.0,test,334.0,334.0,277.0,2230.0,457.85714285714283,504.23333333333335,249.5,1526.0584504852693,0.0,0.0
2026-03-23,2178.0,test,334.0,225.0,1793.0,1076.0,457.85714285714283,504.23333333333335,659.75,2470.960822910765,0.0,0.0
2026-03-24,2413.0,test,334.0,294.0,1727.0,646.0,457.85714285714283,504.23333333333335,723.75,2523.586456829847,0.0,0.0
2026-03-25,1615.0,test,334.0,667.0,1659.0,277.0,457.85714285714283,504.23333333333335,688.25,2094.550396234322,0.0,0.0
2026-03-26,1258.0,test,334.0,624.0,1194.0,1793.0,457.85714285714283,504.23333333333335,642.0,2082.953097910431,0.0,0.0
2026-03-27,1222.0,test,334.0,543.0,1083.0,1727.0,457.85714285714283,504.23333333333335,500.0,2632.926925762023,0.0,0.0
2026-03-28,709.0,test,334.0,518.0,492.0,1659.0,457.85714285714283,504.23333333333335,309.5,2163.3136080968743,0.0,0.0
2026-03-29,250.0,test,334.0,334.0,442.0,1194.0,457.85714285714283,504.23333333333335,249.5,1505.558069170079,0.0,0.0
2026-03-30,935.0,test,334.0,225.0,1347.0,1083.0,457.85714285714283,504.23333333333335,659.75,2073.1500684284006,0.0,0.0
2026-03-31,1095.0,test,334.0,294.0,1515.0,492.0,457.85714285714283,504.23333333333335,723.75,2110.679297098745,0.0,0.0
2026-04-01,1382.0,test,334.0,667.0,1472.0,442.0,457.85714285714283,504.23333333333335,688.25,2326.495465285226,0.0,0.0
2026-04-02,1396.0,test,334.0,624.0,1365.0,1347.0,457.85714285714283,504.23333333333335,642.0,1869.6593357120198,0.0,0.0
2026-04-03,699.0,test,334.0,543.0,540.0,1515.0,457.85714285714283,504.23333333333335,500.0,1942.7400320489126,0.0,0.0
2026-04-04,457.0,test,334.0,518.0,299.0,1472.0,457.85714285714283,504.23333333333335,309.5,1129.5607334775693,0.0,0.0
2026-04-05,839.0,test,334.0,334.0,503.0,1365.0,457.85714285714283,504.23333333333335,249.5,1683.8138413098873,0.0,0.0
2026-04-06,941.0,test,334.0,225.0,1102.0,540.0,457.85714285714283,504.23333333333335,659.75,2038.3329619636438,0.0,0.0
2026-04-07,2383.0,test,334.0,294.0,1002.0,299.0,457.85714285714283,504.23333333333335,723.75,2171.7334199392158,0.0,0.0
2026-04-08,2597.0,test,334.0,667.0,1007.0,503.0,457.85714285714283,504.23333333333335,688.25,2705.6551286005206,0.0,0.0
2026-04-09,2246.0,test,334.0,624.0,1252.0,1102.0,457.85714285714283,504.23333333333335,642.0,2834.019638108455,0.0,0.0
2026-04-10,1007.0,test,334.0,543.0,755.0,1002.0,457.85714285714283,504.23333333333335,500.0,2516.6020338841395,0.0,0.0
2026-04-11,1366.0,test,334.0,518.0,477.0,1007.0,457.85714285714283,504.23333333333335,309.5,1856.5362881833937,0.0,0.0
2026-04-12,524.0,test,334.0,334.0,483.0,1252.0,457.85714285714283,504.23333333333335,249.5,1149.6877471700625,0.0,0.0
2026-04-13,2114.0,test,334.0,225.0,1870.0,755.0,457.85714285714283,504.23333333333335,659.75,2141.180956983008,0.0,0.0
2026-04-14,1926.0,test,334.0,294.0,2117.0,477.0,457.85714285714283,504.23333333333335,723.75,2055.678589883394,0.0,0.0
2026-04-15,2473.0,test,334.0,667.0,1332.0,483.0,457.85714285714283,504.23333333333335,688.25,2866.5495559739966,0.0,0.0
2026-04-16,2594.0,test,334.0,624.0,1394.0,1870.0,457.85714285714283,504.23333333333335,642.0,1644.274994103795,0.0,0.0
2026-04-17,2380.0,test,334.0,543.0,2355.0,2117.0,457.85714285714283,504.23333333333335,500.0,1563.018401933534,0.0,0.0
2026-04-18,1900.0,test,334.0,518.0,1910.0,1332.0,457.85714285714283,504.23333333333335,309.5,1747.1293728471153,0.0,0.0
2026-04-19,675.0,test,334.0,334.0,1184.0,1394.0,457.85714285714283,504.23333333333335,249.5,1739.177007147341,0.0,0.0
2026-04-20,2498.0,test,334.0,225.0,1795.0,2355.0,457.85714285714283,504.23333333333335,659.75,2577.9372168076193,0.0,0.0
2026-04-21,2582.0,test,334.0,294.0,1484.0,1910.0,457.85714285714283,504.23333333333335,723.75,2648.870046765321,0.0,0.0
2026-04-22,2655.0,test,334.0,667.0,1947.0,1184.0,457.85714285714283,504.23333333333335,688.25,3275.7183256406397,0.0,0.0
2026-04-23,2764.0,test,334.0,624.0,2336.0,1795.0,457.85714285714283,504.23333333333335,642.0,2907.518253175812,0.0,0.0
2026-04-24,2458.0,test,334.0,543.0,936.0,1484.0,457.85714285714283,504.23333333333335,500.0,2400.3587444645486,0.0,0.0
2026-04-25,1665.0,test,334.0,518.0,1257.0,1947.0,457.85714285714283,504.23333333333335,309.5,1948.045676901603,0.0,0.0
2026-04-26,1658.0,test,334.0,334.0,1185.0,2336.0,457.85714285714283,504.23333333333335,249.5,2024.3844575064622,0.0,0.0
2026-04-27,2887.0,test,334.0,225.0,422.0,936.0,457.85714285714283,504.23333333333335,659.75,2812.784060540399,0.0,0.0
2026-04-28,3043.0,test,334.0,294.0,1921.0,1257.0,457.85714285714283,504.23333333333335,723.75,2278.6370234209667,0.0,0.0
2026-04-29,2889.0,test,334.0,667.0,2390.0,1185.0,457.85714285714283,504.23333333333335,688.25,2021.5434503869915,0.0,0.0
2026-04-30,2482.0,test,334.0,624.0,3117.0,422.0,457.85714285714283,504.23333333333335,642.0,1614.517736574184,0.0,0.0
