date,actual,split,pred_pure_sarima,pred_weather_only,pred_fourier_only,pred_full_model
2023-01-01,1110.0,val,1012.8177706976699,1550.1570205354392,1087.4771826195606,1621.9600122359266
2023-01-02,1237.0,val,949.3352935044891,1224.7293367819002,1043.6521544368238,1322.8431707449965
2023-01-03,921.0,val,969.7135916861695,804.485071034618,1074.588482601625,911.7820629906139
2023-01-04,1139.0,val,985.1451735385189,1143.6248125626903,1102.1798268407686,1257.5670083217515
2023-01-05,786.0,val,962.4675008956918,739.8243622151251,1074.2705782780822,852.7514154800416
2023-01-06,1239.0,val,856.0841251194668,1225.268821291509,979.0864483494099,1341.943628681698
2023-01-07,1251.0,val,674.8889332251385,1178.4565964914411,808.0436711639632,1297.8302676294866
2023-01-08,1065.0,val,820.1294065737783,804.1222801011143,959.6747944886408,929.6811726306279
2023-01-09,1642.0,val,869.684968787826,698.2607581296104,1005.537177360827,826.4783630947798
2023-01-10,1737.0,val,931.6431970349137,751.0949199279432,1072.9881481178797,882.4837561001049
2023-01-11,1568.0,val,960.4740431123979,816.7284755194135,1107.2951476026083,950.5186952492882
2023-01-12,1908.0,val,948.7497569409633,902.097130387361,1096.6714534951068,1036.0944341604043
2023-01-13,1487.0,val,839.6489797408591,875.6965324233953,994.0588836429522,1013.2748574842155
2023-01-14,1667.0,val,644.5739412564456,825.8541468871722,807.3615645481264,966.4685038927998
2023-01-15,999.0,val,799.1560279419291,819.6654158855167,966.6516246669964,960.1010250878785
2023-01-16,1834.0,val,855.3831954408361,1039.0984017081353,1025.1230186111543,1182.7176517948942
2023-01-17,1955.0,val,918.3174240591752,976.1649840362002,1092.1378239785713,1122.2579446466953
2023-01-18,1808.0,val,949.2771084374109,694.4009968841713,1133.2115449614375,844.8865160223925
2023-01-19,1479.0,val,937.135166236732,688.0724304579119,1120.5577918344584,838.4700212997836
2023-01-20,1062.0,val,829.1695014108706,175.21711376855336,1022.6627375723734,330.06514442698085
2023-01-21,388.0,val,633.8020192762435,0.0,834.0643962639235,37.59536693737846
2023-01-22,373.0,val,788.7623586051479,295.5633836351367,996.5127437754265,452.48672039125853
2023-01-23,948.0,val,844.4718358883839,416.02072838044546,1052.951778279813,572.5292850210693
2023-01-24,1196.0,val,907.7091585791818,554.7680051507372,1122.4718751902697,711.8295416667955
2023-01-25,1263.0,val,938.3026960162204,532.3670458813195,1161.8118820098991,692.5917499569912
2023-01-26,1333.0,val,926.4431339374477,419.3494449888099,1151.2026460905358,578.0294247309728
2023-01-27,792.0,val,818.3881025305006,323.62327576528537,1052.0401224588286,484.84283550609166
2023-01-28,553.0,val,623.4659298461446,207.67195900388052,865.3152001284548,369.157113036448
2023-01-29,573.0,val,778.0525827628926,367.2882431451684,1026.3766126166847,527.4273692630595
2023-01-30,1187.0,val,833.815919749308,713.6136109218617,1084.036443617198,871.3403191042313
2023-01-31,1491.0,val,896.8490032651255,834.5591559342392,1152.5577156508105,991.6420116561974
2023-02-01,1429.0,val,927.4901122672616,708.3036074560162,1192.952922386203,866.4388212585683
2023-02-02,1060.0,val,915.5597770972215,452.48901543467633,1181.721635839087,607.3257308504662
2023-02-03,1028.0,val,807.709182881014,452.60521977143685,1083.720106116068,607.9169171976665
2023-02-04,863.0,val,612.983878264752,459.8918527041292,896.9016390382264,614.9552388813696
2023-02-05,767.0,val,767.4049633958693,682.1429650374772,1058.7400356707049,834.765565500863
2023-02-06,1424.0,val,823.0474652681727,669.5054632319923,1116.2457592069038,820.6165061449869
2023-02-07,1630.0,val,886.023131555814,1203.8717734252127,1185.7422830072778,1352.548864627887
2023-02-08,1440.0,val,916.5886133688875,1134.7763193174997,1226.3180153337585,1284.4184022509035
2023-02-09,1470.0,val,904.6909948585359,1305.1899526695722,1216.304924935208,1448.7704593325402
2023-02-10,1428.0,val,796.9577149035558,1224.6966855981102,1119.0102137757528,1368.516367471743
2023-02-11,896.0,val,602.5019547220852,619.237126741041,933.843468263001,760.9136278840123
2023-02-12,1121.0,val,756.6964307728547,1029.2150618778905,1096.3552875190103,1166.9647373749754
2023-02-13,1465.0,val,812.2697104089001,516.192533364554,1155.3829133123666,652.9128115547385
2023-02-14,1635.0,val,875.1448223269623,1167.5202691538643,1226.0370333309334,1301.3092264725844
2023-02-15,1832.0,val,905.6710718886033,1331.0558907008676,1268.4126575216633,1464.1741821675614
2023-02-16,1822.0,val,893.7756436641745,1615.6987341836377,1260.0273873374526,1742.7419382110606
2023-02-17,1428.0,val,786.1851233081788,990.982791968601,1165.0056388882685,1118.601234473772
2023-02-18,1031.0,val,591.9770456910632,926.6114065600935,982.0730129834432,1052.8365783927197
2023-02-19,907.0,val,745.9632742823125,904.3926745594933,1146.7681378873908,1028.9556423228728
2023-02-20,1688.0,val,801.4522562484192,1596.7684380755481,1208.0231145814737,1718.0233881866113
2023-02-21,2152.0,val,864.2396869608324,1827.8924900037778,1281.2780359304274,1947.7177487410058
2023-02-22,1966.0,val,894.7160573065473,1684.935542265884,1326.2342556903645,1806.1470800554346
2023-02-23,1676.0,val,882.8318025515666,917.787000098948,1320.8393865054743,1037.6052462087644
2023-02-24,1082.0,val,775.3763041770881,407.93744920205427,1228.9022377706615,530.4475640541557
2023-02-25,827.0,val,581.4219176030817,294.05023177567585,1049.468597853645,418.81761434536105
2023-02-26,501.0,val,735.194852637029,439.76554538872415,1217.1495337972253,565.2827116543126
2023-02-27,1202.0,val,790.6041206986744,452.7492090326326,1281.7813021464217,578.5923437245266
2023-02-28,1396.0,val,853.3002317360904,882.677540847043,1358.3920688577691,1009.025661488791
2023-03-01,1632.0,val,883.7299434600615,1131.7540073680893,1406.9431832757832,1261.3138667924857
2023-03-02,2715.0,val,871.8541982293073,1622.87610134618,1405.2122068742601,1750.6902408975457
2023-03-03,2452.0,val,764.5357666576699,859.4030368481431,1317.2197775815623,993.8095836434993
2023-03-04,1468.0,val,570.8328641921739,1114.721996688097,1141.8464652572152,1253.2430702551296
2023-03-05,795.0,val,724.3943595256799,475.1359136099966,1313.2024427364852,617.447045653406
2023-03-06,1501.0,val,779.7227018588576,559.2266445564826,1381.6346373664599,704.8868555163742
2023-03-07,1888.0,val,842.3287220653126,1445.8220412592375,1462.1033317596402,1595.1427381681424
2023-03-08,1473.0,val,872.7109075866717,809.324319832591,1514.5125240574316,965.3205811247184
2023-03-09,1460.0,val,860.8444414535901,1392.079251668582,1516.7475193515502,1551.0998280801962
2023-03-10,1400.0,val,753.6622380219201,988.8549861511701,1432.7845364873626,1157.3842818463781
2023-03-11,1060.0,val,560.2110351616182,937.176395704314,1261.5637271024384,1115.915303273919
2023-03-12,551.0,val,713.5609101014363,588.738423710427,1436.4887198399506,772.9243037037681
2023-03-13,2238.0,val,768.8088231981828,1437.97362953833,1508.5983802333274,1626.7055523841664
2023-03-14,1471.0,val,831.324546357105,700.3283972803395,1592.6191374250202,900.3541554381961
2023-03-15,1611.0,val,861.6595431532097,1112.76703298845,1648.5455821377789,1326.2025942510284
2023-03-16,1865.0,val,849.8021135333225,1518.8549588545952,1654.2373439196388,1739.0379372164211
2023-03-17,2287.0,val,742.7561499256169,1686.8044423092965,1573.7467909662928,1918.345249792359
2023-03-18,2274.0,val,549.5561486304582,1439.7263059631553,1405.967033686056,1682.5435227293915
2023-03-19,1309.0,val,702.6948217676247,730.634445278678,1583.6947854661423,985.5489523744388
2023-03-20,2114.0,val,757.8622983338457,1092.0136568180671,1658.5751098082,1358.472364753038
2023-03-21,2347.0,val,820.2879410670901,1374.79832478574,1745.1820261175212,1653.3806705455124
2023-03-22,3066.0,val,850.5757312630138,2032.831696872458,1803.5336265667913,2325.8166263993694
2023-03-23,2262.0,val,838.7273939703613,1188.4656908469547,1811.5310237710985,1493.1714000810678
2023-03-24,1311.0,val,731.8174315080162,806.8264738597159,1733.2501759233003,1129.2662670394204
2023-03-25,1367.0,val,538.8683446633648,1009.1256093979314,1567.5931682231126,1347.6977147759103
2023-03-26,749.0,val,691.7960574366447,444.38111104103973,1746.7100585457688,797.7147556404556
2023-03-27,1751.0,val,746.8832385056596,567.1423405544951,1822.8982470750846,936.097095537545
2023-03-28,1911.0,val,809.2188925772646,1240.5404955050262,1910.548584880958,1624.5019853385306
2023-03-29,1880.0,val,839.4595629447858,772.7026909400372,1969.7424798327802,1172.7289944502302
2023-03-30,1354.0,val,827.6202858484048,927.4359622017776,1978.3993131780562,1340.6422876300267
2023-03-31,1153.0,val,720.846159971772,897.936514594207,1900.65267659169,1330.7187541125572
2023-04-01,758.0,val,528.147638862221,678.084809282187,1735.396782922078,1128.8906233214434
2023-04-02,822.0,val,680.8646844471912,604.9150378695592,1914.1653610382857,1071.52054898085
2023-04-03,1525.0,val,735.8716671411597,775.4209687891733,1989.895440865796,1259.4231263759748
2023-04-04,1773.0,val,798.1174609149055,1306.789307007551,2076.8205212491175,1807.9845936720392
2023-04-05,1805.0,val,828.3110672679502,1601.653801955021,2135.0774848551528,2121.406437222204
2023-04-06,1557.0,val,816.4808441833975,1594.0561244339824,2142.6263067776836,2127.2554684407414
2023-04-07,1064.0,val,709.8423687963185,964.4793310219727,2063.65351128102,1517.1080626457865
2023-04-08,551.0,val,517.3940834438606,370.43382641051767,1897.065084054033,942.4270515796344
2023-04-09,1438.0,val,669.9007392785495,1279.4239615147872,2073.7770772895565,1865.6465060680428
2023-04-10,1898.0,val,724.8276334793964,1784.259473174631,2147.382501759203,2384.8015376144135
2023-04-11,1284.0,val,786.9836843224463,932.8393424808476,2231.957238930375,1550.9090175872454
2023-04-12,1285.0,val,817.1302914925719,679.3273165590379,2287.7087364181957,1315.6598092725174
2023-04-13,1520.0,val,805.3091086074178,619.7127268624798,2292.638212806596,1271.1474500841039
2023-04-14,944.0,val,698.806104275414,440.59259983986,2210.998297735657,1110.513812684237
2023-04-15,955.0,val,506.60771975550176,376.1823234363803,2041.7081769099307,1062.343920227092
2023-04-16,1201.0,val,658.9042674320389,635.9014985413337,2215.0785686215445,1336.382259610645
2023-04-17,2428.0,val,713.7511790754812,957.387417027671,2285.3593040745645,1670.611922247694
2023-04-18,2540.0,val,775.8176073897544,871.2045093551969,2366.4786134143665,1599.685611282222
2023-04-19,1726.0,val,805.9172774417831,481.0517879394793,2418.7161988931657,1226.380991164236
2023-04-20,1850.0,val,794.1051232131291,716.6653325706814,2420.122542656171,1474.152873028822
2023-04-21,2972.0,val,687.7374088503419,1849.839850594237,2335.0178019096256,2619.6255094766393
2023-04-22,3285.0,val,495.7885922729896,1874.4655669457545,2162.3408000316467,2657.0544034154786
2023-04-23,1979.0,val,647.8753116743237,825.8910294039327,2331.7988063388666,1621.595320122908
2023-04-24,2653.0,val,702.6423476749297,1002.7027181427502,2398.3023874231876,1810.933766989588
2023-04-25,1952.0,val,764.6192727610196,785.2077821510718,2475.632656752555,1605.5895815441486
2023-04-26,2583.0,val,794.6720684671369,1179.542021255066,2524.144759830171,2013.2821039630203
2023-04-27,3196.0,val,782.8689307038644,1333.7042293697036,2521.937859155715,2174.6915213437405
2023-04-28,1202.0,val,676.6363260232745,388.97948207087353,2433.4012966821692,1243.3652919541173
2023-04-29,2318.0,val,484.9367444743058,1481.3274211927178,2257.492055172369,2344.6524339722137
2023-04-30,2480.0,val,636.8139155033084,1347.2702328097553,2423.315080497,2219.298464238441
2023-05-01,1018.0,val,691.5011823028678,619.8193064062502,2486.4382682268115,1501.1520759141954
2023-05-02,2208.0,val,753.388723579608,854.9939476727773,2560.4946362684414,1744.4446429168997
2023-05-03,3304.0,val,783.3947073953657,1623.1353008489805,2605.9111752352355,2521.5593076389882
2023-05-04,3865.0,val,771.600574118242,2155.907339057391,2600.833087011756,3058.5308671469043
2023-05-05,3063.0,val,665.5028989089444,1441.7060433757829,2509.714275826788,2353.2644636641326
2023-05-06,3317.0,val,474.052220056132,1330.6633121403975,2331.5259901800614,2250.3562226081995
2023-05-07,3893.0,val,625.7201221265145,1886.3554065465191,2494.7661972710894,2810.461277577864
2023-05-08,3062.0,val,680.3277261222153,1323.6655830129243,2555.654110460809,2254.60275289022
2023-05-09,4048.0,val,742.1260027674346,1704.4141564367615,2627.668402922592,2639.763036240859
2023-05-10,1496.0,val,772.0852371337623,673.4466261308671,2671.301664063463,1617.9824766825177
2023-05-11,1102.0,val,760.3000963218595,358.1735440457607,2664.737754090311,1307.0450640403153
2023-05-12,2002.0,val,654.3371706617029,855.0027275591804,2572.487958463649,1809.8679615874862
2023-05-13,1506.0,val,463.1350625753157,742.6023986208804,2393.52971440787,1702.2487352738112
2023-05-14,1667.0,val,614.593974762348,1189.5644998562816,2555.7470008115133,2151.2151044778284
2023-05-15,2503.0,val,669.1220221807978,1142.7384500503865,2616.0007424307382,2107.4036888670416
2023-05-16,1533.0,val,730.8311532374981,553.3784385679803,2687.6069712437347,1523.2210201386133
2023-05-17,3264.0,val,760.7437004918168,1402.67073564047,2731.114649455448,2377.7400143559735
2023-05-18,2855.0,val,748.9675401572379,1376.3796190792164,2724.7372594368335,2352.4473804135223
2023-05-19,5978.0,val,643.1391843497246,1144.2193257387887,2633.0339509929863,2125.9110455861046
2023-05-20,7850.0,val,452.18531555466376,1454.06635765604,2454.9790804196095,2437.25271398477
2023-05-21,7149.0,val,603.4355165513871,2096.917774932978,2617.833957334408,3080.877403718695
2023-05-22,3981.0,val,657.884113485996,2368.211719816057,2679.090938610235,3354.803062955112
2023-05-23,3084.0,val,719.5042178313266,1606.1132509327035,2751.894129302522,2597.3821866198787
2023-05-24,3217.0,val,749.370140233895,1183.8311677060963,2796.839523908119,2182.367209469925
2023-05-25,3975.0,val,737.6029483997178,1567.8920875276629,2792.160889934914,2565.716784402249
2023-05-26,3244.0,val,631.9089829921912,2076.552477617701,2702.4561962119224,3079.5026425374267
2023-05-27,3049.0,val,441.2030224518563,2034.425231096182,2526.6878329976776,3041.8066142226367
2023-05-28,4142.0,val,592.2447905826341,2216.754008726991,2691.486827994325,3226.41467661109
2023-05-29,4232.0,val,646.6140429828391,2332.668285109028,2754.9677496111644,3344.75943928732
2023-05-30,3166.0,val,708.1452393375168,2231.8448088189975,2830.0951555655465,3248.121791207052
2023-05-31,3971.0,val,737.9645990638084,2410.3383410875394,2877.504439265365,3432.837234619962
2023-06-01,3880.0,val,726.2063637705595,2303.1756619905836,2875.4425623513366,3327.0609965358726
2023-06-02,3484.0,val,620.6466095484285,2379.3266030006876,2788.539590273604,3410.1172992435427
2023-06-03,3267.0,val,430.1882266687102,2009.6963533510323,2615.7398596310686,3046.5345526530564
2023-06-04,3021.0,val,581.0218398858751,2125.349381701553,2783.039396619579,3165.723480370517
2023-06-05,3349.0,val,635.3118535605614,1759.5868552228653,2849.169069928746,2804.5349656154217
2023-06-06,3658.0,val,696.7542604863672,1862.574391343106,2926.9096807763767,2913.0085254754595
2023-06-07,4567.0,val,726.5271196294608,2433.101860061838,2976.932154463621,3490.461625975887
2023-06-08,3464.0,val,714.77782893318,1887.1873227507565,2977.4934211435375,2948.057299565816
2023-06-09,2873.0,val,609.3521069212081,2278.054037201163,2893.2530826995417,3347.4151225072656
2023-06-10,3556.0,val,419.14097154854863,1929.557805922718,2723.135581637092,3006.1319270156337
2023-06-11,4822.0,val,569.7667074340325,2307.1621269304023,2892.5017085434315,3388.821456710229
2023-06-12,4323.0,val,623.9775880507683,2415.3993650005737,2960.697272470662,3503.082593734589
2023-06-13,4729.0,val,685.3313239515592,2428.2411390728084,3040.3198414706117,3523.3316234006006
2023-06-14,4614.0,val,715.0577445215774,2346.1368797871546,3092.076773775002,3450.3175490056265
2023-06-15,4433.0,val,703.3173864943603,1900.0667004715672,3094.2366369676724,3009.3761485622663
2023-06-16,4093.0,val,598.025517955873,2016.121175233746,3011.4909058337753,3135.03618990392
2023-06-17,3783.0,val,408.0613003770766,2129.07083864268,2842.7472558579548,3255.7042649617106
2023-06-18,4111.0,val,558.4794361425697,2413.7279784270445,3012.735939655933,3545.7584928261285
2023-06-19,4613.0,val,612.611289228076,2074.494051880986,3081.42129750363,3213.3177348551335
2023-06-20,6192.0,val,673.8764723497593,2179.7026881643355,3161.223063429142,3325.790546540553
2023-06-21,4981.0,val,703.5565162741773,2400.861638714518,3212.8907693759293,3557.9547538080033
2023-06-22,4334.0,val,691.825079003988,2136.1767834546904,3214.7110157849575,3297.173877902002
2023-06-23,2770.0,val,586.6668854406942,1456.1329625909834,3131.4141259923053,2630.409579696145
2023-06-24,3656.0,val,396.9492563822222,1704.202769131966,2961.898621644459,2886.3828199584423
2023-06-25,4245.0,val,547.1600688697661,2471.863034388313,3130.2732643607524,3659.537528518953
2023-06-26,4521.0,val,601.2129998100212,2377.812440703935,3197.1286768415684,3570.846623221015
2023-06-27,4727.0,val,662.3897482408352,1530.0752359765124,3274.71613664483,2733.432535643517
2023-06-28,4645.0,val,692.0234773645324,1876.4251062390945,3323.8368409983896,3088.516644650552
2023-06-29,5319.0,val,680.3009489552312,2377.2262002760413,3322.805348294848,3592.2321654498246
2023-06-30,2147.0,val,575.2762521068641,807.7028928859085,3236.401074275379,2033.8642449614063
2023-07-01,5223.0,val,385.804882734284,1159.9660497662396,3063.524010733284,2392.3636932461013
2023-07-02,5085.0,val,535.8086484167346,1413.6613815110873,3227.673193723096,2650.6087913653114
2023-07-03,4605.0,val,589.7827624571868,1625.3047517152627,3290.075712211855,2866.419467395104
2023-07-04,4742.0,val,650.8711941278902,1982.9357214296901,3362.8258797660374,3228.6368793051524
2023-07-05,5122.0,val,680.4586702132775,1597.6910147438223,3406.7878519442775,2850.768829057231
2023-07-06,5890.0,val,668.7450387845855,2183.891221585013,3400.3155357323553,3437.9146161538556
2023-07-07,4460.0,val,563.8536606285976,2507.7599818658764,3308.2488153303175,3766.457457205238
2023-07-08,3837.0,val,374.6282225459863,2048.127208767249,3129.500558736315,3310.0005799924456
2023-07-09,3661.0,val,524.4252175275155,2582.0095517598706,3286.9722761328685,3843.8503726936337
2023-07-10,4269.0,val,578.3206197732626,2144.0332920449778,3342.5377853033797,3407.1243771265013
2023-07-11,8083.0,val,639.3208524573508,2444.74077136386,3408.1456522171948,3707.701253379747
2023-07-12,3151.0,val,668.8621371844756,1413.8722482154815,3444.7336481927928,2681.379685093384
2023-07-13,4225.0,val,657.1573908719575,1717.9011156596557,3430.705430696429,2983.8242875313617
2023-07-14,4478.0,val,552.3991536231996,2324.4082013932643,3330.9713842857873,3590.2846679010668
2023-07-15,795.0,val,363.4193188725626,2353.36006756496,3144.4669685818044,3615.5354115270675
2023-07-16,3680.0,val,513.009818889147,1310.9649367816262,3293.5063311577824,2572.224771241554
2023-07-17,3677.0,val,566.8266143051262,2029.9055178149074,3340.6179141631783,3285.847433964565
2023-07-18,4042.0,val,627.7387656190391,2116.3871323158905,3397.6130563623133,3367.8383271394305
2023-07-19,4282.0,val,657.2339205856968,2413.0908216358775,3425.51079307537,3661.1274058871627
2023-07-20,4404.0,val,645.5380475407386,1941.493413144589,3402.7716206951086,3182.4423686918353
2023-07-21,2862.0,val,540.9127736511443,1088.0521016423113,3294.3828544532116,2325.1631786461726
2023-07-22,3285.0,val,352.17821471183015,1911.8534369990493,3099.308383881589,3141.452165796745
2023-07-23,4605.0,val,501.56249513174316,1998.8808181910435,3239.2810215650425,3217.597910456192
2023-07-24,1829.0,val,555.300788542917,1430.5260788424052,3277.4873549423137,2639.923558420534
2023-07-25,1706.0,val,616.1249759462488,949.4524225535504,3325.6054183164133,2150.543629395307
2023-07-26,1645.0,val,645.5740626680916,1020.1973147815761,3344.7383589078654,2213.486269800561
2023-07-27,3036.0,val,633.8870510578803,1497.8203906004073,3313.4056188640325,2675.583468260456
2023-07-28,2899.0,val,529.3945632161501,1332.3110233780872,3196.6727319666825,2499.3106042221507
2023-07-29,1458.0,val,340.9049530042677,973.9508668745383,2993.5325758895524,2128.3910729787103
2023-07-30,3498.0,val,490.0832888285692,1661.4019190052363,3125.137259063463,2800.9523553149884
2023-07-31,4001.0,val,543.7431849201125,1565.3919642795313,3155.329549888993,2689.255151855273
2023-08-01,1962.0,val,604.4795257158212,1221.635639749808,3195.652546306841,2331.6018279518266
2023-08-02,2921.0,val,633.8826056264684,1546.0969425654005,3207.2907584968298,2640.5252513479254
2023-08-03,3790.0,val,622.2044436339698,1848.1469754785,3168.8190657152395,2924.2825443046463
2023-08-04,3048.0,val,517.8445647652547,1173.706482777658,3045.3768995265827,2236.4823102005225
2023-08-05,1172.0,val,329.5995766330908,461.2358285462892,2835.981106382402,1508.1618997743876
2023-08-06,1093.0,val,478.5722424961172,605.639080725641,2961.1981988998896,1634.0147950100786
2023-08-07,1835.0,val,532.1538458136035,1193.6972467777787,2985.519722742996,2201.955104537715
2023-08-08,3541.0,val,592.8024571482192,1853.2472302877852,3020.346871755947,2841.776396179205
2023-08-09,1764.0,val,622.1595915993659,978.553902452418,3026.937563472124,1950.7774710799827
2023-08-10,4796.0,val,610.4902674233049,2210.496015146916,2983.9135512331595,3160.044757962019
2023-08-11,4437.0,val,506.2628206888917,2365.7139224072316,2856.478964058396,3296.6075703686415
2023-08-12,3157.0,val,318.26212842432915,1963.143399795987,2643.6649151244333,2874.560176887209
2023-08-13,3049.0,val,467.0293985941824,1887.5919738960404,2765.4429635082492,2778.2195984700556
2023-08-14,2895.0,val,520.53281354377,2354.3932809335643,2786.941803208225,3223.7971775102674
2023-08-15,2107.0,val,581.0938124076039,1991.7422283457404,2819.4097866237894,2841.6234862995325
2023-08-16,3298.0,val,610.4050626691306,2490.183835085859,2824.1665893299496,3322.8180287285227
2023-08-17,2898.0,val,598.7445645239693,2027.2048421206102,2779.868874137923,2837.8821299777364
2023-08-18,4219.0,val,494.6493733209652,2346.167276986688,2651.773173501844,3140.0038648378095
2023-08-19,2707.0,val,306.89265114690227,2316.228676429055,2438.9123934454624,3090.844139524388
2023-08-20,2884.0,val,455.4547995259381,2452.7558351455,2560.651343563376,3207.148906099228
2023-08-21,2581.0,val,508.88013037455596,2556.3746366503933,2582.7421477242624,3291.311804681171
2023-08-22,2909.0,val,569.3536336019085,2589.2956692752437,2616.2676443561877,3306.1854619819073
2023-08-23,2916.0,val,598.6190608619905,2342.879724111297,2622.596247188765,3045.0620153566915
2023-08-24,2744.0,val,586.9673769779072,2286.435819607446,2580.406564094247,2968.440383139722
2023-08-25,1821.0,val,483.00426493892564,1350.3565429472837,2454.994612936822,2020.1825587381622
2023-08-26,1594.0,val,295.4911875126958,877.7139231902611,2245.382373708357,1533.4055748744004
2023-08-27,406.0,val,443.8484876380116,385.4334784497668,2370.3162449939687,1027.4465204762332
2023-08-28,562.0,val,497.19583851354514,341.76099660808745,2396.158579694789,968.8734021081274
2023-08-29,605.0,val,557.5819627829144,360.81487380949477,2433.8149245736167,974.9171645683618
2023-08-30,1780.0,val,586.80162814813,1283.0140516172157,2444.6906823350455,1884.5380163338648
2023-08-31,2183.0,val,575.1587467709985,1022.2748781293913,2407.4750824280923,1609.5847207654133
2023-09-01,2076.0,val,471.32753776384504,1748.7952171943034,2287.492714587772,2325.4287961967675
2023-09-02,167.0,val,284.05778017663744,2031.3150655287495,2083.7442733798257,2597.8847319677698
2023-09-03,223.0,val,432.2105052205593,1726.425326838702,2214.3487882205873,2283.1598067672176
2023-09-04,2839.0,val,485.4799801120358,2180.478386557436,2246.268679737767,2727.643204458828
2023-09-05,3134.0,val,545.7788419463246,2222.528571288194,2290.2237838496562,2762.492819499662
2023-09-06,3143.0,val,574.9528064417647,2295.2096174933204,2307.6484081855497,2830.4803967214657
2023-09-07,2907.0,val,563.3187158331335,2253.1194921527353,2277.235035745612,2780.783832364147
2023-09-08,2648.0,val,459.61923396049207,2226.887106514701,2164.3301433698966,2752.186166168044
2023-09-09,2619.0,val,272.5924717367732,2100.7692005565104,1967.9072644525702,2623.0802269490214
2023-09-10,2731.0,val,420.54089450734233,2230.990636701883,2105.453818994155,2749.8858853049624
2023-09-11,2946.0,val,473.73259726511594,2326.6665926328096,2144.527069551187,2842.96461398304
2023-09-12,2979.0,val,533.9443130318401,2285.9560154558085,2195.6578494805194,2802.2652623168524
2023-09-13,1345.0,val,563.0726376012161,853.2606110126032,2220.3065864884497,1375.1204214654763
2023-09-14,2609.0,val,551.4473260382875,1551.147722943309,2197.167096476995,2072.5235366849793
2023-09-15,2963.0,val,447.8793956374073,1755.730464314498,2091.606630561761,2282.0688231065405
2023-09-16,2321.0,val,261.09530473434324,1950.7775545071827,1902.5713573114786,2480.8858123821124
2023-09-17,2469.0,val,408.83969767580174,2019.1493585542798,2046.9185934664133,2552.216570631114
2023-09-18,1989.0,val,461.9537320117387,1278.8752605943969,2092.8010172129557,1818.483308420125
2023-09-19,2821.0,val,522.0784179232337,1814.7847206228823,2150.562990816115,2361.042822568418
2023-09-20,3037.0,val,551.1611634289867,2176.903147735827,2181.6941008316426,2732.154250522622
2023-09-21,2948.0,val,539.5446192045954,1999.871061702492,2164.893373659972,2560.2253007890895
2023-09-22,886.0,val,436.1080648469781,558.2154155218327,2065.5534696415984,1133.580167020581
2023-09-23,1359.0,val,249.5663216538573,742.710327068163,1882.5986611022693,1329.5083453885845
2023-09-24,3190.0,val,397.10695684713346,1594.8361594880405,2032.263238633746,2190.058078645161
2023-09-25,2795.0,val,450.1434263347964,1873.864052886203,2083.3013191202267,2478.829882987928
2023-09-26,2892.0,val,510.1811984484245,1993.9359407832694,2145.8786252652903,2610.255125068496
2023-09-27,2884.0,val,539.2184256718333,2057.0656548093143,2181.5220712200667,2687.5075621472997
2023-09-28,2763.0,val,527.6106370944261,2116.4131865428,2168.944708791698,2756.9073543333507
2023-09-29,2543.0,val,424.3052835855134,2054.964154692043,2073.5739660464064,2711.0862072932105
2023-09-30,1826.0,val,238.00556492317062,1130.7454888499594,1894.3221770845053,1803.5959694091648
2023-10-01,2568.0,val,385.3427140863631,1893.1478717473651,2046.8119184819052,2577.891077052683
2023-10-02,2482.0,val,438.30172216119587,2082.740200439652,2100.408735297944,2780.1643725681715
2023-10-03,2543.0,val,498.25269637955273,2098.0726558304805,2165.11121907302,2809.8513274614215
2023-10-04,2541.0,val,527.2444660208423,1692.7622513946592,2202.495154243148,2424.2782944520477
2023-10-05,2387.0,val,515.6454214144571,1455.1556288660345,2191.299489374259,2199.505996309997
2023-10-06,2935.0,val,412.4710937933188,1761.04432643029,2096.99850515271,2522.0777136560123
2023-10-07,3076.0,val,226.41307691355948,1272.884903903592,1918.504940525658,2049.5267660614595
2023-10-08,6454.0,val,373.5470114024214,1073.5206773482287,2070.8430031424655,1864.0255908345057
2023-10-09,2363.0,val,426.4286613619328,1253.7095502761638,2124.001332339877,2057.239327876914
2023-10-10,2921.0,val,486.292953433054,1958.5258796292387,2187.824206611886,2776.113854358207
2023-10-11,3003.0,val,515.2393261115034,2077.1779671266236,2223.9487634823936,2910.767300025932
2023-10-12,2570.0,val,503.6490138157484,1668.595807155081,2211.15228653281,2513.9597940887106
2023-10-13,2980.0,val,400.6055373547707,2026.0642314621339,2114.9681863175983,2886.823617659391
2023-10-14,1055.0,val,214.78889993979638,727.779455107119,1934.321767607607,1604.8720159282998
2023-10-15,928.0,val,361.7198907482184,602.1579662657014,2083.6516584366796,1493.9408720070855
2023-10-16,2507.0,val,414.52428575216675,1400.0688413422765,2133.5803364216745,2302.6421331852407
2023-10-17,2424.0,val,474.3020112697336,736.1302747449209,2193.8092977650126,1651.0558643828435
2023-10-18,2325.0,val,503.2030475237838,1037.5936062900978,2226.0478721539434,1964.4316344357849
2023-10-19,2390.0,val,491.6214558938167,1038.7405611653053,2209.1221242638844,1971.9677836284159
2023-10-20,2181.0,val,388.70865609839143,1233.5530307567656,2108.634541177907,2177.7804405113975
2023-10-21,1798.0,val,203.13307626022566,934.6001442392334,1923.532496771628,1889.3401770466355
2023-10-22,2069.0,val,349.86139402071865,1360.6000735965952,2067.6788556990573,2322.7104180532224
2023-10-23,2647.0,val,402.5886370912948,1176.462399088485,2112.337407435842,2145.2184834262707
2023-10-24,2086.0,val,462.2799114948407,556.3188231242466,2167.0748402787985,1532.8787741994015
2023-10-25,2618.0,val,491.1356717822027,1440.3782419519903,2193.679691690742,2422.500712130721
2023-10-26,1746.0,val,479.5627891887099,421.8386207167446,2171.033180407076,1407.807358880391
2023-10-27,1567.0,val,376.78049179692346,870.3436781790023,2064.8125130383646,1862.475002638063
2023-10-28,1611.0,val,191.4456480768387,1246.77859081867,1873.9921214832652,2241.7963619032726
2023-10-29,1804.0,val,337.97156306101556,1379.741253615405,2011.8642179159642,2374.3367939276513
2023-10-30,2171.0,val,390.6217570830268,752.0049298508071,2050.336506378223,1748.116582483028
2023-10-31,1478.0,val,450.22669565814226,705.4286232819229,2098.8438234427645,1702.8160391758674
2023-11-01,1657.0,val,479.0372403559045,1525.2586378050191,2119.2557894148877,2522.5074881832797
2023-11-02,1422.0,val,467.47305518508074,323.8310478215453,2090.5099100833413,1318.8327648790164
2023-11-03,1076.0,val,364.82108616740385,275.1005250269885,1978.3584390534008,1271.0320000298702
2023-11-04,1168.0,val,179.72665753534906,714.7332941956241,1781.8024879707618,1706.831891274514
2023-11-05,972.0,val,326.0504396544061,883.4914678048549,1913.5633316121055,1868.9138025441316
2023-11-06,2323.0,val,378.62368737545916,1091.172374384853,1946.1897948418002,2070.0270129411615
2023-11-07,2296.0,val,438.1424052539974,765.4214937781119,1988.9824416111162,1739.00717040039
2023-11-08,2331.0,val,466.9077946587334,1085.1298169637832,2003.88851844428,2053.497353104296
2023-11-09,2094.0,val,455.3522953122607,1195.8227313964396,1969.8976880452262,2153.824410010212
2023-11-10,1558.0,val,352.8304808712386,628.9392531147969,1852.8324072608748,1581.8195979158008
2023-11-11,1014.0,val,167.9761467252676,347.8841849037858,1651.7150325124214,1292.4660550695664
2023-11-12,1076.0,val,314.09806553046496,96.89736191432834,1778.6906950891466,1030.671603807357
2023-11-13,1217.0,val,366.5944695611491,415.7147843837085,1806.9417864787636,1335.3160877730786
2023-11-14,1320.0,val,426.02708172143093,423.4125043321647,1845.627593859917,1331.9660765553344
2023-11-15,1679.0,val,454.7473760493065,601.9300192859203,1856.7651490726143,1501.6805185275562
2023-11-16,1779.0,val,443.20055094433366,238.27946202887526,1819.3879745268914,1123.625753268229
2023-11-17,1158.0,val,340.8087175142765,344.5012128527957,1699.3799544418857,1219.7428846307052
2023-11-18,1290.0,val,156.19415767997697,58.4629300308404,1495.7755742451525,920.7806600552746
2023-11-19,1138.0,val,302.1144823631189,860.4820180054094,1620.1352003082795,1705.5579999328536
2023-11-20,2205.0,val,354.5341451771885,824.6957850590127,1646.2641044074076,1655.2429041198948
2023-11-21,1780.0,val,413.8807664442072,452.6576444306762,1683.170452374787,1269.5450809946378
2023-11-22,1759.0,val,442.556025831088,533.1043152540752,1692.9306850346347,1338.0520036153516
2023-11-23,1959.0,val,431.0178634002099,924.9683468805628,1654.6116661442165,1712.292022710799
2023-11-24,896.0,val,328.75583764688395,66.38555568287373,1534.1480329275182,841.0870305926007
2023-11-25,557.0,val,144.38073237680737,0.0,1330.575714819616,715.9991869119202
2023-11-26,663.0,val,290.0997317707213,292.0115165407245,1454.8604559450355,1036.4647189234593
2023-11-27,1555.0,val,342.4427557052784,219.56203628567584,1481.4188268470195,946.9115916983553
2023-11-28,1013.0,val,401.703500750904,132.15893703788592,1519.0974708861256,844.1329394268739
2023-11-29,1159.0,val,430.3337852524622,674.7823576556837,1530.0216461259652,1373.6049190283916
2023-11-30,891.0,val,418.80427394369934,0.0,1493.2811634153395,542.5688168278235
2023-12-01,500.0,val,316.671882764018,0.0,1374.8511996218008,319.6978527124519
2023-12-02,53.0,val,132.53591273711038,0.0,1173.7592366985973,309.05625975489033
2023-12-03,32.0,val,278.0538553161257,468.89541090211617,1300.367658278337,1108.6160444863422
2023-12-04,51.0,val,330.3203425718023,20.358213470664367,1329.694193268258,645.1191518366496
2023-12-05,164.0,val,389.495325914986,528.7975176885553,1370.4153117188523,1136.805922263477
2023-12-06,290.0,val,418.0806955068075,427.7758277848167,1384.696548528233,1024.8341384488353
2023-12-07,335.0,val,406.55982378358533,1012.889762837146,1351.6426077610872,1593.7741972619042
2023-12-08,350.0,val,304.55689430530106,0.0,1237.2616092558892,554.5064288295357
2023-12-09,309.0,val,120.65974062633413,399.0129412189138,1040.5655747956594,956.7439481554311
2023-12-10,546.0,val,265.97689450676046,548.7344400681962,1171.3079138305518,1093.0195184702652
2023-12-11,1171.0,val,318.1669471479004,595.8157783646163,1205.100730967622,1127.213777667783
2023-12-12,1141.0,val,377.25628315487813,207.16440162906207,1250.4452416017014,728.0327234992756
2023-12-13,1307.0,val,405.79679773256936,426.548700510226,1269.542482105951,938.8147777059976
2023-12-14,1196.0,val,394.2845540736978,299.8897630840814,1241.5079369164846,800.8349683240185
2023-12-15,1080.0,val,292.4109136550943,341.2253249478839,1132.3791694609754,835.6521329137793
2023-12-16,847.0,val,108.75225785409782,496.7470728583975,941.1499616167022,982.4462867145625
2023-12-17,821.0,val,253.8688907947021,1039.1893612112767,1076.963481438083,1514.7627182398403
2023-12-18,1466.0,val,305.9826107495428,1244.4694498977356,1116.0238688614506,1710.290278316957
2023-12-19,1610.0,val,364.98641363403937,1275.3516675049734,1166.6565155016374,1733.8860337236115
2023-12-20,1052.0,val,393.48213301333374,445.775516813591,1191.0977460173049,901.8632167737344
2023-12-21,779.0,val,381.9785059129865,255.35711478376535,1168.4743018536037,702.9153279501204
2023-12-22,372.0,val,280.2339821425712,46.66837381498641,1064.8542853611016,491.79565334254113
2023-12-23,276.0,val,96.81350617426577,153.62465817008282,879.2150365012258,594.672699292817
2023-12-24,123.0,val,241.72988557674938,329.193531872432,1020.0927524260157,763.385624267565
2023-12-25,472.0,val,293.7673746376034,1133.3468686438814,1064.2857478467447,1562.495801107365
2023-12-26,482.0,val,352.68575846103545,753.2704766802019,1119.9474180927164,1180.4405781417465
2023-12-27,817.0,val,381.1367423779001,1151.6518541268154,1149.3534576624543,1577.6142119482793
2023-12-28,824.0,val,369.64172034559436,939.3518550486351,1131.646513906534,1360.7546752355427
2023-12-29,823.0,val,268.02614104179156,679.0564846483652,1032.9303538619288,1101.5449299059674
2023-12-30,899.0,val,84.84352728502222,936.2223463657372,852.1715433709624,1358.2804139015034
2023-12-31,782.0,val,229.55992019449695,377.7430445553472,997.3062694388036,798.0774874672269
2024-01-01,556.0,test,821.7022740019119,1062.8028042141068,871.0617164696987,1092.8513319866254
2024-01-02,645.0,test,866.7486875129555,816.1847146552611,939.0531436618041,860.9427868711806
2024-01-03,903.0,test,890.1009830889168,1087.262773913689,979.3397509607969,1138.6141712344565
2024-01-04,909.0,test,891.2565369132114,907.9334132644383,987.8267686760751,963.6036869746821
2024-01-05,757.0,test,757.4875337424102,263.1815814428792,860.6901381909818,321.84467862220595
2024-01-06,435.0,test,549.9301458347672,0.0,666.0644104758103,0.0
2024-01-07,322.0,test,705.6037785766739,0.0,817.4670431023646,52.586312084320184
2024-01-08,566.0,test,785.4621957667447,258.0699947935978,902.4345843926301,324.42413374075466
2024-01-09,592.0,test,854.4672636644824,534.9943595941121,975.0144009290755,603.671353243893
2024-01-10,567.0,test,875.025029311752,615.3861163621161,1001.255217783601,685.7684022373564
2024-01-11,658.0,test,879.8995072989836,244.28943626704202,1008.6051417837609,316.8235249085726
2024-01-12,605.0,test,742.7315036322249,643.2861406581414,877.4924173280622,717.163815009367
2024-01-13,405.0,test,525.3431895272428,0.0,666.2959175801509,23.02132115820973
2024-01-14,555.0,test,691.421001518747,786.9632706162133,836.8082756197125,863.8664549137732
2024-01-15,943.0,test,773.2510113416877,389.3370811469777,921.9435812213942,468.21549539097384
2024-01-16,826.0,test,843.1439965191191,447.5770990501343,997.4430766859484,528.6574667909997
2024-01-17,541.0,test,864.0611024711118,437.940391459411,1023.6981902838929,519.5432542050146
2024-01-18,880.0,test,869.1259538050771,727.9796073058999,1033.3289129415784,810.8523235538021
2024-01-19,613.0,test,732.1201449435446,454.50256483884726,902.2613424352409,540.8335151420841
2024-01-20,440.0,test,514.9431251084154,753.701161481814,692.9903697498208,840.8715317541071
2024-01-21,555.0,test,680.8904992968024,965.6140508057695,863.2295427514333,1053.642042125258
2024-01-22,937.0,test,762.6682994554069,548.4818633316106,949.6205648685504,636.9903776125502
2024-01-23,1182.0,test,832.4962250600357,706.8603353497829,1024.8672463473513,797.0133451072397
2024-01-24,1040.0,test,853.3995792233171,841.5893973438092,1052.0866562208284,931.507429286751
2024-01-25,1393.0,test,858.4494857160668,1010.397861243162,1061.4824730346581,1101.5538310543204
2024-01-26,931.0,test,721.5486132881059,534.4993014456555,931.2503798747873,625.8432089300451
2024-01-27,1150.0,test,504.52943926805904,973.788779943582,721.9159673298009,1065.7270164375448
2024-01-28,1166.0,test,670.346274691713,1309.2414290399665,892.56624333937,1400.5995296235087
2024-01-29,1537.0,test,752.0523348889903,1458.4359326067793,978.6809849206687,1549.283958744833
2024-01-30,1834.0,test,821.82284072434,1540.7101594308788,1054.311692379689,1631.0370091648442
2024-01-31,1827.0,test,842.7022647264837,1281.6882170386143,1081.3703049606659,1371.7844507033637
2024-02-01,1240.0,test,847.7440267145189,477.7746504402167,1091.1695400227388,567.6893978518096
2024-02-02,1265.0,test,710.9415939109067,657.8553928628667,961.0135053593463,746.6152029554403
2024-02-03,1566.0,test,494.08515980461243,1209.3060824778158,752.2920248928685,1295.7140486368219
2024-02-04,1122.0,test,659.7672270433364,789.0034663825134,922.92322140412,874.5797140529415
2024-02-05,2015.0,test,741.4051480283078,1476.2226886522985,1009.5015918094022,1559.4727807627355
2024-02-06,2083.0,test,811.1152932233462,1543.2591499416162,1085.380721660986,1625.3240181047408
2024-02-07,1636.0,test,831.973281943649,995.487896374665,1113.0966910493553,1075.92345879859
2024-02-08,1437.0,test,837.0048351186875,990.494913464025,1123.4250491394764,1068.6665595589452
2024-02-09,1474.0,test,700.3024900283308,848.5950541646132,994.2474727887748,924.7583574408391
2024-02-10,1139.0,test,483.60723154042694,529.6261960150141,786.4928517025214,603.2549114219996
2024-02-11,660.0,test,649.1558337678039,471.7150372931708,958.0903448650806,543.8885006247053
2024-02-12,1360.0,test,730.7246679882207,691.5742579287237,1045.6816691164954,761.5664188400015
2024-02-13,1577.0,test,800.3753329903935,1316.3456219907926,1122.8692410798683,1384.0574348851146
2024-02-14,1557.0,test,821.2112076140046,1142.6096283008812,1151.9534629629914,1207.6039257130067
2024-02-15,2048.0,test,826.2331396565705,1577.3138653185565,1163.9321297124786,1639.6181082800554
2024-02-16,1906.0,test,689.6303215645587,1108.1414161875148,1036.571350417944,1168.185157208495
2024-02-17,1231.0,test,473.09651744926106,490.5792031377077,830.9479253226528,549.6535922188151
2024-02-18,1779.0,test,638.5114215074402,1028.4276972363768,1004.4433831338973,1085.2563827982558
2024-02-19,1373.0,test,720.0115025826499,715.0119168243425,1094.2341242822865,770.9939218452257
2024-02-20,1535.0,test,789.6024995652793,786.659723912694,1173.7203429701067,841.6566194882572
2024-02-21,2040.0,test,810.4164720527104,1432.8281756753593,1205.3572782605033,1485.5735460493283
2024-02-22,1104.0,test,815.4286278758894,494.49009043579395,1220.000715136366,546.8986001721858
2024-02-23,1260.0,test,678.925395483651,607.7506241448735,1095.6135929864245,660.1590649041833
2024-02-24,1354.0,test,462.55280814676587,870.6362028102593,893.1263285219325,922.2391636346367
2024-02-25,1738.0,test,627.8342114350482,1288.3483375539986,1069.6229897751875,1339.4328714437822
2024-02-26,1742.0,test,709.2655138593834,1134.0457002131084,1162.5764161623324,1185.5625479753528
2024-02-27,1792.0,test,778.7969543812804,815.8359909038829,1245.3843293227055,869.2090097734974
2024-02-28,1654.0,test,799.588987009122,677.9547222236802,1280.464379200586,732.8303540135498
2024-02-29,1799.0,test,804.5914197072541,1000.3260636380103,1298.6899332013586,1056.3031762344997
2024-03-01,1311.0,test,668.1876581796641,566.2542403446216,1178.065105902373,624.6580311317645
2024-03-02,1668.0,test,451.97619487533166,1192.156535347189,979.5015040922261,1252.0795997708121
2024-03-03,2135.0,test,617.1241740123936,1591.6993720159862,1159.6603093850326,1653.8489542797884
2024-03-04,1671.0,test,698.4867728852694,728.8015547214943,1256.4125091898618,796.4274919586926
2024-03-05,1663.0,test,767.9586845464333,474.45669340156115,1343.0519170032194,546.4631779084914
2024-03-06,972.0,test,788.7288095573073,340.32746609736375,1382.0403244878828,417.70543012611734
2024-03-07,1746.0,test,793.7215138671472,698.4982706449784,1404.186970541743,781.0337751723578
2024-03-08,1824.0,test,657.4171570847682,1275.3501087721097,1287.6027920813372,1363.0818233290452
2024-03-09,2119.0,test,441.3666845912268,1321.741647452127,1093.115040421555,1414.821194133444
2024-03-10,1830.0,test,606.381349946961,1181.02014756631,1277.0154199724145,1280.9380203885526
2024-03-11,2032.0,test,687.675292117219,1332.2926401980792,1377.5204168216578,1440.7148008087888
2024-03-12,1806.0,test,757.0877260046464,718.3027185633057,1467.8632021577525,835.7706526291862
2024-03-13,1558.0,test,777.835956013996,817.9097889101487,1510.5082467353382,944.1321497691598
2024-03-14,2239.0,test,782.818943021654,1621.9852040230658,1536.2361989521642,1756.4338567810264
2024-03-15,1767.0,test,646.613911286619,1185.6818982546085,1423.2323112176764,1330.0847835135771
2024-03-16,1146.0,test,430.72430784978417,613.6460815335984,1232.2690833937647,769.1720618527953
2024-03-17,2366.0,test,595.6057602323615,1045.4083301822202,1419.244093401746,1211.9002315915764
2024-03-18,1280.0,test,676.8311004146666,433.9965533814359,1522.7440130351122,612.6756700148879
2024-03-19,2305.0,test,746.1841009868963,1401.3601827559448,1615.9226819916494,1591.6393787517204
2024-03-20,3061.0,test,766.910454094666,1810.8177481536059,1661.2687386455368,2013.2155033890162
2024-03-21,1552.0,test,771.88373029635,845.5750753452285,1689.5207003543437,1061.7756913282847
2024-03-22,2679.0,test,635.7779477924352,1624.4512065584527,1578.9569349124245,1853.5743885583297
2024-03-23,617.0,test,420.04908856677866,430.24962080568474,1390.285982819005,674.0128039087153
2024-03-24,635.0,test,584.7974313627099,438.21943823590095,1579.0284969952766,697.7597855846656
2024-03-25,2173.0,test,665.954222014693,1462.044291010185,1684.1353649054881,1735.3667692143986
2024-03-26,2452.0,test,735.2478355427629,1589.4799158490753,1778.6965479683342,1877.6075955199894
2024-03-27,1753.0,test,755.9523282949744,1278.7346424911832,1825.22212811516,1581.4014342838752
2024-03-28,1168.0,test,760.9159014659633,1026.7690883212383,1854.4227789279994,1346.8712727580407
2024-03-29,2170.0,test,624.9092913647261,1697.5692426561436,1744.6696312909055,2031.9419385470906
2024-03-30,1686.0,test,409.3410524938896,1530.644556071777,1556.6206839843808,1881.0167039152402
2024-03-31,2001.0,test,573.9563882654224,1469.3878088703934,1745.4216540561972,1836.5947902144062
2024-04-01,557.0,test,655.0446824250097,906.7647143043571,1850.3999866466947,1291.8136625598431
2024-04-02,1777.0,test,724.2789546266155,1427.69586320266,1944.5850407710896,1829.971052128023
2024-04-03,1575.0,test,744.9616039881482,850.1014044797001,1990.5203268529883,1269.330390133428
2024-04-04,1787.0,test,749.9154815378104,1127.4935014639314,2018.8930895694389,1563.0102455078318
2024-04-05,2460.0,test,614.0079673702089,1727.2518954240095,1908.1785478027418,2178.5868223142134
2024-04-06,3064.0,test,398.60022484317346,1938.5867526242555,1718.9894225962848,2406.1680551444933
2024-04-07,3224.0,test,563.0826562820705,1764.8093077992999,1906.1075904006411,2249.5507022455067
2024-04-08,3279.0,test,644.1025067722614,2075.110566085313,2009.242493479603,2576.2873295458476
2024-04-09,2395.0,test,713.2774834749017,1074.9153981529253,2101.3730753539944,1594.4595243276187
2024-04-10,2016.0,test,733.9383062765639,1037.7485914157282,2145.0822376815913,1575.2483355218178
2024-04-11,3007.0,test,738.8824957094273,1721.6571488234365,2171.043235952358,2274.6858185077676
2024-04-12,3081.0,test,603.0740009813171,1904.1716018106458,2057.8412712488675,2472.648519090704
2024-04-13,3301.0,test,387.8266309529072,1827.2204443995338,1866.0524477348579,2410.703470799812
2024-04-14,3283.0,test,552.1762606131942,2030.7597364577664,2050.1008353607094,2629.78007361635
2024-04-15,1744.0,test,633.1277202649917,731.5151816498399,2150.085301794938,1347.7737439832329
2024-04-16,1801.0,test,702.2434472201331,776.6094865561317,2238.9397057149586,1408.7508405339674
2024-04-17,1198.0,test,722.8824603136528,593.8385722565531,2279.293073659766,1241.0422257958999
2024-04-18,1392.0,test,727.8169691001793,676.3539144619483,2301.8093423282626,1337.9713046012134
2024-04-19,1085.0,test,592.1074174000258,438.31740136775295,2185.1893115400153,1114.1794780546593
2024-04-20,1051.0,test,377.02029610098225,450.4152715795145,1989.9763688949224,1139.3916276511209
2024-04-21,667.0,test,541.2372264739336,182.20971635554645,2170.2416385898396,884.6867468700231
2024-04-22,1750.0,test,622.1203480638997,605.8294639146609,2266.4760456247336,1320.9386009408727
2024-04-23,1514.0,test,691.176870999099,439.0009864315648,2351.5717676244562,1167.0286204822187
2024-04-24,1796.0,test,711.794091213695,861.1291956768064,2388.2058397738583,1599.8832912407981
2024-04-25,2051.0,test,716.7189268265062,1119.0757773393907,2407.035002958467,1868.9277211169601
2024-04-26,5853.0,test,581.1082417951359,1627.3400760705463,2286.8763748040183,2386.756290565517
2024-04-27,8072.0,test,366.18124555722676,1762.236976350211,2088.241485355965,2531.105951103299
2024-04-28,7419.0,test,530.2655790504257,1704.9698521986531,2264.848452686845,2483.355312257194
2024-04-29,3725.0,test,611.0804153182244,2108.54903346053,2357.57947774329,2896.5470330606954
2024-04-30,3586.0,test,680.0777799225542,2312.3929641497944,2439.2835557585045,3108.6749219402773
2024-05-01,3723.0,test,700.6732240771214,2230.9444731083045,2472.6839456260673,3036.1774675175243
2024-05-02,2726.0,test,705.5883939808508,1507.3990002613527,2488.4274765792115,2321.078224537373
2024-05-03,1835.0,test,570.0764993198716,668.0060208890234,2365.444492124164,1491.282867891408
2024-05-04,3538.0,test,355.3095045687595,1582.9241274578987,2164.2108099838774,2411.778219979204
2024-05-05,3464.0,test,519.2613435120461,1446.6109000001104,2338.0876363705743,2282.1081315563933
2024-05-06,2246.0,test,600.0079471555663,1262.3746223522057,2428.343142495819,2103.9659970102293
2024-05-07,2544.0,test,668.9461990837347,845.2167842628041,2507.7778638412146,1694.1182585962447
2024-05-08,1276.0,test,689.5198839834417,503.8158323424126,2539.155229618631,1359.2891307948385
2024-05-09,2744.0,test,694.4253956375846,1526.0791535555766,2553.1058320696748,2385.5212872426155
2024-05-10,3037.0,test,559.012215106967,2003.0575340395858,2428.666203489174,2866.826720606223
2024-05-11,2964.0,test,344.405098364114,1873.7506659543014,2226.269242118263,2741.7941267200827
2024-05-12,3330.0,test,508.22454500799563,2123.7874813421354,2398.9117795748966,2996.0097835302918
2024-05-13,4000.0,test,588.9029686847588,2001.1549792533358,2488.239639594645,2877.6261882561857
2024-05-14,4514.0,test,657.7821535559895,2337.6736150946044,2566.996513522209,3218.0099774856317
2024-05-15,3101.0,test,678.3340959932451,1667.2352416043886,2597.977349496018,2551.584147802856
2024-05-16,3164.0,test,683.2299568513658,1647.4398498308917,2611.787575716408,2535.2621279041387
2024-05-17,1697.0,test,547.915414270063,941.172036951783,2487.560757096532,1834.0617698600595
2024-05-18,3293.0,test,333.4680521521025,1220.3962736584713,2285.6776169765108,2115.0930519930075
2024-05-19,3924.0,test,497.1552086682776,1604.7847677503248,2458.7615632025554,2502.8118145338613
2024-05-20,4487.0,test,577.7655049950829,2144.9553990092254,2548.8262992407826,3045.7441214995342
2024-05-21,1444.0,test,646.5856683934641,996.0711520443879,2628.549277403177,1900.835181675498
2024-05-22,2705.0,test,667.1158851476591,1396.4317937497212,2660.7474806251153,2304.6453405521456
2024-05-23,1876.0,test,672.0021026576184,1086.099613490569,2675.9918421296525,1997.2571305860395
2024-05-24,3213.0,test,536.7861219033344,1193.7984748648555,2553.5036120181126,2108.4782199318506
2024-05-25,2317.0,test,322.49839112215284,1158.7306143694318,2353.6023045285983,2076.5176396507604
2024-05-26,4847.0,test,486.0533596034421,1888.6920874708462,2528.529311947816,2809.1554856544244
2024-05-27,2868.0,test,566.5955811565063,1158.702611381841,2620.657297205502,2082.983379536421
2024-05-28,2182.0,test,635.3567686309278,1265.6937476706144,2702.589181025656,2194.862964705963
2024-05-29,2613.0,test,655.8652764685204,1431.4716728668532,2737.155973577429,2363.4439448372423
2024-05-30,1523.0,test,660.7418580724176,1007.9813528158306,2754.886513191638,1944.257641088043
2024-05-31,416.0,test,525.6243630816141,76.865471758577,2635.082469342483,1018.7930183493289
2024-06-01,239.0,test,311.49614044423413,0.0,2437.995444792259,877.0326677185217
2024-06-02,1393.0,test,474.9190229046777,975.6863061350871,2615.4788793940133,1925.2957823249228
2024-06-03,1296.0,test,555.3932222196362,519.5664043732024,2710.2583689885873,1474.6124220835065
2024-06-04,3817.0,test,624.0954792838415,1885.7682627457352,2794.8571959540277,2844.8605725116818
2024-06-05,3919.0,test,644.5822949583458,1951.900885830295,2832.1157952295393,2915.7606493484445
2024-06-06,3932.0,test,649.4492480925409,2056.1984450754926,2852.5169731674523,3025.233587084082
2024-06-07,3044.0,test,514.430162860377,1442.3107262015992,2735.4394096094265,2417.7340070907035
2024-06-08,2661.0,test,300.4613252688962,1385.659426512887,2541.0641698774507,2366.230057224122
2024-06-09,2526.0,test,463.7522236438041,793.7300757830412,2720.855043806686,1781.5696869313865
2024-06-10,2889.0,test,544.1584532157503,1442.773934477967,2817.88895190467,2437.015991942022
2024-06-11,3073.0,test,612.8018253483572,959.0218978171208,2904.6089771404268,1961.2834227798517
2024-06-12,5120.0,test,633.2669656003593,1410.960151699514,2943.8650572499578,2419.331988269926
2024-06-13,3931.0,test,638.1242976954721,1894.2378147289496,2966.0947984993973,2909.281246691637
2024-06-14,4574.0,test,503.20354627576353,1381.454178502914,2850.7553400745533,2403.555891806861
2024-06-15,2650.0,test,289.39397072727763,931.0414563113837,2657.9594883322043,1960.801713343382
2024-06-16,5143.0,test,452.55298687329366,1451.5879989529394,2838.7846314903154,2488.1050204351345
2024-06-17,3793.0,test,532.8912991568085,1720.7221889976154,2936.6623556519085,2764.0853955260964
2024-06-18,4256.0,test,601.4758318013373,2536.172470541982,3023.9599261822004,3586.7401400088675
2024-06-19,4786.0,test,621.9193133585038,2567.0952681177255,3063.5417624538836,3625.3818019759274
2024-06-20,3880.0,test,626.7670318394202,1848.097730435934,3085.805949692653,2915.005944948642
2024-06-21,2180.0,test,491.9445383445925,907.7367226396755,2970.2942957020578,1982.8254299411371
2024-06-22,2706.0,test,278.294101931123,1107.4333987010389,2777.058286293599,2189.9542923010404
2024-06-23,3747.0,test,441.3213376262845,1439.4256330145872,2956.796685348757,2529.965404393449
2024-06-24,4139.0,test,521.5917850354678,2275.1422482101184,3053.303469763379,3372.3903603348144
2024-06-25,5096.0,test,590.1175236003687,2505.7482611558703,3138.878680121722,3610.2581381951913
2024-06-26,2586.0,test,610.5393631774571,1613.3476126983883,3176.4102199711124,2725.3121939858206
2024-06-27,3269.0,test,615.3774754633326,1926.1427040940123,3196.26614378359,3045.2738990187822
2024-06-28,3812.0,test,480.6531640643768,2268.0562939704687,3078.082722255417,3393.3276106884796
2024-06-29,4060.0,test,267.16174397279747,2057.662130757953,2881.8603955509707,3188.7547909492673
2024-06-30,2980.0,test,430.0573009165962,1338.0322306763883,3057.930155541066,2476.8644696234373
2024-07-01,2315.0,test,510.2599358250981,1225.5777857394264,3150.4588903957647,2370.4710846098783
2024-07-02,4152.0,test,578.7269256837782,1061.3356409562464,3231.6905123050565,2212.571747728216
2024-07-03,1439.0,test,599.1271399826463,872.2596684259944,3264.547607895275,2028.71755918751
2024-07-04,3171.0,test,603.955653486911,1470.461031343873,3279.3795711087632,2630.6559202664307
2024-07-05,4338.0,test,469.32944841333756,1961.2551852584327,3155.9284809439087,3124.8353366920437
2024-07-06,2036.0,test,255.9969219253011,1468.7250892032362,2954.1552222296423,2634.612195210334
2024-07-07,1110.0,test,418.7609017387438,523.0485628312548,3124.034737669017,1694.5929205707528
2024-07-08,3330.0,test,498.8957764797959,1714.4293119111687,3210.1178694457512,2886.8985825841874
2024-07-09,5224.0,test,567.3040629706456,2439.189652272661,3284.6036653967494,3612.2716943955957
2024-07-10,3335.0,test,587.6826686802622,1921.2975820127508,3310.460406337006,3095.7696474102067
2024-07-11,3364.0,test,592.501590810625,1781.2156599429786,3318.029650514878,2956.2357960441495
2024-07-12,2310.0,test,457.97341635041926,1402.77639960014,3187.1697295864906,2577.6353644510555
2024-07-13,2402.0,test,244.7996608422845,982.3800988325174,2977.8122079065083,2157.1138886165863
2024-07-14,4645.0,test,407.43216506795363,1837.8528203345365,3139.586096756886,3009.3560234246065
2024-07-15,3715.0,test,487.49933193440023,2079.275217214556,3217.4352859080827,3247.3098387759446
2024-07-16,2814.0,test,555.8489603608211,1482.9666103627364,3283.5229367751554,2648.8673250106344
2024-07-17,6920.0,test,576.2059741572751,1285.1897262357795,3300.8714209389404,2447.477273082465
2024-07-18,4512.0,test,581.0153123157281,2340.3254925706315,3299.822353596903,3496.3585452627517
2024-07-19,4037.0,test,446.58509281530496,2236.808030393285,3160.357524987472,3386.593844148691
2024-07-20,731.0,test,233.56998575806355,1209.2408228276315,2942.3858826687874,2352.551697416467
2024-07-21,3073.0,test,396.07111586017754,1806.979312109652,3095.1968144050625,2942.3302808769986
2024-07-22,2773.0,test,476.0706271045067,1351.379564340023,3164.132279589856,2479.429443679077
2024-07-23,3455.0,test,544.3616427349381,1509.586553278907,3221.324213976779,2628.505125690244
2024-07-24,3093.0,test,564.6970812814492,1935.0105333157883,3229.852932631894,3044.1511231784143
2024-07-25,3066.0,test,569.4968428642719,2208.3471905865345,3220.0632488519177,3306.232400194092
2024-07-26,2849.0,test,435.16450272843065,2285.396036833726,3072.062679000474,3371.333683707361
2024-07-27,4372.0,test,222.30792168763404,1810.1497626024895,2845.7391531696376,2883.04617269571
2024-07-28,3925.0,test,384.67777905210795,1385.1898943249275,2990.0434953846743,2446.4252719393926
2024-07-29,3623.0,test,464.6096868864826,2326.242106471159,3050.7153881632375,3373.0754203124898
2024-07-30,3861.0,test,532.8421349544286,2519.24888945386,3099.8547362235236,3551.203911818065
2024-07-31,3387.0,test,553.1560149013569,2217.911698920004,3100.59811125761,3234.28607387689
2024-08-01,3030.0,test,557.9462072991213,1863.5582288102048,3083.291077150192,2865.0218909859827
2024-08-02,3229.0,test,423.7116709910007,1116.0761434559881,2928.1635308232653,2101.9198956404116
2024-08-03,4492.0,test,211.01349362668722,1231.5034222155723,2695.0783713880232,2199.9607960318895
2024-08-04,5571.0,test,373.25217956119315,1630.5532608527178,2832.643330986893,2581.800217367562
2024-08-05,2766.0,test,453.1165361574825,1657.98577449721,2886.989931344204,2591.441500096193
2024-08-06,2959.0,test,521.290461861539,2460.6875634078647,2930.1797776497515,3375.0803118535932
2024-08-07,2891.0,test,541.5827998463948,1728.75519008616,2925.398647310422,2624.8029108670466
2024-08-08,2152.0,test,546.3634304439688,1213.5117999674437,2902.985166123568,2091.2367350256845
2024-08-09,3444.0,test,412.22662248500194,2157.0122385623763,2743.2831713673627,3014.6682061161705
2024-08-10,3352.0,test,199.6867265516239,1962.9652498205178,2506.121592194513,2800.7243375005664
2024-08-11,3394.0,test,361.7943422856513,2355.677505676692,2639.7558065126705,3173.383312491907
2024-08-12,3315.0,test,441.59119977546163,2270.3166720990757,2690.698770389575,3068.3055622709353
2024-08-13,2632.0,test,509.70664827934314,2250.4104425636037,2730.963233000072,3028.5877133777876
2024-08-14,2486.0,test,529.9774609267971,2056.802278655057,2723.7730912560028,2815.370925306969
2024-08-15,4781.0,test,534.7485371033499,2332.340117632124,2699.448579851679,3071.496607483336
2024-08-16,2757.0,test,400.7093820732194,1951.3226299035039,2538.435560085957,2670.7240660312555
2024-08-17,3551.0,test,188.3276454195702,1181.8578530460386,2300.5168799869316,1882.3444015853752
2024-08-18,1230.0,test,350.30429210448625,425.00843118929276,2433.5834470641407,1107.07657710065
2024-08-19,876.0,test,430.0337025791921,619.2423829156406,2484.5167253117356,1283.1901094944494
2024-08-20,2701.0,test,498.0907190117587,1181.4522929538762,2525.2678730223265,1826.4320043767739
2024-08-21,2984.0,test,518.3400229336518,1462.5403742689493,2519.085995741273,2088.8416707351234
2024-08-22,3625.0,test,523.1015520626576,2116.6783987250756,2496.26002162049,2724.6315128394035
2024-08-23,4271.0,test,389.15997459925035,2214.0622648751064,2337.3248266088,2804.0020952723808
2024-08-24,2818.0,test,176.93627516839157,2127.678583350898,2102.004347994907,2700.4721728513987
2024-08-25,793.0,test,338.78205387750154,843.5105478215653,2237.812566483251,1401.8818071625506
2024-08-26,1496.0,test,418.4440693882768,807.3333632722929,2291.986568272424,1351.5554810155843
2024-08-27,2412.0,test,486.44269884356123,1721.1298441719755,2336.403607124323,2249.315560011425
2024-08-28,2993.0,test,506.6705106389142,2455.3652758495864,2334.3258870830164,2968.2857804354753
2024-08-29,2969.0,test,511.4225000881569,2431.7318407240714,2315.999291451139,2931.5528097276074
2024-08-30,2469.0,test,377.5784248875194,2275.9834603114373,2162.036250388708,2763.6106346578526
2024-08-31,2422.0,test,165.5126407167082,1949.7420040960133,1932.0908750221276,2425.9455345607457
2024-09-01,2513.0,test,327.22765244531564,1967.730355215286,2073.290034184684,2433.5459114185724
2024-09-02,2673.0,test,406.8223250031644,1879.8663021515185,2133.216170161544,2336.5277947004874
2024-09-03,3057.0,test,474.7626125403987,2211.8307360264007,2183.6632744893836,2659.6527629594675
2024-09-04,2561.0,test,494.9689487954225,1660.4733078796696,2187.89781958694,2100.7573887349718
2024-09-05,2764.0,test,499.711405927,2136.8784638890575,2176.1144954870397,2570.1808531092784
2024-09-06,1979.0,test,365.96475774329343,1464.5962315846664,2028.9957105387439,1893.3347206111775
2024-09-07,2433.0,test,154.05676696390978,1926.3663727490625,1806.1189962731733,2349.5181928795155
2024-09-08,1691.0,test,315.6411126293766,1002.8174891304717,1954.2183460251886,1423.0344820365958
2024-09-09,1245.0,test,395.1684942051644,841.7521812906843,2021.215954463682,1260.6356073317934
2024-09-10,2107.0,test,463.0504848488069,1226.4772524947653,2078.8180755887465,1643.9636259797323
2024-09-11,1950.0,test,483.23536213691216,1048.4682923335868,2090.2917015475327,1465.340770950968
2024-09-12,1661.0,test,487.96829430724085,498.5590416652192,2085.777439063318,917.2536089181687
2024-09-13,1047.0,test,354.3189979526961,4.28820593425263,1946.0255111725273,424.8997321918165
2024-09-14,321.0,test,142.56867879017025,0.0,1730.5356593020417,178.58593345004726
2024-09-15,1324.0,test,304.022459231977,472.18988789345565,1885.648886743413,898.1207376445016
2024-09-16,747.0,test,383.48260175646163,21.24088064580158,1959.627268189817,452.42405906940667
2024-09-17,2481.0,test,451.3063404962237,1227.299009116648,2024.0906326778681,1662.8310171958663
2024-09-18,2544.0,test,471.469775378031,1693.16206077273,2042.3085630177216,2134.298074711498
2024-09-19,2729.0,test,476.19318993785,1901.851557201101,2044.3705184503433,2350.1582458679536
2024-09-20,2853.0,test,342.641170282723,1833.727007928624,1911.098180142029,2290.0357741600146
2024-09-21,2288.0,test,131.04840105646272,1679.7899102089355,1701.9180515249661,2144.6462315963404
2024-09-22,2390.0,test,292.37171703626865,1622.730932808586,1862.7837244736556,2097.4612126264255
2024-09-23,2523.0,test,371.76467240013125,980.7748385898715,1942.3028810854937,1466.1415644715967
2024-09-24,2562.0,test,439.53020419100415,1629.190847171138,2012.0157193028972,2126.1944464347434
2024-09-25,2726.0,test,459.67221321435346,1694.9775539669463,2035.201823035852,2203.318308693932
2024-09-26,1602.0,test,464.38611750872906,765.2028541889811,2041.9076144463509,1286.2303826531188
2024-09-27,1436.0,test,330.93129948125596,633.0106320198834,1913.0348637601676,1167.1485128376457
2024-09-28,868.0,test,119.49595860457413,318.1069578824869,1707.9461673236908,866.2795788501267
2024-09-29,1701.0,test,280.6889108062773,1241.0895724034112,1872.2178337522303,1802.612300054923
2024-09-30,1773.0,test,360.01473086015307,969.0304988663798,1954.813181465289,1544.1722375835184
2024-10-01,1780.0,test,427.72210062243477,883.7430136449987,2027.2036056652419,1473.5780362435903
2024-10-02,1539.0,test,447.8427003223957,1018.7035430183657,2052.6898524963904,1623.4990562972353
2024-10-03,1241.0,test,452.54710169072575,467.817909755767,2061.286868473347,1088.064929866809
2024-10-04,720.0,test,319.1894102770781,187.3887793600993,1933.9882808587774,822.7568064739305
2024-10-05,619.0,test,107.91137625712017,124.64778451886534,1730.104919705793,774.7826231727074
2024-10-06,2257.0,test,268.9740652869175,925.3827596636902,1894.8484096086274,1589.5534815245155
2024-10-07,2546.0,test,348.2328018414267,1680.118341225946,1977.5498572015986,2357.75359467799
2024-10-08,2296.0,test,415.8820544607487,950.1710819315281,2049.6244489762116,1643.3254594987477
2024-10-09,2628.0,test,435.98126135962997,1739.9791548242904,2074.4066563457222,2447.336146415334
2024-10-10,1479.0,test,440.67616713564837,727.6285070996003,2081.8925444589895,1450.1314084487105
2024-10-11,2164.0,test,307.41552737988843,653.1720368028838,1953.1800259866402,1390.5165283479978
2024-10-12,2448.0,test,96.29467881756023,808.9328703600385,1747.5405913884183,1559.240294749542
2024-10-13,1683.0,test,257.2272052040072,628.7929294027726,1909.8336916076062,1392.3893609285383
2024-10-14,2271.0,test,336.41891002978616,893.3880423197843,1989.7699119350775,1669.3002098722095
2024-10-15,2409.0,test,404.01009035714003,849.8598222388987,2058.7199925398745,1638.8212284172955
2024-10-16,2731.0,test,424.08792096449974,1138.3956606464653,2080.0634964583787,1938.5219500033752
2024-10-17,3297.0,test,428.77333847628057,1758.8240260090079,2083.788646370795,2569.1067443036873
2024-10-18,2558.0,test,295.6096754803168,799.7015052072297,1951.1081627749977,1621.67859349638
2024-10-19,1773.0,test,84.64589107021175,1003.306666487391,1741.2643761106237,1834.2251551647894
2024-10-20,1549.0,test,245.44835526428272,693.4597030315873,1898.774496699394,1534.0777382627066
2024-10-21,3182.0,test,324.57308009201455,1591.9427022502748,1973.7373845926775,2439.923817168606
2024-10-22,2753.0,test,392.106232943779,960.30582437836,2037.4878978350898,1815.9396706490095
2024-10-23,1871.0,test,412.16270375643404,478.7903024336508,2053.4585709747107,1342.1344050093903
2024-10-24,2317.0,test,416.83864032639616,765.885067146668,2051.6370647717745,1634.9103722907025
2024-10-25,2260.0,test,283.77187924993825,758.0249467603651,1913.3574175163076,1631.7180257011405
2024-10-26,1317.0,test,72.96503778026545,395.67369413728494,1697.8387312137756,1273.5510464583901
2024-10-27,1756.0,test,233.63754015541318,1015.4745794709303,1849.261444712921,1895.8364529015325
2024-10-28,2489.0,test,312.69533667585864,1199.820199010938,1918.116830510231,2082.2158628459774
2024-10-29,2796.0,test,380.17050683382587,1545.20538401015,1975.707596472774,2428.571933730763
2024-10-30,2328.0,test,400.2056343358622,1182.8574771589308,1985.5221449936182,2066.8959368175692
2024-10-31,1877.0,test,404.8720972807734,698.9441438826761,1977.549743303666,1583.077265608838
2024-11-01,1848.0,test,271.9021633412881,1294.5059455276212,1833.2470401057371,2175.976462531725
2024-11-02,1084.0,test,61.25214369379995,256.6310362248254,1611.8105415449463,1136.9296796581687
2024-11-03,1062.0,test,221.79478454601556,428.26158808673927,1757.0840273348538,1305.2066385782637
2024-11-04,2433.0,test,300.785704410044,624.6986745211915,1819.9499303425685,1497.2474539198972
2024-11-05,2520.0,test,368.2029366214466,931.7345847325685,1871.6771409512828,1798.9127751226497
2024-11-06,2353.0,test,388.21673728422877,767.8550215189007,1875.807441500249,1629.317694662189
2024-11-07,2286.0,test,392.87373391521027,502.1361099040197,1862.328528792636,1356.9936211854194
2024-11-08,1826.0,test,260.00055238787627,342.66375981439177,1712.8156720835589,1190.0296786512952
2024-11-09,1615.0,test,49.50723353779625,343.15339256143614,1486.4382177540908,1181.5503408157301
2024-11-10,1030.0,test,209.92011308566904,275.0923951522839,1626.6983110243514,1104.6829438563095
2024-11-11,1963.0,test,288.8442079042889,384.44342831991423,1684.8633371384449,1204.060442646781
2024-11-12,2030.0,test,356.20354688182664,393.0050152127352,1732.161898397525,1202.3214077253563
2024-11-13,1896.0,test,376.1960371640076,244.48713313258264,1732.1820396940652,1042.767692848291
2024-11-14,2210.0,test,380.8435747865384,731.4671330906431,1714.9022746665792,1516.983539982337
2024-11-15,2108.0,test,248.0670710042024,381.20682664928165,1562.008280179437,1154.359169288028
2024-11-16,1565.0,test,37.73033202015296,947.7646275200199,1332.6336863732051,1706.812896923575
2024-11-17,1118.0,test,198.01355040493013,452.7273468525121,1469.9302832400106,1198.6900507525056
2024-11-18,1846.0,test,276.8708717493199,646.8754532472097,1525.5407185109814,1378.9802806507323
2024-11-19,1909.0,test,344.172362171186,392.8646604748388,1570.6436309418366,1110.4911295499742
2024-11-20,1492.0,test,364.1435585187171,774.7183527956291,1568.8632960717343,1478.0183450079846
2024-11-21,1688.0,test,368.7816444326383,135.76797974449926,1550.1588189673328,825.2303741219685
2024-11-22,800.0,test,236.10174378577003,488.3338203260588,1396.3157705932845,1162.9261795813763
2024-11-23,783.0,test,25.921463829700457,521.277134489186,1166.4215283949882,1179.6014234544314
2024-11-24,1062.0,test,186.07512111534678,992.3474030278211,1303.2671540389736,1633.7906186318103
2024-11-25,2252.0,test,264.86572051688574,1192.366318426109,1358.8595493895623,1818.02297771052
2024-11-26,2070.0,test,332.109407026794,837.1118731752808,1404.3167328867662,1448.3728403355906
2024-11-27,2114.0,test,352.0593258729345,800.4592845944529,1403.2885374406942,1395.8793808470325
2024-11-28,1512.0,test,356.6879673724537,395.7299711323559,1385.7041334661294,975.8426559239347
2024-11-29,1597.0,test,224.10459530910168,491.3134310441278,1233.4385119243536,1056.8441162416334
2024-11-30,1135.0,test,14.080653636216255,557.9603182831335,1005.5226381063129,1108.0301122885326
2024-12-01,888.0,test,174.10484980947365,59.246193477268136,1144.377182855536,595.3301157683011
2024-12-02,1648.0,test,252.82877875977255,171.7337585858736,1202.3633332999518,691.8165028923843
2024-12-03,1980.0,test,320.01470596698334,484.0697131602807,1250.5291914793345,989.6683326613794
2024-12-04,1592.0,test,339.9433637323106,362.94290992160774,1252.5411482379677,854.8855077591928
2024-12-05,1787.0,test,344.5625681060062,639.6773791092739,1238.2898903438781,1117.2483694049367
2024-12-06,1015.0,test,212.07565013175324,188.750077453981,1089.7316239125971,652.4017726974022
2024-12-07,933.0,test,2.2079260904390026,11.980149223811395,865.8332913796899,462.5795960089596
2024-12-08,905.0,test,162.10276106088625,47.153529742063796,1008.6383246567672,485.1901062346987
2024-12-09,1292.0,test,240.76007101181796,18.577350418360638,1070.8552930361434,444.96679728311716
2024-12-10,1472.0,test,307.88828349116545,282.8446242547896,1123.456386414277,697.7591583774315
2024-12-11,1584.0,test,327.79569658358446,308.2471973289355,1130.1190723084255,711.8612731731992
2024-12-12,1728.0,test,332.4054711144099,280.57903260408636,1120.6907227400723,673.5346088719429
2024-12-13,1353.0,test,200.01493279232864,119.0619789802964,977.2044529905595,502.03497082244957
2024-12-14,910.0,test,0.0,47.47845655981325,758.5596319356937,420.1788876308465
2024-12-15,1078.0,test,150.06887942419596,380.87938862971134,906.4198051659605,744.3532543388856
2024-12-16,1806.0,test,228.65962178792623,869.5088602510625,973.8383422943563,1223.4723700846068
2024-12-17,1911.0,test,295.7301640798445,905.701392061099,1031.709945014748,1252.3987312794068
2024-12-18,1905.0,test,315.61634889459765,799.4557786396649,1043.7221729979053,1138.3536644029255
2024-12-19,1684.0,test,320.21670085988603,450.5470241336959,1039.6788041548443,782.7655839304141
2024-12-20,1144.0,test,187.92246781049474,147.91316906009823,901.6901416659939,475.54091193375746
2024-12-21,955.0,test,0.0,104.99371606567209,688.5890255014423,426.24069318274337
2024-12-22,363.0,test,138.0032294350645,0.0,841.6610513088347,251.4431424858526
2024-12-23,563.0,test,216.52745558408247,365.1954895744138,914.3063580906869,677.7214218097672
2024-12-24,247.0,test,283.5403721946323,276.1716126876313,977.3450788874534,585.2107843871181
2024-12-25,418.0,test,303.4053451143092,927.0095496528552,994.4783003302805,1232.0830270113456
2024-12-26,306.0,test,307.9962817857774,316.4396426017786,995.4702489593894,619.6575470446794
2024-12-27,423.0,test,175.7982796869955,0.0,862.5128993062685,274.0769030584341
2024-12-28,517.0,test,0.0,359.49238930046215,654.3776746329622,657.8995086953008
2024-12-29,658.0,test,125.90583561021856,821.1701028110914,811.9780684210207,1117.4986230508357
2024-12-30,537.0,test,204.3635968773675,52.696622197920284,889.0666960579974,349.5594724659205
2024-12-31,678.0,test,271.3189322782628,774.6309890351874,956.3955880855474,1070.14009219327
2025-01-01,662.0,test,291.1627096728102,1261.2954919186325,977.6861324432996,1554.9750955721147
2025-01-02,493.0,test,295.74423831656316,173.2271924457527,982.6701644224136,467.6510272814785
2025-01-03,418.0,test,163.64239290366694,437.0966862532312,853.628694843999,733.3955712026874
2025-01-04,368.0,test,0.0,0.0,649.279475235048,167.07515147790264
2025-01-05,289.0,test,113.77672244746444,35.85667782384698,810.1721172691985,332.517648047705
2025-01-06,918.0,test,192.16807012597235,897.9954377176514,890.419522738667,1195.1662339980421
2025-01-07,1532.0,test,259.0658687546067,576.611238327918,960.7139098591326,876.3259854082897
2025-01-08,1017.0,test,278.88846698133784,319.88255974495326,984.8052802913483,620.7083278051564
2025-01-09,1607.0,test,283.46059485787316,721.2895711316812,992.4014843627003,1023.4292451259012
2025-01-10,1470.0,test,151.45483192345156,361.8802860354357,865.880884103178,667.6513710302888
2025-01-11,789.0,test,0.0,37.073629833381716,663.9159549752492,345.212941550942
2025-01-12,750.0,test,101.61591442570264,160.60259382383623,826.7009970634567,470.6416723481987
2025-01-13,1489.0,test,179.9408997692127,555.8682759047952,908.7170583379068,867.8306934827854
2025-01-14,1510.0,test,246.78120602868577,516.9874170696135,980.6045852692605,831.1231029011052
2025-01-15,924.0,test,266.58264143229064,0.0,1006.1499600430147,286.1062289017498
2025-01-16,1174.0,test,271.14537579650266,224.7570372365501,1015.044617027115,542.689248734978
2025-01-17,1087.0,test,139.23562119041304,51.30742518891241,889.7714614044771,371.29730377929013
2025-01-18,757.0,test,0.0,0.0,688.9646866508119,238.29303552257124
2025-01-19,965.0,test,89.42343600494243,777.6642577466321,852.4701797614458,1099.8257591523154
2025-01-20,1555.0,test,167.68211022754372,779.9111156202835,935.1430634066822,1103.2840801828174
2025-01-21,1693.0,test,234.46496848668778,886.6218420259684,1007.5778725100978,1211.8183327177774
2025-01-22,1486.0,test,254.24525739924246,592.1900734157628,1033.6027197619842,918.9258658932897
2025-01-23,1492.0,test,258.7986055004267,503.0284464364715,1042.8975527018374,830.0812339970909
2025-01-24,1917.0,test,126.9847851297506,965.8691695870024,918.0541633474119,1292.6360211248682
2025-01-25,1426.0,test,0.0,687.4246406218576,717.6724159716113,1014.1129041735602
2025-01-26,1138.0,test,77.19931162631647,458.69082665040946,881.2534649842672,786.9817567947222
2025-01-27,1676.0,test,155.3917259025743,365.6724790615597,964.029059531253,693.4951904163293
2025-01-28,1029.0,test,222.11718049598073,0.0,1036.5501649330772,311.0139160669056
2025-01-29,1826.0,test,241.8763392369574,867.8689526926557,1062.688333591861,1195.843318145029
2025-01-30,1764.0,test,246.42030831881476,836.961230122421,1072.1132111681727,1164.6313722415653
2025-01-31,1321.0,test,114.70234814781384,258.3831208523401,947.5259923841504,585.965217411565
2025-02-01,858.0,test,0.0,0.0,747.4922734973188,318.3716429825158
2025-02-02,801.0,test,64.94356571209539,30.704732147521142,911.1682216259966,356.8501163997864
2025-02-03,1527.0,test,143.06977117708203,105.20661279216975,994.1608064711232,430.14134957216214
2025-02-04,1829.0,test,209.73786640512762,591.3715083418582,1066.975805252871,914.3854105300476
2025-02-05,1707.0,test,229.47591128140405,882.3456211301735,1093.5259768981841,1203.303383555634
2025-02-06,1598.0,test,234.0105085820453,208.3670567323328,1103.4679460089746,528.4009265165312
2025-02-07,1345.0,test,102.38833463211708,374.85865807517297,979.6089801980181,692.4748679736562
2025-02-08,1402.0,test,0.0,785.5575484085268,780.4767012044517,1100.118169279728
2025-02-09,909.0,test,52.65622266570233,486.3615143384418,944.8783636211988,799.4666925494198
2025-02-10,1647.0,test,130.71627041502717,541.7273758767244,1028.7911978485192,852.665550798765
2025-02-11,1374.0,test,197.32705054390067,102.66861168521442,1102.670754524799,412.07726211040927
2025-02-12,1432.0,test,217.04399784977008,503.5285730660258,1130.465497618433,809.680909865187
2025-02-13,1108.0,test,221.5692306017201,230.1486636900229,1141.8132113881522,534.7586276079293
2025-02-14,949.0,test,90.04276895135388,0.0,1019.6209904395405,182.14226401087262
2025-02-15,807.0,test,0.0,125.70940582248869,822.3720580055717,427.04429531101624
2025-02-16,475.0,test,40.33730687172729,0.0,988.5183256446187,104.61395903673576
2025-02-17,1040.0,test,118.3312479615677,754.4218284153036,1074.4000448411673,1052.1387515690926
2025-02-18,1318.0,test,184.88475722329605,678.8406632744994,1150.415457630649,975.086095046958
2025-02-19,1391.0,test,204.58062324047685,930.314658990345,1180.5414348006157,1224.810958927144
2025-02-20,1588.0,test,209.0964986706789,1135.3568733824732,1194.3895599293892,1427.4031223112843
2025-02-21,1809.0,test,77.66567545541184,1268.232517614631,1074.9592311353451,1558.7906997417003
2025-02-22,1358.0,test,0.0,984.4164505896954,880.681841193984,1274.4513015409675
2025-02-23,1261.0,test,27.98684269594213,466.44129182411666,1049.6467946106213,756.8370877399894
2025-02-24,2027.0,test,105.91472814307352,1124.5704634031413,1138.549669513949,1414.3677662369157
2025-02-25,1870.0,test,172.41101073554836,690.7955173816165,1217.7241425474979,981.2597893717783
2025-02-26,1558.0,test,192.08581173319374,669.6100041418786,1251.1682994246212,961.9707458400081
2025-02-27,1607.0,test,196.59233706301384,591.477654337539,1268.4605493127056,885.063731530996
2025-02-28,1394.0,test,65.25707847538675,311.58874853128856,1152.6857352123745,607.1436017072526
2025-03-01,926.0,test,0.0,223.57775034741985,962.2169268450706,521.2197323766718
2025-03-02,1304.0,test,15.604854485314632,1075.385819945939,1134.7750664361474,1374.7726925831398
2025-03-03,1711.0,test,93.4667352671411,1267.4104174851132,1227.404836903762,1569.5749211939792
2025-03-04,1906.0,test,159.90583535414498,1357.5631773546131,1310.3698206691272,1663.3409126307747
2025-03-05,2046.0,test,179.55958758885274,1519.8580531267644,1347.6841011830165,1829.3018599550924
2025-03-06,2283.0,test,184.05677003408388,1592.3192912170143,1368.8881506129724,1906.1285032649623
2025-03-07,2254.0,test,52.817002323597364,1438.7229420244987,1257.1478344851075,1757.9259273077794
2025-03-08,2149.0,test,0.0,1284.9017153496948,1070.77405553687,1609.7129735327098
2025-03-09,2523.0,test,3.1913665680232555,1527.4128374829581,1247.1161857878042,1858.3678959686179
2025-03-10,1846.0,test,80.98729362260787,693.2969300161599,1343.5648230463305,1032.7552276279375
2025-03-11,2331.0,test,147.36925533384064,1409.9167050608967,1430.3111269307474,1756.4976733414728
2025-03-12,1708.0,test,167.00197504966272,345.0284152188069,1471.3833138516634,700.7908224170682
2025-03-13,1294.0,test,171.48982182052924,47.01300030758513,1496.2826436151095,412.213686210278
2025-03-14,1429.0,test,40.3454712935997,171.17167781517526,1388.255186126683,545.8468806840189
2025-03-15,860.0,test,0.0,0.0,1205.5495356744736,256.16344822333076
2025-03-16,814.0,test,0.0,109.61604793392004,1385.1441676839427,504.7717436773345
2025-03-17,1887.0,test,68.47642747956668,542.7654323547665,1484.7762467570087,948.7156106219147
2025-03-18,2130.0,test,134.8012949106718,1248.3601767807904,1574.5660626269503,1665.453793812083
2025-03-19,2261.0,test,154.4129983391241,1493.2041967425187,1618.5580013778638,1921.4416149045178
2025-03-20,2757.0,test,158.89151664028597,1680.755608153941,1646.2167363200385,2120.8071140698485
2025-03-21,2538.0,test,27.842509660201642,1462.4491488987337,1540.8716044824762,1915.6201096618938
2025-03-22,2623.0,test,0.0,1295.1289417188482,1360.7125905044054,1761.7040180666604
2025-03-23,1456.0,test,0.0,496.4470275008165,1542.3517264241639,978.2205637954113
2025-03-24,2111.0,test,55.93416108938035,539.5237364030246,1643.8770954860513,1035.7238161164896
2025-03-25,1773.0,test,122.20197830197121,644.596759867713,1735.343270711233,1155.7025823464544
2025-03-26,1698.0,test,141.79268166204315,367.34374808581595,1780.8163266541987,894.276428935502
2025-03-27,1753.0,test,146.26187869260025,384.5100172291226,1809.730321561322,927.3444140735103
2025-03-28,2383.0,test,15.308141679477359,824.6991916595941,1705.5041138964677,1382.3297137696989
2025-03-29,680.0,test,0.0,0.0,1526.2757979933733,490.8223764440753
2025-03-30,1936.0,test,0.0,750.6702759137945,1708.2982490951526,1340.9003128539323
2025-03-31,1704.0,test,43.36051868469609,307.2203514224579,1810.0174527329302,914.7911624323991
2025-04-01,1744.0,test,109.57132970638214,575.3659228708948,1901.4298337139608,1199.600366073938
2025-04-02,2588.0,test,129.14104920454648,1490.4420479289704,1946.630859981236,2130.464529343524
2025-04-03,3308.0,test,133.6009321580429,1730.7197528219192,1975.031891028964,2386.972290533036
2025-04-04,3753.0,test,2.742391588781828,1653.9212535710863,1870.1492540614815,2327.1049110094127
2025-04-05,3629.0,test,0.0,1253.3023663607469,1690.077303867473,1943.4657109707166
2025-04-06,2732.0,test,0.0,1148.506684780889,1870.7182069884907,1857.4097147347095
2025-04-07,2527.0,test,30.75552447946005,1318.076600076979,1970.8837202601808,2043.8347901710536
2025-04-08,2929.0,test,96.9093733038732,1526.9968285735392,2060.520291741749,2269.277619181059
2025-04-09,2655.0,test,116.45812513409554,1300.7837654931182,2103.760804455469,2060.129951913427
2025-04-10,2865.0,test,120.90870119852387,1385.7781952789258,2130.0018632389438,2161.3369473118614
2025-04-11,3184.0,test,0.0,1631.9649194689043,2022.8649489908694,2423.3860650566276
2025-04-12,3123.0,test,0.0,1540.6229465845677,1840.4082752411923,2347.7961865251973
2025-04-13,2240.0,test,0.0,863.3362436919015,2018.190906855005,1687.167699417139
2025-04-14,2749.0,test,18.119202668931493,1298.7505830183002,2115.3971150912093,2138.225674606602
2025-04-15,3203.0,test,84.21613325575221,1582.8552917688392,2201.9301357621534,2437.7233261065307
2025-04-16,3265.0,test,103.74393359950075,1545.3418691054476,2241.966606896617,2415.053794270342
2025-04-17,1804.0,test,108.18520995730636,1083.3510526764262,2264.894373437599,1969.1786853939443
2025-04-18,1157.0,test,0.0,563.0053803914915,2154.445546819121,1464.3548944106974
2025-04-19,2005.0,test,0.0,1541.835461476979,1968.6473405270851,2455.236159476548
2025-04-20,2237.0,test,0.0,1508.2821408490827,2142.7206298988444,2435.105826374096
2025-04-21,1872.0,test,5.4515774296973945,1076.2386760414688,2236.226024215664,2017.4893245134067
2025-04-22,2464.0,test,71.49163370468094,1581.88033464963,2319.027180273247,2535.679477670319
2025-04-23,2766.0,test,90.99849873093608,1584.2140547589452,2355.347503083751,2550.4050014905647
2025-04-24,1991.0,test,95.43048255902137,332.11679219618384,2374.5685635000236,1311.591464726228
2025-04-25,4598.0,test,0.0,728.296804235151,2260.5349072001895,1719.0838215493789
2025-04-26,6503.0,test,0.0,527.673722288207,2071.244068948952,1529.3368807151478
2025-04-27,7146.0,test,0.0,1599.7909982381548,2241.579698322645,2611.1046065960786
2025-04-28,3990.0,test,0.0,1863.8920007785075,2331.4785091106282,2884.6984548526007
2025-04-29,4357.0,test,58.735898774689545,2020.4869103414835,2410.7640654143834,3050.744319177607
2025-04-30,4140.0,test,78.2218446399535,2014.775103451715,2443.705335043351,3054.119805388229
2025-05-01,3557.0,test,82.64454310968226,2101.9295717989266,2459.67583567613,3149.71165642864
2025-05-02,3597.0,test,0.0,2069.583306120366,2342.6300583841407,3125.216980909203
2025-05-03,3433.0,test,0.0,981.7029052504422,2150.532881289149,2046.0439190863808
2025-05-04,1885.0,test,0.0,184.0658450124781,2317.927407205629,1257.2596033350114
2025-05-05,1201.0,test,0.0,0.0,2405.1219725900546,1076.9918767840554
2025-05-06,2230.0,test,45.9489525711908,531.1127016854184,2481.8953437285104,1618.7124654287863
2025-05-07,2912.0,test,65.41399541949731,957.4614384189924,2512.556733811818,2050.434495412387
2025-05-08,2494.0,test,69.82741569669889,664.3785697164199,2526.465813851773,1763.4987227642548
2025-05-09,2683.0,test,0.0,1268.8136441183165,2407.6806362895786,2372.7993912400625
2025-05-10,2897.0,test,0.0,1498.7539303491676,2214.126688373377,2607.055738978011
2025-05-11,3297.0,test,0.0,1782.5826361534862,2379.999606805265,2895.296856664231
2025-05-12,4130.0,test,0.0,1831.593904249461,2465.971447668656,2949.0447102547823
2025-05-13,4520.0,test,33.13081918099455,1864.7911890210157,2541.7682472445867,2986.8463131008266
2025-05-14,4760.0,test,52.574975143918415,1987.732862900706,2571.731130943891,3113.3380285770136
2025-05-15,3706.0,test,56.979124388892075,1331.1577535414744,2585.1973410070236,2461.5944014459924
2025-05-16,2977.0,test,0.0,987.9154427087445,2466.319560724684,2122.4208208356645
2025-05-17,2396.0,test,0.0,762.4515740971548,2272.97486144301,1899.9935436039773
2025-05-18,2427.0,test,0.0,1105.7050283728079,2439.002471769199,2246.4809856594297
2025-05-19,4372.0,test,0.0,1890.4769562222584,2525.42852191585,3033.9699444650196
2025-05-20,4516.0,test,20.28152267232187,1807.4706954577596,2601.9169329646083,2954.3622332304567
2025-05-21,3506.0,test,39.7048078689886,1127.5945016562446,2632.8312548376193,2278.205851114474
2025-05-22,2263.0,test,44.09969323650776,530.0295135251215,2647.476869986544,1685.0887905968634
2025-05-23,2555.0,test,0.0,857.1036246727264,2530.0916246941842,2015.158541092162
2025-05-24,2605.0,test,0.0,1109.3781109715624,2338.494927795015,2270.104226241684
2025-05-25,829.0,test,0.0,288.7592931570232,2506.1607547364,1453.3933391700834
2025-05-26,2461.0,test,0.0,765.6348386842785,2594.4600817892433,1933.3025044256099
2025-05-27,3006.0,test,7.4010870948196725,947.1467976005957,2672.9860666317945,2118.6934523398536
2025-05-28,1689.0,test,26.803517631915092,596.6860771251866,2706.116251143937,1772.0507150206095
2025-05-29,2210.0,test,31.18914627123158,908.433378554412,2723.1160969355183,2087.537669430944
2025-05-30,3566.0,test,0.0,1871.0335522806206,2608.3008255274553,3052.5960818912627
2025-05-31,3702.0,test,0.0,1966.2651294635602,2419.4249204148923,3151.020551447181
2025-06-01,2957.0,test,0.0,1463.1813852686557,2589.5905384053804,2652.9896504307144
2025-06-02,2111.0,test,0.0,615.1599306983236,2680.5068406089504,1810.8370550162654
2025-06-03,2962.0,test,0.0,1507.8141632444317,2761.6904158466796,2707.8747457478203
2025-06-04,3296.0,test,13.871128451354707,1534.316958361535,2797.5274724020232,2738.868186723556
2025-06-05,2076.0,test,18.247507506203014,607.5158765244511,2817.2388478552625,1819.0552983915316
2025-06-06,3102.0,test,0.0,1162.8662955123636,2705.212945514413,2378.531666390484
2025-06-07,1069.0,test,0.0,240.5867189848267,2519.135875548037,1463.307436570377
2025-06-08,1898.0,test,0.0,1015.7785035710292,2691.7354290690946,2244.1967512836
2025-06-09,4058.0,test,0.0,1710.1903979124554,2785.0564956110516,2944.528896548264
2025-06-10,3335.0,test,0.0,1912.2390849956323,2868.5376612775526,3152.4804050561497
2025-06-11,4288.0,test,0.9076643274284351,1900.4289227173444,2906.5729942045855,3147.5345978146083
2025-06-12,3802.0,test,5.274800936029998,2152.19375756291,2928.338650580691,3405.7473652827302
2025-06-13,3321.0,test,0.0,2155.700235731768,2818.296773629071,3415.8878788835314
2025-06-14,2540.0,test,0.0,1982.786575919278,2634.06648759155,3249.6483526558445
2025-06-15,2465.0,test,0.0,1636.0425431903072,2808.0035676550056,2910.487245672959
2025-06-16,3047.0,test,0.0,1180.6264460071648,2902.49111164658,2464.4270917617937
2025-06-17,4148.0,test,0.0,2062.3377153227857,2986.893221163948,3353.1295987177814
2025-06-18,4170.0,test,0.0,2212.6003509602497,3025.6159627301163,3510.5210813240174
2025-06-19,3973.0,test,0.0,2264.2286328461955,3047.795668617233,3569.8035704553845
2025-06-20,3692.0,test,0.0,2007.9885606132027,2937.973641667004,3321.7836604157583
2025-06-21,3841.0,test,0.0,1943.4957795775772,2753.708192758963,3264.6503270118824
2025-06-22,3206.0,test,0.0,2263.6289269163185,2926.990116849989,3592.0380503699544
2025-06-23,3466.0,test,0.0,1707.7942824607085,3020.5477649458103,3044.2914311154473
2025-06-24,5068.0,test,0.0,2245.836639402361,3103.6786938271816,3590.281556393058
2025-06-25,5017.0,test,0.0,2454.5296816216955,3140.809363908712,3805.8609028804235
2025-06-26,2957.0,test,0.0,1225.6970938136571,3161.045212767857,2584.87802847237
2025-06-27,3555.0,test,0.0,1039.5881356348505,3049.0159893562377,2407.021877092654
2025-06-28,4879.0,test,0.0,1712.8036213368423,2862.2290064356685,3086.2164524567634
2025-06-29,4283.0,test,0.0,2236.1820755204103,3032.3205148773513,3615.7479961482577
2025-06-30,4821.0,test,0.0,2323.200496809908,3122.374305675311,3709.1320053609443
2025-07-01,5093.0,test,0.0,2446.4783304386683,3201.6321973034064,3838.3661776915906
2025-07-02,4490.0,test,0.0,2113.4647246671752,3234.552016995465,3510.886026312052
2025-07-03,3792.0,test,0.0,1253.6280211093188,3250.219511443185,2657.3322276463364
2025-07-04,3892.0,test,0.0,1508.9861621796806,3133.364122064482,2917.7431482666666
2025-07-05,3907.0,test,0.0,1750.682477215451,2941.453613124693,3162.918701148782
2025-07-06,3688.0,test,0.0,916.3502984973487,3105.781427197717,2333.12306217861
2025-07-07,3009.0,test,0.0,770.5791985615645,3189.7979400309064,2190.98656605237
2025-07-08,2182.0,test,0.0,428.6696201840322,3262.7006477383848,1853.0110858925482
2025-07-09,4046.0,test,0.0,1108.5492111593387,3288.989974044197,2534.135537180672
2025-07-10,4669.0,test,0.0,1505.3505307439539,3297.7430796176345,2931.3168807557745
2025-07-11,3462.0,test,0.0,974.39266442944,3173.7998888956263,2401.1477969889315
2025-07-12,4448.0,test,0.0,1595.913011784314,2974.5992547837254,3021.7587603660986
2025-07-13,4740.0,test,0.0,1754.901057860927,3131.1023800557878,3179.356598093842
2025-07-14,3077.0,test,0.0,1025.657221687198,3207.135852166079,2449.7147634372486
2025-07-15,3556.0,test,0.0,1156.2755833116357,3271.862396970032,2577.7512643274904
2025-07-16,5801.0,test,0.0,726.0322313680618,3289.8340616309356,2144.774204025927
2025-07-17,3979.0,test,0.0,1361.4659823823156,3290.1279923675843,2776.2691881203755
2025-07-18,4387.0,test,0.0,1881.801028931241,3157.702533374636,3291.008355242831
2025-07-19,760.0,test,0.0,1692.2564609967612,2949.975100253983,3095.2112693066806
2025-07-20,3761.0,test,0.0,1837.9661679004753,3097.5817648934362,3234.032076150759
2025-07-21,2557.0,test,0.0,963.6445508497139,3164.731212256636,2354.4110586380984
2025-07-22,4306.0,test,0.0,1836.582107233237,3220.5569421683977,3218.785003163589
2025-07-23,4411.0,test,0.0,1348.4560539396657,3229.6673947651075,2721.712937710864
2025-07-24,1901.0,test,0.0,520.1319955889606,3221.143784371956,1884.970290586638
2025-07-25,2266.0,test,0.0,541.6584006635078,3080.066110317327,1895.4052083227577
2025-07-26,1572.0,test,0.0,10.313992542600658,2863.8329312325177,1353.308376290013
2025-07-27,1683.0,test,0.0,806.0552006374138,3002.757231930107,2136.513644977249
2025-07-28,1448.0,test,0.0,438.61480980022327,3061.4304667986844,1757.0348941258035
2025-07-29,2004.0,test,0.0,836.2536932868843,3108.9571131084094,2140.859664729568
2025-07-30,2453.0,test,0.0,619.035900175082,3110.001329512478,1909.3714108493245
2025-07-31,2625.0,test,0.0,1117.6242125742756,3093.6469575066467,2392.528195878033
2025-08-01,1760.0,test,0.0,608.1677653849745,2945.093308296333,1867.9609723596877
2025-08-02,633.0,test,0.0,0.0,2721.7170544932196,1154.3480179565136
2025-08-03,1528.0,test,0.0,418.7617884640946,2853.5045221690434,1645.8713114352504
2025-08-04,2138.0,test,0.0,697.1821889818435,2905.425011005859,1907.0815414520637
2025-08-05,2923.0,test,0.0,1260.0974882488617,2946.548626662865,2451.0138272168233
2025-08-06,4115.0,test,0.0,1856.3629750735388,2941.589087857594,3029.635782649291
2025-08-07,4095.0,test,0.0,2091.7249044881955,2919.626031209738,3245.5820546007
2025-08-08,3601.0,test,0.0,2146.4270853066882,2765.970462512373,3280.848667886426
2025-08-09,3226.0,test,0.0,1983.4797137149121,2537.9690057910743,3098.417999600604
2025-08-10,3296.0,test,0.0,1976.874545595732,2665.2727866280247,3073.108217942555
2025-08-11,3801.0,test,0.0,2010.110854039989,2713.21924223336,3087.018114040319
2025-08-12,4291.0,test,0.0,2200.2884259250027,2750.8341812275125,3257.191554964853
2025-08-13,5046.0,test,0.0,2324.608686736327,2742.8703758294423,3361.2183506492065
2025-08-14,3278.0,test,0.0,2194.7199289466234,2718.3923254831234,3211.8830047663614
2025-08-15,2985.0,test,0.0,1753.7321432847443,2562.8112796111327,2751.086269688627
2025-08-16,1837.0,test,0.0,662.4944067794319,2333.4321012872633,1641.9310518300222
2025-08-17,3232.0,test,0.0,1242.7653204152164,2459.558924035386,2202.6033829740327
2025-08-18,3162.0,test,0.0,1902.9943466529558,2506.884680560441,2843.1658565240946
2025-08-19,4008.0,test,0.0,2049.1646570198836,2544.3783510801254,2970.279332581279
2025-08-20,2077.0,test,0.0,890.391417666591,2536.818989551342,1793.3403266517735
2025-08-21,1070.0,test,0.0,466.5556540746469,2513.243111958249,1352.6468895501093
2025-08-22,2565.0,test,0.0,1176.377188765888,2359.1492067607583,2044.059428482412
2025-08-23,2368.0,test,0.0,588.386757621561,2131.7874776869517,1439.2619155659959
2025-08-24,3426.0,test,0.0,1314.9288619176878,2260.102461900262,2148.338522358451
2025-08-25,2307.0,test,0.0,1779.7816683144051,2310.1295109397083,2596.6158228657987
2025-08-26,2226.0,test,0.0,1862.931266430993,2350.768190457382,2663.853889458983
2025-08-27,1817.0,test,0.0,1649.5744571133873,2346.8113905183877,2435.6847415462526
2025-08-28,786.0,test,0.0,513.9570492927978,2327.2555034184056,1287.3659445568594
2025-08-29,879.0,test,0.0,864.6685828167474,2177.674335541152,1624.7352432763755
2025-08-30,1450.0,test,0.0,753.4680312698525,1955.2519893145675,1501.1377329046286
2025-08-31,2494.0,test,0.0,1657.8047268617224,2088.562624577963,2393.075211982269
2025-09-01,1465.0,test,0.0,954.0323687092434,2143.973118360236,1679.0495927050417
2025-09-02,1122.0,test,0.0,874.3472084811971,2190.303568946606,1590.521205003502
2025-09-03,2488.0,test,0.0,1681.7654430291873,2192.3511298616418,2387.9222335088375
2025-09-04,2750.0,test,0.0,1378.246089902312,2179.0631297241634,2076.2215529945315
2025-09-05,984.0,test,0.0,289.81642418168576,2036.0802856121916,983.0379155298456
2025-09-06,2320.0,test,0.0,1391.7580483089453,1820.5129689304133,2077.8028493801435
2025-09-07,2802.0,test,0.0,1537.4834617290326,1960.5582752446098,2218.522144551329
2025-09-08,2689.0,test,0.0,1247.7558186781011,2022.9080724840233,1925.2029925550146
2025-09-09,2021.0,test,0.0,717.1341093138413,2076.2975426332623,1392.9827204572437
2025-09-10,1534.0,test,0.0,387.9870601149744,2085.523359357944,1062.707619826451
2025-09-11,2551.0,test,0.0,976.8076512728538,2079.4798813338944,1649.7198237273092
2025-09-12,2200.0,test,0.0,645.6051704509962,1943.8715454442586,1319.6004775452632
2025-09-13,2258.0,test,0.0,721.6212423058985,1735.7327384414855,1396.0068645181661
2025-09-14,1360.0,test,0.0,410.0817996904701,1882.8823170092753,1087.7541574853758
2025-09-15,3036.0,test,0.0,1471.4180909554293,1952.3362306447245,2150.8969631994078
2025-09-16,2731.0,test,0.0,1177.9186060353472,2012.7450090427112,1863.1858340638398
2025-09-17,2775.0,test,0.0,1182.8506975591893,2028.90587878159,1873.4319884967808
2025-09-18,3337.0,test,0.0,1842.4711261545594,2029.662136334078,2538.0093108543333
2025-09-19,3521.0,test,0.0,1848.4978691794659,1900.7845742399213,2550.7127871429852
2025-09-20,2579.0,test,0.0,1692.0377448117838,1699.2351549406644,2401.787562810684
2025-09-21,2662.0,test,0.0,1622.4391202347892,1852.4590974603757,2341.45976631902
2025-09-22,1643.0,test,0.0,443.9262984023827,1927.801236817245,1174.9099919402488
2025-09-23,1999.0,test,0.0,280.27991809592027,1993.833339655888,1022.1547523543634
2025-09-24,1203.0,test,0.0,81.82279697932668,2015.3597313774994,835.0700975238929
2025-09-25,1866.0,test,0.0,721.924051478758,2021.179931108697,1486.041920808641
2025-09-26,1925.0,test,0.0,519.2344095352082,1897.1389408940852,1295.6175746641293
2025-09-27,1616.0,test,0.0,558.2199399748895,1700.1348954331856,1346.9376298964225
2025-09-28,2532.0,test,0.0,660.7195756435153,1857.2488100181843,1462.831885718681
2025-09-29,2133.0,test,0.0,503.4382325577635,1936.1638182771167,1319.4636608733413
2025-09-30,1504.0,test,0.0,234.78139834412107,2005.383178180283,1065.445455894923
2025-10-01,2536.0,test,0.0,1075.5902936254033,2029.7289627465896,1920.2356399135797
2025-10-02,2043.0,test,0.0,1125.5054604903235,2037.9680217687549,1984.811771338165
2025-10-03,1719.0,test,0.0,1145.8056167415352,1916.0309480661788,2019.7893299132188
2025-10-04,1130.0,test,0.0,547.1767338934364,1720.7638619088007,1434.8233951818916
2025-10-05,551.0,test,0.0,0.0,1878.895901375182,730.4584700369205
2025-10-06,1290.0,test,0.0,0.0,1958.4604689943883,846.1204773723352
2025-10-07,1857.0,test,0.0,600.4726948604228,2027.9047791312862,1534.7557831680417
2025-10-08,2428.0,test,0.0,1221.722270684695,2052.0811569068596,2170.1361958590423
2025-10-09,1904.0,test,0.0,414.4725975501448,2059.7363841651713,1378.4362385816153
2025-10-10,2532.0,test,0.0,343.4916505063322,1936.8991513472424,1322.1384768528785
2025-10-11,2698.0,test,0.0,549.2784048418808,1740.3761312776564,1541.229618475494
2025-10-12,5335.0,test,0.0,589.0078523355941,1896.5572907272067,1594.965230214896
2025-10-13,2293.0,test,0.0,449.9905278331531,1973.8382765911208,1469.9150330882076
2025-10-14,3315.0,test,0.0,931.1932958940271,2040.6223560009155,1963.8357806594224
2025-10-15,2630.0,test,0.0,966.4878448331949,2061.8038711707823,2011.367778544252
2025-10-16,2530.0,test,0.0,321.6365473548265,2066.121031400076,1379.619599062858
2025-10-17,2153.0,test,0.0,321.18256074799035,1939.7116652683703,1390.013892791119
2025-10-18,1433.0,test,0.0,344.11132478942307,1739.3537459166673,1423.2186289576189
2025-10-19,2508.0,test,0.0,730.7591822790087,1891.1086116776041,1819.5849130676654
2025-10-20,2460.0,test,0.0,479.51516723041846,1963.743633794936,1577.5929878917646
2025-10-21,3016.0,test,0.0,1192.9965283579113,2025.6274120393807,2299.026617514702
2025-10-22,2085.0,test,0.0,407.5614947784768,2041.7049470914428,1521.987455685673
2025-10-23,1865.0,test,0.0,303.07372216195967,2040.7139551940415,1424.3019179552366
2025-10-24,1800.0,test,0.0,470.96114512843786,1908.9087516622374,1599.0253703983644
2025-10-25,1259.0,test,0.0,0.0,1703.0454069956832,1109.1881251014097
2025-10-26,1556.0,test,0.0,231.58196062618865,1848.8629828172113,1368.8335220009462
2025-10-27,1225.0,test,0.0,0.0,1915.5056433134378,1063.1339921461129
2025-10-28,2305.0,test,0.0,814.7211983897851,1971.311988839334,1957.4230453843588
2025-10-29,3211.0,test,0.0,1158.6952341946007,1981.2815290547242,2302.406729261927
2025-10-30,2778.0,test,0.0,871.5293674175607,1974.154618769204,2016.119982188256
2025-10-31,2187.0,test,0.0,633.0278496234473,1836.3043265253586,1777.6739904442443
2025-11-01,1677.0,test,0.0,622.7012790197283,1624.466423893157,1765.0843523314256
2025-11-02,430.0,test,0.0,0.0,1764.058766457072,1073.5515205713639
2025-11-03,2158.0,test,0.0,645.4019039034706,1824.6020357422015,1783.490713736513
2025-11-04,2556.0,test,0.0,1195.974310482202,1874.4041166810202,2329.669581072739
2025-11-05,2443.0,test,0.0,1176.5760704302277,1878.517479263035,2305.3124349994596
2025-11-06,2120.0,test,0.0,273.87928610920363,1865.6828582198968,1398.625960887481
2025-11-07,1473.0,test,0.0,0.0,1722.388984618951,1084.9254179221173
2025-11-08,1050.0,test,0.0,0.0,1505.3476343464943,879.2686244442621
2025-11-09,885.0,test,0.0,0.0,1639.6513072525313,1049.8842415084982
2025-11-10,2285.0,test,0.0,587.6285880894529,1695.1918100110493,1679.939113391667
2025-11-11,2594.0,test,0.0,900.4842941944266,1740.240605047449,1982.8042867522295
2025-11-12,2738.0,test,0.0,1058.887259176068,1739.8967305843817,2130.6961655462583
2025-11-13,2741.0,test,0.0,1213.7249579265047,1722.8943677602692,2273.7855690855595
2025-11-14,2614.0,test,0.0,915.5119951225108,1575.830333461875,1963.8187926277872
2025-11-15,1696.0,test,0.0,521.4880307351798,1355.3844330678166,1558.1731883265584
2025-11-16,1599.0,test,0.0,523.9439586702823,1486.3156089545937,1547.9774218821226
2025-11-17,1492.0,test,0.0,50.50555145047204,1538.8775924913516,1062.351379980211
2025-11-18,2165.0,test,0.0,437.3672472954258,1581.2961671930248,1436.1292468389968
2025-11-19,2022.0,test,0.0,457.42756368657336,1578.7072720130463,1442.0604493583844
2025-11-20,1874.0,test,0.0,82.1006795591128,1559.8286127173865,1052.4891063992886
2025-11-21,1460.0,test,0.0,0.0,1411.354826236366,727.131606259599
2025-11-22,762.0,test,0.0,0.0,1189.923393079759,630.815707479905
2025-11-23,830.0,test,0.0,0.0,1319.9494353346497,903.1566897932742
2025-11-24,963.0,test,0.0,0.0,1372.0376741810094,477.5994545129117
2025-11-25,1573.0,test,0.0,0.0,1414.357555283245,819.2907606548182
2025-11-26,1330.0,test,0.0,0.0,1412.071184923173,709.602761841647
2025-11-27,1758.0,test,0.0,172.3956156592524,1393.8691451990917,1036.101641249684
2025-11-28,1693.0,test,0.0,545.6801463206871,1246.5332415374644,1393.4674736266393
2025-11-29,1074.0,test,0.0,0.0,1026.648229684533,655.2319991270552
2025-11-30,1075.0,test,0.0,110.30806573510358,1158.2754413004561,926.9741822553767
2025-12-01,1759.0,test,0.0,40.218413215526255,1212.3602805589244,842.6052487135353
2025-12-02,2051.0,test,0.0,456.75572965683443,1257.0061540284842,1244.2844807480196
2025-12-03,1859.0,test,0.0,0.0,1257.391883019104,745.1367024964602
2025-12-04,1718.0,test,0.0,0.0,1242.171874060993,569.0008515667887
2025-12-05,1247.0,test,0.0,0.0,1098.2063518678096,550.202058397293
2025-12-06,1198.0,test,0.0,0.0,882.0191447917359,667.2071920596595
2025-12-07,808.0,test,0.0,0.0,1017.3103038325453,403.2358112645621
2025-12-08,1829.0,test,0.0,305.87742761418747,1075.3583590975747,1009.8368727498706
2025-12-09,2378.0,test,0.0,1065.6009927628238,1124.193981042324,1756.8952745766587
2025-12-10,2310.0,test,0.0,972.1773734401067,1129.0064969526425,1652.0091395953045
2025-12-11,1885.0,test,0.0,233.9310442929316,1118.4085512407105,903.51716017182
2025-12-12,1711.0,test,0.0,228.37834973164763,979.3337084698989,887.3960497301687
2025-12-13,1075.0,test,0.0,0.0,768.240522320644,393.6212697629878
2025-12-14,991.0,test,0.0,0.0,908.4642942674312,546.5444257772987
2025-12-15,1715.0,test,0.0,295.17660027877804,971.6132911868132,925.6155510233014
2025-12-16,1837.0,test,0.0,0.0,1025.6430433514658,546.9310916365985
2025-12-17,1724.0,test,0.0,251.16692101962548,1035.7515720574236,864.6017804298048
2025-12-18,2194.0,test,0.0,877.256513215553,1030.508652556774,1482.462005719327
2025-12-19,1742.0,test,0.0,779.1873499005101,896.9206499509125,1377.513482049659
2025-12-20,1159.0,test,0.0,447.85965769556185,691.3810744501588,1040.5996898791086
2025-12-21,625.0,test,0.0,0.0,836.8616036939724,337.728175185263
2025-12-22,774.0,test,0.0,0.0,905.3014413149602,425.06770253678945
2025-12-23,696.0,test,0.0,0.0,964.5831343460643,475.6924724549843
2025-12-24,151.0,test,0.0,0.0,979.9160975640566,372.3107086219273
2025-12-25,228.0,test,0.0,158.18101146933697,979.8305703695567,730.045141021369
2025-12-26,237.0,test,0.0,0.0,851.4095274929009,317.4202892261599
2025-12-27,425.0,test,0.0,0.0,650.985902732765,419.02573312568654
2025-12-28,445.0,test,0.0,0.0,801.1729789989911,271.04808211076636
2025-12-29,460.0,test,0.0,0.0,874.2460492445377,235.4124550564809
2025-12-30,496.0,test,0.0,0.0,938.020616981385,441.98082993073956
2025-12-31,650.0,test,0.0,443.7873730177543,957.7237859087165,1005.6245065547711
2026-01-01,495.0,test,0.0,549.6956081459751,961.852985620716,1110.698977631678
2026-01-02,459.0,test,0.0,0.0,837.5747839024993,218.85143913739967
2026-01-03,359.0,test,0.0,122.13550440315265,641.1689468190068,684.2090012683339
2026-01-04,371.0,test,0.0,273.2746938701957,794.898287504358,836.2387197972346
2026-01-05,454.0,test,0.0,0.0,871.3817798398322,241.95221203016774
2026-01-06,503.0,test,0.0,110.08368106159939,938.3759946586506,675.987128884958
2026-01-07,891.0,test,0.0,202.39537017853988,961.1339145192894,769.5791260935929
2026-01-08,924.0,test,0.0,0.0,968.1284953920733,176.88074285158746
2026-01-09,826.0,test,0.0,195.0675387104306,846.6182012193551,764.468930940253
2026-01-10,619.0,test,0.0,0.0,652.8380632942456,0.0
2026-01-11,230.0,test,0.0,0.0,808.7090754196429,522.1321979636651
2026-01-12,583.0,test,0.0,0.0,887.2019095556934,347.5059170518256
2026-01-13,1294.0,test,0.0,488.7002866279795,956.0224392360622,1065.7324346575044
2026-01-14,1637.0,test,0.0,742.84984251048,980.4575408238179,1321.5454159455985
2026-01-15,1874.0,test,0.0,779.7917281172136,988.9635608627029,1360.3741760644477
2026-01-16,1655.0,test,0.0,682.9518578758069,868.8983977655639,1266.044970766603
2026-01-17,801.0,test,0.0,0.0,676.4597287634983,100.49378754681857
2026-01-18,750.0,test,0.0,0.0,833.2340458590055,317.5792484419272
2026-01-19,1657.0,test,0.0,601.3942280390336,912.550131593958,1190.485408485911
2026-01-20,1805.0,test,0.0,662.7039234287353,982.0695300573366,1253.6892552463316
2026-01-21,1668.0,test,0.0,623.7858662567498,1007.1189071366455,1216.3372116513028
2026-01-22,1480.0,test,0.0,0.0,1016.1435051912077,412.0835208099948
2026-01-23,1224.0,test,0.0,117.40370917397382,896.605610051517,713.268610656132
2026-01-24,716.0,test,0.0,0.0,704.6701279383785,173.82990269870152
2026-01-25,537.0,test,0.0,0.0,861.5933718210322,18.919848760576883
2026-01-26,987.0,test,0.0,2.797147954190905,941.0654723355094,599.8465845449275
2026-01-27,1681.0,test,0.0,699.4504465422312,1010.7066731032027,1296.2671548501016
2026-01-28,1664.0,test,0.0,0.0,1035.8858406411696,567.0708005894046
2026-01-29,903.0,test,0.0,0.0,1045.039006422251,400.7185492168761
2026-01-30,1277.0,test,0.0,510.1927811935146,925.7340765534751,1106.8561708579207
2026-01-31,869.0,test,0.0,242.85496663979836,734.1039604535964,838.744507742595
2026-02-01,826.0,test,0.0,158.915403510886,891.0752370617946,754.1095114400609
2026-02-02,2616.0,test,0.0,267.54115166186983,970.6986968200995,862.1617778078178
2026-02-03,1853.0,test,0.0,445.8595742510896,1040.5523577059037,1038.9603015863165
2026-02-04,1620.0,test,0.0,0.0,1066.0457362819839,524.1433065090214
2026-02-05,1734.0,test,0.0,370.38868412750503,1075.6035975947498,961.1691554852429
2026-02-06,1474.0,test,0.0,107.46396946772859,956.8967853668537,695.8697345966772
2026-02-07,1099.0,test,0.0,0.6647196848269346,766.0231241902868,586.9226908783052
2026-02-08,1053.0,test,0.0,297.7779126442009,923.5761147420914,882.2688285784359
2026-02-09,1614.0,test,0.0,0.0,1003.9628228011069,542.4041171523578
2026-02-10,1811.0,test,0.0,164.3482592880705,1074.7145305585973,745.15026411606
2026-02-11,2481.0,test,0.0,370.16068104025794,1101.2763988937913,948.3994059137374
2026-02-12,1521.0,test,0.0,101.20864939866266,1112.0565630590909,677.4452211136855
2026-02-13,1591.0,test,0.0,313.78888580667973,994.8229781381896,888.1017807918831
2026-02-14,911.0,test,0.0,0.0,805.6323322864409,71.77241254569464
2026-02-15,652.0,test,0.0,0.0,964.7389350040713,3.990377047139077
2026-02-16,888.0,test,0.0,124.9795542285288,1046.8991837996255,693.6439374458378
2026-02-17,1185.0,test,0.0,0.0,1119.590777519313,565.5443044939714
2026-02-18,1019.0,test,0.0,231.50341501898998,1148.2874120132678,797.835789925318
2026-02-19,763.0,test,0.0,0.0,1161.3733700206938,0.0
2026-02-20,467.0,test,0.0,0.0,1046.706286054672,294.9951248647599
2026-02-21,456.0,test,0.0,0.0,860.294316054298,27.81351875881046
2026-02-22,817.0,test,0.0,0.0,1022.0453893223059,490.24707904590764
2026-02-23,1504.0,test,0.0,0.0,1107.057489396122,475.28749295434454
2026-02-24,971.0,test,0.0,0.0,1182.7473593092118,352.00348264899765
2026-02-25,2573.0,test,0.0,1089.1801331518534,1214.6098756205015,1650.0337624387103
2026-02-26,2634.0,test,0.0,1256.420080869901,1230.9982818832982,1817.33205398374
2026-02-27,3898.0,test,0.0,1210.6085769611552,1119.8527768596823,1772.5332010436014
2026-02-28,3137.0,test,0.0,741.1863251834013,937.1261839868622,1305.1073982863113
2026-03-01,1402.0,test,0.0,79.35029129972202,1102.3737342687587,646.634509163187
2026-03-02,2271.0,test,0.0,842.698999187792,1191.0283939597398,1411.9126356122629
2026-03-03,2251.0,test,0.0,473.5986756430055,1270.4399849591925,1046.7724143842847
2026-03-04,2600.0,test,0.0,551.8831358270997,1306.118875165385,1128.5591436021757
2026-03-05,2439.0,test,0.0,985.3883853231268,1326.3819961806298,1565.311193814187
2026-03-06,2927.0,test,0.0,1066.3498224694035,1219.247148960442,1650.5451806354683
2026-03-07,2519.0,test,0.0,894.5319699229583,1040.6074052056495,1483.8023286583457
2026-03-08,2237.0,test,0.0,922.2583235967503,1209.6615761072799,1517.5743584232966
2026-03-09,2372.0,test,0.0,618.8737493282139,1302.1738067192896,1220.721588760252
2026-03-10,3056.0,test,0.0,1252.7571041282336,1385.4240195478365,1861.1568181145735
2026-03-11,2511.0,test,0.0,664.4338373110113,1424.9355441361022,1280.7373781801855
2026-03-12,1851.0,test,0.0,426.1153553721355,1448.9870433085612,1051.2328533311097
2026-03-13,2941.0,test,0.0,1133.8340237076063,1345.6724134065457,1766.6935798622294
2026-03-14,1361.0,test,0.0,144.49907259365335,1170.8241317683855,787.5545986482687
2026-03-15,1340.0,test,0.0,0.0,1343.2845477092894,653.1697702896878
2026-03-16,1761.0,test,0.0,24.34551613393012,1439.1489451629927,688.2817269894031
2026-03-17,1765.0,test,0.0,89.52051380688454,1525.6281974087426,765.1252357602459
2026-03-18,3161.0,test,0.0,707.0482442464572,1568.2599393736123,1393.2279344361407
2026-03-19,3796.0,test,0.0,965.9758491787621,1595.2865066371182,1663.7221988008273
2026-03-20,2746.0,test,0.0,963.2817581357986,1494.8802873733684,1673.6286109909734
2026-03-21,1491.0,test,0.0,106.58695106068308,1322.8162097230552,830.4208751227039
2026-03-22,2575.0,test,0.0,1029.1889467910958,1497.5839711427052,1765.827984131975
2026-03-23,2458.0,test,0.0,655.8194777193371,1595.613751559877,1406.883254215013
2026-03-24,3361.0,test,0.0,1107.5148292583092,1684.0519467188499,1872.7210051611826
2026-03-25,1773.0,test,0.0,521.6271391776249,1728.4554676184007,1301.811631507903
2026-03-26,1555.0,test,0.0,0.0,1757.0357774666722,715.2284080481014
2026-03-27,1609.0,test,0.0,111.34117235049632,1658.049534157266,923.6731657905858
2026-03-28,1819.0,test,0.0,380.8882442208351,1487.2203934018498,1208.243653729424
2026-03-29,667.0,test,0.0,0.0,1662.6922754316927,570.54604261589
2026-03-30,1033.0,test,0.0,0.0,1761.236895325284,786.2612933156393
2026-03-31,1309.0,test,0.0,116.10090198780117,1849.943426384005,993.5938911402097
2026-04-01,1557.0,test,0.0,384.1462877338005,1894.3954970640423,1277.8385452547914
2026-04-02,1439.0,test,0.0,241.5494787800562,1922.7813976422092,1152.1918875262422
2026-04-03,1762.0,test,0.0,609.9662256877792,1823.4498399323343,1536.675339548205
2026-04-04,741.0,test,0.0,0.0,1652.081240819386,914.6953250255865
2026-04-05,2440.0,test,0.0,1302.3054337880135,1826.4821153576856,2261.459366999515
2026-04-06,2348.0,test,0.0,1096.9267475736447,1923.7735830281076,2074.406452112654
2026-04-07,2907.0,test,0.0,1434.5180436310757,2010.9958046018814,2428.8546620200395
2026-04-08,3337.0,test,0.0,1388.588934815358,2053.767241376344,2400.1802317686456
2026-04-09,2714.0,test,0.0,954.7194681138961,2080.2610987472317,1983.680286244759
2026-04-10,1371.0,test,0.0,1.1262127370935673,1978.9260269226038,1047.7195118810926
2026-04-11,3329.0,test,0.0,889.7113717374518,1805.4070477107869,1951.4128356516226
2026-04-12,1137.0,test,0.0,42.108066174854,1977.1811627784894,1121.703050874643
2026-04-13,2720.0,test,0.0,248.6691637195314,2071.72599652201,1344.3756467898008
2026-04-14,4252.0,test,0.0,173.14065455024095,2156.0398518791717,1285.3765816884024
2026-04-15,3259.0,test,0.0,310.47468645291104,2195.7828011601314,1437.9985305145262
2026-04-16,4000.0,test,0.0,998.2959501801233,2219.119439213025,2140.069405450101
2026-04-17,3975.0,test,0.0,1355.4460931945277,2114.60435597951,2511.7149308428907
2026-04-18,3477.0,test,0.0,1034.0964609107239,1937.852877563575,2204.773318299765
2026-04-19,1618.0,test,0.0,505.9161422503978,2106.0179879758225,1691.9307809115078
2026-04-20,3534.0,test,0.0,1064.792686436024,2196.93828090621,2264.833772313218
2026-04-21,3398.0,test,0.0,840.8222526047236,2277.574491406152,2055.112648526961
2026-04-22,3695.0,test,0.0,1293.451817240208,2313.6320012842025,2520.186643672083
2026-04-23,4157.0,test,0.0,1505.7616673637265,2333.269988934313,2744.2795251166376
2026-04-24,7053.0,test,0.0,1446.9785845280967,2225.151520201508,2697.479096064313
2026-04-25,8471.0,test,0.0,1326.9684544941001,2044.864291079365,2588.724457346027
2026-04-26,6998.0,test,0.0,1269.393621808551,2209.2389785402497,2542.7978874359987
2026-04-27,4061.0,test,0.0,1431.2964023450554,2296.4756923373257,2715.4644394165402
2026-04-28,3997.0,test,0.0,1272.3232898247263,2373.4978576717704,2567.0379062777824
2026-04-29,3983.0,test,0.0,1313.0518572551034,2406.055737988727,2617.8546610078865
2026-04-30,3332.0,test,0.0,1371.8686702805444,2422.3020885331425,2686.3478117024206
